source,periodType,date,instrument,period,uom,value
GFI,BITR,2026-08-03,TD3,2026-08-01,WSC,429.44
GFI,BITR,2026-08-03,TD20,2026-08-01,WSC,207.5
GFI,BITR,2026-08-03,TD7,2026-08-01,WSC,213.33
GFI,BITR,2026-08-03,TD8,2026-08-01,WSC,310.67
GFI,BITR,2026-08-03,TD25,2026-08-01,WSC,380.56
GFI,BITR,2026-08-03,TD22,2026-08-01,LSM,19.444444
GFI,BITR,2026-08-03,TD19,2026-08-01,WSC,243.06
GFI,M,2026-08-03,TD3,2026-08-01,WSC,405.0
GFI,M,2026-08-03,TD20,2026-08-01,WSC,200.0
GFI,M,2026-08-03,TD7,2026-08-01,WSC,192.0
GFI,M,2026-08-03,TD8,2026-08-01,WSC,250.0
GFI,M,2026-08-03,TD25,2026-08-01,WSC,340.0
GFI,M,2026-08-03,TD22,2026-08-01,LSM,18.0
GFI,M,2026-08-03,TD19,2026-08-01,WSC,240.0
GFI,M,2026-08-03,TD3,2026-09-01,WSC,350.0
GFI,M,2026-08-03,TD20,2026-09-01,WSC,205.0
GFI,M,2026-08-03,TD7,2026-09-01,WSC,170.0
GFI,M,2026-08-03,TD8,2026-09-01,WSC,210.0
GFI,M,2026-08-03,TD25,2026-09-01,WSC,270.0
GFI,M,2026-08-03,TD22,2026-09-01,LSM,16.75
GFI,M,2026-08-03,TD19,2026-09-01,WSC,200.0
GFI,M,2026-08-03,TD3,2026-10-01,WSC,295.0
GFI,M,2026-08-03,TD20,2026-10-01,WSC,190.0
GFI,M,2026-08-03,TD7,2026-10-01,WSC,165.0
GFI,M,2026-08-03,TD8,2026-10-01,WSC,190.0
GFI,M,2026-08-03,TD25,2026-10-01,WSC,258.0
GFI,M,2026-08-03,TD22,2026-10-01,LSM,16.75
GFI,M,2026-08-03,TD19,2026-10-01,WSC,165.0
GFI,M,2026-08-03,TD3,2026-11-01,WSC,270.0
GFI,M,2026-08-03,TD20,2026-11-01,WSC,186.0
GFI,M,2026-08-03,TD7,2026-11-01,WSC,162.0
GFI,M,2026-08-03,TD8,2026-11-01,WSC,200.0
GFI,M,2026-08-03,TD25,2026-11-01,WSC,250.0
GFI,M,2026-08-03,TD22,2026-11-01,LSM,16.5
GFI,M,2026-08-03,TD19,2026-11-01,WSC,153.0
GFI,M,2026-08-03,TD3,2026-12-01,WSC,260.0
GFI,M,2026-08-03,TD20,2026-12-01,WSC,182.0
GFI,M,2026-08-03,TD7,2026-12-01,WSC,159.0
GFI,M,2026-08-03,TD8,2026-12-01,WSC,205.0
GFI,M,2026-08-03,TD25,2026-12-01,WSC,242.0
GFI,M,2026-08-03,TD22,2026-12-01,LSM,16.25
GFI,M,2026-08-03,TD19,2026-12-01,WSC,150.0
GFI,M,2026-08-03,TD3,2027-01-01,PMT,38.0
GFI,M,2026-08-03,TD20,2027-01-01,PMT,29.35
GFI,M,2026-08-03,TD7,2027-01-01,PMT,15.1
GFI,M,2026-08-03,TD8,2027-01-01,PMT,23.5
GFI,M,2026-08-03,TD25,2027-01-01,PMT,42.75
GFI,M,2026-08-03,TD22,2027-01-01,LSM,14.0
GFI,M,2026-08-03,TD19,2027-01-01,PMT,15.75
GFI,M,2026-08-03,TD3,2027-02-01,PMT,35.0
GFI,M,2026-08-03,TD20,2027-02-01,PMT,26.35
GFI,M,2026-08-03,TD7,2027-02-01,PMT,14.6
GFI,M,2026-08-03,TD8,2027-02-01,PMT,22.5
GFI,M,2026-08-03,TD25,2027-02-01,PMT,42.75
GFI,M,2026-08-03,TD22,2027-02-01,LSM,14.0
GFI,M,2026-08-03,TD19,2027-02-01,PMT,14.75
GFI,M,2026-08-03,TD3,2027-03-01,PMT,32.0
GFI,M,2026-08-03,TD20,2027-03-01,PMT,23.35
GFI,M,2026-08-03,TD7,2027-03-01,PMT,14.1
GFI,M,2026-08-03,TD8,2027-03-01,PMT,21.5
GFI,M,2026-08-03,TD25,2027-03-01,PMT,42.75
GFI,M,2026-08-03,TD22,2027-03-01,LSM,14.0
GFI,M,2026-08-03,TD19,2027-03-01,PMT,13.75
GFI,Q,2026-08-03,TD3,2026-10-01,WSC,275.0
GFI,Q,2026-08-03,TD20,2026-10-01,WSC,186.0
GFI,Q,2026-08-03,TD7,2026-10-01,WSC,162.0
GFI,Q,2026-08-03,TD8,2026-10-01,WSC,198.333333
GFI,Q,2026-08-03,TD25,2026-10-01,WSC,250.0
GFI,Q,2026-08-03,TD22,2026-10-01,LSM,16.5
GFI,Q,2026-08-03,TD19,2026-10-01,WSC,156.0
GFI,Q,2026-08-03,TD3,2027-01-01,PMT,35.0
GFI,Q,2026-08-03,TD20,2027-01-01,PMT,26.35
GFI,Q,2026-08-03,TD7,2027-01-01,PMT,14.6
GFI,Q,2026-08-03,TD8,2027-01-01,PMT,22.5
GFI,Q,2026-08-03,TD25,2027-01-01,PMT,42.75
GFI,Q,2026-08-03,TD22,2027-01-01,LSM,14.0
GFI,Q,2026-08-03,TD19,2027-01-01,PMT,14.75
GFI,Q,2026-08-03,TD3,2027-04-01,PMT,26.0
GFI,Q,2026-08-03,TD20,2027-04-01,PMT,19.75
GFI,Q,2026-08-03,TD7,2027-04-01,PMT,13.4
GFI,Q,2026-08-03,TD8,2027-04-01,PMT,20.5
GFI,Q,2026-08-03,TD25,2027-04-01,PMT,38.75
GFI,Q,2026-08-03,TD22,2027-04-01,LSM,11.5
GFI,Q,2026-08-03,TD19,2027-04-01,PMT,13.25
GFI,Q,2026-08-03,TD3,2027-07-01,PMT,18.5
GFI,Q,2026-08-03,TD20,2027-07-01,PMT,17.3
GFI,Q,2026-08-03,TD7,2027-07-01,PMT,12.8
GFI,Q,2026-08-03,TD8,2027-07-01,PMT,19.1
GFI,Q,2026-08-03,TD25,2027-07-01,PMT,35.75
GFI,Q,2026-08-03,TD22,2027-07-01,LSM,10.5
GFI,Q,2026-08-03,TD19,2027-07-01,PMT,13.0
GFI,Q,2026-08-03,TD3,2027-10-01,PMT,20.5
GFI,Q,2026-08-03,TD20,2027-10-01,PMT,21.8
GFI,Q,2026-08-03,TD7,2027-10-01,PMT,14.0
GFI,Q,2026-08-03,TD8,2027-10-01,PMT,21.2
GFI,Q,2026-08-03,TD25,2027-10-01,PMT,39.15
GFI,Q,2026-08-03,TD22,2027-10-01,LSM,11.5
GFI,Q,2026-08-03,TD19,2027-10-01,PMT,15.0
GFI,Q,2026-08-03,TD3,2028-01-01,PMT,18.25
GFI,Q,2026-08-03,TD20,2028-01-01,PMT,20.3
GFI,Q,2026-08-03,TD7,2028-01-01,PMT,14.7
GFI,Q,2026-08-03,TD8,2028-01-01,PMT,22.25
GFI,Q,2026-08-03,TD25,2028-01-01,PMT,35.75
GFI,Q,2026-08-03,TD22,2028-01-01,LSM,10.2
GFI,Q,2026-08-03,TD19,2028-01-01,PMT,15.55
GFI,Q,2026-08-03,TD3,2028-04-01,PMT,16.25
GFI,Q,2026-08-03,TD20,2028-04-01,PMT,18.3
GFI,Q,2026-08-03,TD7,2028-04-01,PMT,12.7
GFI,Q,2026-08-03,TD8,2028-04-01,PMT,20.25
GFI,Q,2026-08-03,TD25,2028-04-01,PMT,33.75
GFI,Q,2026-08-03,TD22,2028-04-01,LSM,8.2
GFI,Q,2026-08-03,TD19,2028-04-01,PMT,13.55
GFI,A,2026-08-03,TD3,2027-01-01,PMT,25.0
GFI,A,2026-08-03,TD20,2027-01-01,PMT,21.3
GFI,A,2026-08-03,TD7,2027-01-01,PMT,13.7
GFI,A,2026-08-03,TD8,2027-01-01,PMT,20.825
GFI,A,2026-08-03,TD25,2027-01-01,PMT,39.1
GFI,A,2026-08-03,TD22,2027-01-01,LSM,11.875
GFI,A,2026-08-03,TD19,2027-01-01,PMT,14.0
GFI,A,2026-08-03,TD3,2028-01-01,PMT,16.25
GFI,A,2026-08-03,TD20,2028-01-01,PMT,18.3
GFI,A,2026-08-03,TD7,2028-01-01,PMT,12.7
GFI,A,2026-08-03,TD8,2028-01-01,PMT,20.25
GFI,A,2026-08-03,TD25,2028-01-01,PMT,33.75
GFI,A,2026-08-03,TD22,2028-01-01,LSM,8.2
GFI,A,2026-08-03,TD19,2028-01-01,PMT,13.55
GFI,A,2026-08-03,TD3,2029-01-01,PMT,14.75
GFI,A,2026-08-03,TD20,2029-01-01,PMT,17.05
GFI,A,2026-08-03,TD7,2029-01-01,PMT,12.6
GFI,A,2026-08-03,TD8,2029-01-01,PMT,19.7
GFI,A,2026-08-03,TD25,2029-01-01,PMT,32.0
GFI,A,2026-08-03,TD22,2029-01-01,LSM,8.0
GFI,A,2026-08-03,TD19,2029-01-01,PMT,13.25
GFI,BITR,2026-08-04,TD3,2026-08-01,WSC,429.44
GFI,BITR,2026-08-04,TD20,2026-08-01,WSC,176.94
GFI,BITR,2026-08-04,TD7,2026-08-01,WSC,212.08
GFI,BITR,2026-08-04,TD8,2026-08-01,WSC,315.42
GFI,BITR,2026-08-04,TD25,2026-08-01,WSC,369.44
GFI,BITR,2026-08-04,TD22,2026-08-01,LSM,19.166667
GFI,BITR,2026-08-04,TD19,2026-08-01,WSC,244.33
GFI,M,2026-08-04,TD3,2026-08-01,WSC,395.0
GFI,M,2026-08-04,TD20,2026-08-01,WSC,175.0
GFI,M,2026-08-04,TD7,2026-08-01,WSC,192.0
GFI,M,2026-08-04,TD8,2026-08-01,WSC,285.0
GFI,M,2026-08-04,TD25,2026-08-01,WSC,275.0
GFI,M,2026-08-04,TD22,2026-08-01,LSM,18.0
GFI,M,2026-08-04,TD19,2026-08-01,WSC,240.0
GFI,M,2026-08-04,TD3,2026-09-01,WSC,347.5
GFI,M,2026-08-04,TD20,2026-09-01,WSC,185.0
GFI,M,2026-08-04,TD7,2026-09-01,WSC,170.0
GFI,M,2026-08-04,TD8,2026-09-01,WSC,235.0
GFI,M,2026-08-04,TD25,2026-09-01,WSC,240.0
GFI,M,2026-08-04,TD22,2026-09-01,LSM,16.75
GFI,M,2026-08-04,TD19,2026-09-01,WSC,200.0
GFI,M,2026-08-04,TD3,2026-10-01,WSC,297.0
GFI,M,2026-08-04,TD20,2026-10-01,WSC,187.0
GFI,M,2026-08-04,TD7,2026-10-01,WSC,165.0
GFI,M,2026-08-04,TD8,2026-10-01,WSC,205.0
GFI,M,2026-08-04,TD25,2026-10-01,WSC,235.0
GFI,M,2026-08-04,TD22,2026-10-01,LSM,16.75
GFI,M,2026-08-04,TD19,2026-10-01,WSC,165.0
GFI,M,2026-08-04,TD3,2026-11-01,WSC,269.0
GFI,M,2026-08-04,TD20,2026-11-01,WSC,185.0
GFI,M,2026-08-04,TD7,2026-11-01,WSC,162.0
GFI,M,2026-08-04,TD8,2026-11-01,WSC,200.0
GFI,M,2026-08-04,TD25,2026-11-01,WSC,220.0
GFI,M,2026-08-04,TD22,2026-11-01,LSM,16.5
GFI,M,2026-08-04,TD19,2026-11-01,WSC,153.0
GFI,M,2026-08-04,TD3,2026-12-01,WSC,259.0
GFI,M,2026-08-04,TD20,2026-12-01,WSC,183.0
GFI,M,2026-08-04,TD7,2026-12-01,WSC,159.0
GFI,M,2026-08-04,TD8,2026-12-01,WSC,195.0
GFI,M,2026-08-04,TD25,2026-12-01,WSC,220.0
GFI,M,2026-08-04,TD22,2026-12-01,LSM,16.25
GFI,M,2026-08-04,TD19,2026-12-01,WSC,150.0
GFI,M,2026-08-04,TD3,2027-01-01,PMT,38.75
GFI,M,2026-08-04,TD20,2027-01-01,PMT,28.5
GFI,M,2026-08-04,TD7,2027-01-01,PMT,15.1
GFI,M,2026-08-04,TD8,2027-01-01,PMT,23.5
GFI,M,2026-08-04,TD25,2027-01-01,PMT,41.75
GFI,M,2026-08-04,TD22,2027-01-01,LSM,14.0
GFI,M,2026-08-04,TD19,2027-01-01,PMT,15.75
GFI,M,2026-08-04,TD3,2027-02-01,PMT,35.75
GFI,M,2026-08-04,TD20,2027-02-01,PMT,25.5
GFI,M,2026-08-04,TD7,2027-02-01,PMT,14.6
GFI,M,2026-08-04,TD8,2027-02-01,PMT,22.5
GFI,M,2026-08-04,TD25,2027-02-01,PMT,41.75
GFI,M,2026-08-04,TD22,2027-02-01,LSM,14.0
GFI,M,2026-08-04,TD19,2027-02-01,PMT,14.75
GFI,M,2026-08-04,TD3,2027-03-01,PMT,32.75
GFI,M,2026-08-04,TD20,2027-03-01,PMT,22.5
GFI,M,2026-08-04,TD7,2027-03-01,PMT,14.1
GFI,M,2026-08-04,TD8,2027-03-01,PMT,21.5
GFI,M,2026-08-04,TD25,2027-03-01,PMT,41.75
GFI,M,2026-08-04,TD22,2027-03-01,LSM,14.0
GFI,M,2026-08-04,TD19,2027-03-01,PMT,13.75
GFI,Q,2026-08-04,TD3,2026-10-01,WSC,275.0
GFI,Q,2026-08-04,TD20,2026-10-01,WSC,185.0
GFI,Q,2026-08-04,TD7,2026-10-01,WSC,162.0
GFI,Q,2026-08-04,TD8,2026-10-01,WSC,200.0
GFI,Q,2026-08-04,TD25,2026-10-01,WSC,225.0
GFI,Q,2026-08-04,TD22,2026-10-01,LSM,16.5
GFI,Q,2026-08-04,TD19,2026-10-01,WSC,156.0
GFI,Q,2026-08-04,TD3,2027-01-01,PMT,35.75
GFI,Q,2026-08-04,TD20,2027-01-01,PMT,25.5
GFI,Q,2026-08-04,TD7,2027-01-01,PMT,14.6
GFI,Q,2026-08-04,TD8,2027-01-01,PMT,22.5
GFI,Q,2026-08-04,TD25,2027-01-01,PMT,41.75
GFI,Q,2026-08-04,TD22,2027-01-01,LSM,14.0
GFI,Q,2026-08-04,TD19,2027-01-01,PMT,14.75
GFI,Q,2026-08-04,TD3,2027-04-01,PMT,26.75
GFI,Q,2026-08-04,TD20,2027-04-01,PMT,19.0
GFI,Q,2026-08-04,TD7,2027-04-01,PMT,13.4
GFI,Q,2026-08-04,TD8,2027-04-01,PMT,20.5
GFI,Q,2026-08-04,TD25,2027-04-01,PMT,37.25
GFI,Q,2026-08-04,TD22,2027-04-01,LSM,11.5
GFI,Q,2026-08-04,TD19,2027-04-01,PMT,13.25
GFI,Q,2026-08-04,TD3,2027-07-01,PMT,18.75
GFI,Q,2026-08-04,TD20,2027-07-01,PMT,16.5
GFI,Q,2026-08-04,TD7,2027-07-01,PMT,12.8
GFI,Q,2026-08-04,TD8,2027-07-01,PMT,19.1
GFI,Q,2026-08-04,TD25,2027-07-01,PMT,34.45
GFI,Q,2026-08-04,TD22,2027-07-01,LSM,10.5
GFI,Q,2026-08-04,TD19,2027-07-01,PMT,13.0
GFI,Q,2026-08-04,TD3,2027-10-01,PMT,20.75
GFI,Q,2026-08-04,TD20,2027-10-01,PMT,21.0
GFI,Q,2026-08-04,TD7,2027-10-01,PMT,14.0
GFI,Q,2026-08-04,TD8,2027-10-01,PMT,21.2
GFI,Q,2026-08-04,TD25,2027-10-01,PMT,37.5
GFI,Q,2026-08-04,TD22,2027-10-01,LSM,11.5
GFI,Q,2026-08-04,TD19,2027-10-01,PMT,15.0
GFI,Q,2026-08-04,TD3,2028-01-01,PMT,18.25
GFI,Q,2026-08-04,TD20,2028-01-01,PMT,20.1
GFI,Q,2026-08-04,TD7,2028-01-01,PMT,14.7
GFI,Q,2026-08-04,TD8,2028-01-01,PMT,22.25
GFI,Q,2026-08-04,TD25,2028-01-01,PMT,35.5
GFI,Q,2026-08-04,TD22,2028-01-01,LSM,10.2
GFI,Q,2026-08-04,TD19,2028-01-01,PMT,15.55
GFI,Q,2026-08-04,TD3,2028-04-01,PMT,16.25
GFI,Q,2026-08-04,TD20,2028-04-01,PMT,18.1
GFI,Q,2026-08-04,TD7,2028-04-01,PMT,12.7
GFI,Q,2026-08-04,TD8,2028-04-01,PMT,20.25
GFI,Q,2026-08-04,TD25,2028-04-01,PMT,33.5
GFI,Q,2026-08-04,TD22,2028-04-01,LSM,8.2
GFI,Q,2026-08-04,TD19,2028-04-01,PMT,13.55
GFI,A,2026-08-04,TD3,2027-01-01,PMT,25.5
GFI,A,2026-08-04,TD20,2027-01-01,PMT,20.5
GFI,A,2026-08-04,TD7,2027-01-01,PMT,13.7
GFI,A,2026-08-04,TD8,2027-01-01,PMT,20.825
GFI,A,2026-08-04,TD25,2027-01-01,PMT,37.7375
GFI,A,2026-08-04,TD22,2027-01-01,LSM,11.875
GFI,A,2026-08-04,TD19,2027-01-01,PMT,14.0
GFI,A,2026-08-04,TD3,2028-01-01,PMT,16.25
GFI,A,2026-08-04,TD20,2028-01-01,PMT,18.1
GFI,A,2026-08-04,TD7,2028-01-01,PMT,12.7
GFI,A,2026-08-04,TD8,2028-01-01,PMT,20.25
GFI,A,2026-08-04,TD25,2028-01-01,PMT,33.5
GFI,A,2026-08-04,TD22,2028-01-01,LSM,8.2
GFI,A,2026-08-04,TD19,2028-01-01,PMT,13.55
GFI,A,2026-08-04,TD3,2029-01-01,PMT,14.75
GFI,A,2026-08-04,TD20,2029-01-01,PMT,16.85
GFI,A,2026-08-04,TD7,2029-01-01,PMT,12.6
GFI,A,2026-08-04,TD8,2029-01-01,PMT,19.7
GFI,A,2026-08-04,TD25,2029-01-01,PMT,31.75
GFI,A,2026-08-04,TD22,2029-01-01,LSM,8.0
GFI,A,2026-08-04,TD19,2029-01-01,PMT,13.25
GFI,BITR,2026-08-05,TD3,2026-08-01,WSC,432.22
GFI,BITR,2026-08-05,TD20,2026-08-01,WSC,172.5
GFI,BITR,2026-08-05,TD7,2026-08-01,WSC,212.5
GFI,BITR,2026-08-05,TD8,2026-08-01,WSC,318.0
GFI,BITR,2026-08-05,TD25,2026-08-01,WSC,341.67
GFI,BITR,2026-08-05,TD22,2026-08-01,LSM,18.938889
GFI,BITR,2026-08-05,TD19,2026-08-01,WSC,243.72
GFI,M,2026-08-05,TD3,2026-08-01,WSC,395.0
GFI,M,2026-08-05,TD20,2026-08-01,WSC,180.0
GFI,M,2026-08-05,TD7,2026-08-01,WSC,192.0
GFI,M,2026-08-05,TD8,2026-08-01,WSC,295.0
GFI,M,2026-08-05,TD25,2026-08-01,WSC,290.0
GFI,M,2026-08-05,TD22,2026-08-01,LSM,20.0
GFI,M,2026-08-05,TD19,2026-08-01,WSC,240.0
GFI,M,2026-08-05,TD3,2026-09-01,WSC,342.5
GFI,M,2026-08-05,TD20,2026-09-01,WSC,191.0
GFI,M,2026-08-05,TD7,2026-09-01,WSC,170.0
GFI,M,2026-08-05,TD8,2026-09-01,WSC,235.0
GFI,M,2026-08-05,TD25,2026-09-01,WSC,245.0
GFI,M,2026-08-05,TD22,2026-09-01,LSM,18.75
GFI,M,2026-08-05,TD19,2026-09-01,WSC,200.0
GFI,M,2026-08-05,TD3,2026-10-01,WSC,280.0
GFI,M,2026-08-05,TD20,2026-10-01,WSC,184.0
GFI,M,2026-08-05,TD7,2026-10-01,WSC,165.0
GFI,M,2026-08-05,TD8,2026-10-01,WSC,205.0
GFI,M,2026-08-05,TD25,2026-10-01,WSC,240.0
GFI,M,2026-08-05,TD22,2026-10-01,LSM,18.5
GFI,M,2026-08-05,TD19,2026-10-01,WSC,165.0
GFI,M,2026-08-05,TD3,2026-11-01,WSC,271.0
GFI,M,2026-08-05,TD20,2026-11-01,WSC,180.0
GFI,M,2026-08-05,TD7,2026-11-01,WSC,162.0
GFI,M,2026-08-05,TD8,2026-11-01,WSC,200.0
GFI,M,2026-08-05,TD25,2026-11-01,WSC,230.0
GFI,M,2026-08-05,TD22,2026-11-01,LSM,18.0
GFI,M,2026-08-05,TD19,2026-11-01,WSC,153.0
GFI,M,2026-08-05,TD3,2026-12-01,WSC,259.0
GFI,M,2026-08-05,TD20,2026-12-01,WSC,176.0
GFI,M,2026-08-05,TD7,2026-12-01,WSC,159.0
GFI,M,2026-08-05,TD8,2026-12-01,WSC,195.0
GFI,M,2026-08-05,TD25,2026-12-01,WSC,220.0
GFI,M,2026-08-05,TD22,2026-12-01,LSM,17.5
GFI,M,2026-08-05,TD19,2026-12-01,WSC,150.0
GFI,M,2026-08-05,TD3,2027-01-01,PMT,38.6
GFI,M,2026-08-05,TD20,2027-01-01,PMT,28.25
GFI,M,2026-08-05,TD7,2027-01-01,PMT,15.1
GFI,M,2026-08-05,TD8,2027-01-01,PMT,23.5
GFI,M,2026-08-05,TD25,2027-01-01,PMT,42.0
GFI,M,2026-08-05,TD22,2027-01-01,LSM,16.0
GFI,M,2026-08-05,TD19,2027-01-01,PMT,15.75
GFI,M,2026-08-05,TD3,2027-02-01,PMT,35.6
GFI,M,2026-08-05,TD20,2027-02-01,PMT,25.25
GFI,M,2026-08-05,TD7,2027-02-01,PMT,14.6
GFI,M,2026-08-05,TD8,2027-02-01,PMT,22.5
GFI,M,2026-08-05,TD25,2027-02-01,PMT,42.0
GFI,M,2026-08-05,TD22,2027-02-01,LSM,16.0
GFI,M,2026-08-05,TD19,2027-02-01,PMT,14.75
GFI,M,2026-08-05,TD3,2027-03-01,PMT,32.6
GFI,M,2026-08-05,TD20,2027-03-01,PMT,22.25
GFI,M,2026-08-05,TD7,2027-03-01,PMT,14.1
GFI,M,2026-08-05,TD8,2027-03-01,PMT,21.5
GFI,M,2026-08-05,TD25,2027-03-01,PMT,42.0
GFI,M,2026-08-05,TD22,2027-03-01,LSM,16.0
GFI,M,2026-08-05,TD19,2027-03-01,PMT,13.75
GFI,Q,2026-08-05,TD3,2026-10-01,WSC,270.0
GFI,Q,2026-08-05,TD20,2026-10-01,WSC,180.0
GFI,Q,2026-08-05,TD7,2026-10-01,WSC,162.0
GFI,Q,2026-08-05,TD8,2026-10-01,WSC,200.0
GFI,Q,2026-08-05,TD25,2026-10-01,WSC,230.0
GFI,Q,2026-08-05,TD22,2026-10-01,LSM,18.0
GFI,Q,2026-08-05,TD19,2026-10-01,WSC,156.0
GFI,Q,2026-08-05,TD3,2027-01-01,PMT,35.6
GFI,Q,2026-08-05,TD20,2027-01-01,PMT,25.25
GFI,Q,2026-08-05,TD7,2027-01-01,PMT,14.6
GFI,Q,2026-08-05,TD8,2027-01-01,PMT,22.5
GFI,Q,2026-08-05,TD25,2027-01-01,PMT,42.0
GFI,Q,2026-08-05,TD22,2027-01-01,LSM,16.0
GFI,Q,2026-08-05,TD19,2027-01-01,PMT,14.75
GFI,Q,2026-08-05,TD3,2027-04-01,PMT,26.7
GFI,Q,2026-08-05,TD20,2027-04-01,PMT,19.0
GFI,Q,2026-08-05,TD7,2027-04-01,PMT,13.4
GFI,Q,2026-08-05,TD8,2027-04-01,PMT,20.5
GFI,Q,2026-08-05,TD25,2027-04-01,PMT,37.56
GFI,Q,2026-08-05,TD22,2027-04-01,LSM,13.5
GFI,Q,2026-08-05,TD19,2027-04-01,PMT,13.25
GFI,Q,2026-08-05,TD3,2027-07-01,PMT,18.65
GFI,Q,2026-08-05,TD20,2027-07-01,PMT,16.8
GFI,Q,2026-08-05,TD7,2027-07-01,PMT,12.8
GFI,Q,2026-08-05,TD8,2027-07-01,PMT,19.1
GFI,Q,2026-08-05,TD25,2027-07-01,PMT,34.56
GFI,Q,2026-08-05,TD22,2027-07-01,LSM,12.5
GFI,Q,2026-08-05,TD19,2027-07-01,PMT,13.0
GFI,Q,2026-08-05,TD3,2027-10-01,PMT,20.65
GFI,Q,2026-08-05,TD20,2027-10-01,PMT,20.95
GFI,Q,2026-08-05,TD7,2027-10-01,PMT,14.0
GFI,Q,2026-08-05,TD8,2027-10-01,PMT,21.2
GFI,Q,2026-08-05,TD25,2027-10-01,PMT,37.45
GFI,Q,2026-08-05,TD22,2027-10-01,LSM,13.5
GFI,Q,2026-08-05,TD19,2027-10-01,PMT,15.0
GFI,Q,2026-08-05,TD3,2028-01-01,PMT,18.25
GFI,Q,2026-08-05,TD20,2028-01-01,PMT,19.9
GFI,Q,2026-08-05,TD7,2028-01-01,PMT,14.7
GFI,Q,2026-08-05,TD8,2028-01-01,PMT,22.25
GFI,Q,2026-08-05,TD25,2028-01-01,PMT,35.5
GFI,Q,2026-08-05,TD22,2028-01-01,LSM,11.5
GFI,Q,2026-08-05,TD19,2028-01-01,PMT,15.55
GFI,Q,2026-08-05,TD3,2028-04-01,PMT,16.25
GFI,Q,2026-08-05,TD20,2028-04-01,PMT,17.9
GFI,Q,2026-08-05,TD7,2028-04-01,PMT,12.7
GFI,Q,2026-08-05,TD8,2028-04-01,PMT,20.25
GFI,Q,2026-08-05,TD25,2028-04-01,PMT,33.5
GFI,Q,2026-08-05,TD22,2028-04-01,LSM,9.5
GFI,Q,2026-08-05,TD19,2028-04-01,PMT,13.55
GFI,A,2026-08-05,TD3,2027-01-01,PMT,25.4
GFI,A,2026-08-05,TD20,2027-01-01,PMT,20.5
GFI,A,2026-08-05,TD7,2027-01-01,PMT,13.7
GFI,A,2026-08-05,TD8,2027-01-01,PMT,20.825
GFI,A,2026-08-05,TD25,2027-01-01,PMT,37.8925
GFI,A,2026-08-05,TD22,2027-01-01,LSM,13.875
GFI,A,2026-08-05,TD19,2027-01-01,PMT,14.0
GFI,A,2026-08-05,TD3,2028-01-01,PMT,16.25
GFI,A,2026-08-05,TD20,2028-01-01,PMT,17.9
GFI,A,2026-08-05,TD7,2028-01-01,PMT,12.7
GFI,A,2026-08-05,TD8,2028-01-01,PMT,20.25
GFI,A,2026-08-05,TD25,2028-01-01,PMT,33.5
GFI,A,2026-08-05,TD22,2028-01-01,LSM,9.5
GFI,A,2026-08-05,TD19,2028-01-01,PMT,13.55
GFI,A,2026-08-05,TD3,2029-01-01,PMT,14.75
GFI,A,2026-08-05,TD20,2029-01-01,PMT,16.4
GFI,A,2026-08-05,TD7,2029-01-01,PMT,12.6
GFI,A,2026-08-05,TD8,2029-01-01,PMT,19.7
GFI,A,2026-08-05,TD25,2029-01-01,PMT,31.75
GFI,A,2026-08-05,TD22,2029-01-01,LSM,9.3
GFI,A,2026-08-05,TD19,2029-01-01,PMT,13.25
GFI,BITR,2026-08-06,TD3,2026-08-01,WSC,475.56
GFI,BITR,2026-08-06,TD20,2026-08-01,WSC,172.22
GFI,BITR,2026-08-06,TD7,2026-08-01,WSC,212.92
GFI,BITR,2026-08-06,TD8,2026-08-01,WSC,319.58
GFI,BITR,2026-08-06,TD25,2026-08-01,WSC,306.67
GFI,BITR,2026-08-06,TD22,2026-08-01,LSM,18.766667
GFI,BITR,2026-08-06,TD19,2026-08-01,WSC,241.89
GFI,M,2026-08-06,TD3,2026-08-01,WSC,430.0
GFI,M,2026-08-06,TD20,2026-08-01,WSC,195.0
GFI,M,2026-08-06,TD7,2026-08-01,WSC,200.0
GFI,M,2026-08-06,TD8,2026-08-01,WSC,415.0
GFI,M,2026-08-06,TD25,2026-08-01,WSC,320.0
GFI,M,2026-08-06,TD22,2026-08-01,LSM,20.0
GFI,M,2026-08-06,TD19,2026-08-01,WSC,240.0
GFI,M,2026-08-06,TD3,2026-09-01,WSC,370.0
GFI,M,2026-08-06,TD20,2026-09-01,WSC,200.0
GFI,M,2026-08-06,TD7,2026-09-01,WSC,175.0
GFI,M,2026-08-06,TD8,2026-09-01,WSC,350.0
GFI,M,2026-08-06,TD25,2026-09-01,WSC,285.0
GFI,M,2026-08-06,TD22,2026-09-01,LSM,18.75
GFI,M,2026-08-06,TD19,2026-09-01,WSC,200.0
GFI,M,2026-08-06,TD3,2026-10-01,WSC,293.0
GFI,M,2026-08-06,TD20,2026-10-01,WSC,196.0
GFI,M,2026-08-06,TD7,2026-10-01,WSC,165.0
GFI,M,2026-08-06,TD8,2026-10-01,WSC,280.0
GFI,M,2026-08-06,TD25,2026-10-01,WSC,260.0
GFI,M,2026-08-06,TD22,2026-10-01,LSM,18.5
GFI,M,2026-08-06,TD19,2026-10-01,WSC,165.0
GFI,M,2026-08-06,TD3,2026-11-01,WSC,280.0
GFI,M,2026-08-06,TD20,2026-11-01,WSC,192.0
GFI,M,2026-08-06,TD7,2026-11-01,WSC,162.0
GFI,M,2026-08-06,TD8,2026-11-01,WSC,260.0
GFI,M,2026-08-06,TD25,2026-11-01,WSC,247.5
GFI,M,2026-08-06,TD22,2026-11-01,LSM,18.0
GFI,M,2026-08-06,TD19,2026-11-01,WSC,153.0
GFI,M,2026-08-06,TD3,2026-12-01,WSC,267.0
GFI,M,2026-08-06,TD20,2026-12-01,WSC,188.0
GFI,M,2026-08-06,TD7,2026-12-01,WSC,159.0
GFI,M,2026-08-06,TD8,2026-12-01,WSC,240.0
GFI,M,2026-08-06,TD25,2026-12-01,WSC,237.5
GFI,M,2026-08-06,TD22,2026-12-01,LSM,17.5
GFI,M,2026-08-06,TD19,2026-12-01,WSC,150.0
GFI,M,2026-08-06,TD3,2027-01-01,PMT,39.3
GFI,M,2026-08-06,TD20,2027-01-01,PMT,28.65
GFI,M,2026-08-06,TD7,2027-01-01,PMT,15.1
GFI,M,2026-08-06,TD8,2027-01-01,PMT,23.5
GFI,M,2026-08-06,TD25,2027-01-01,PMT,43.5
GFI,M,2026-08-06,TD22,2027-01-01,LSM,16.0
GFI,M,2026-08-06,TD19,2027-01-01,PMT,15.75
GFI,M,2026-08-06,TD3,2027-02-01,PMT,36.3
GFI,M,2026-08-06,TD20,2027-02-01,PMT,25.65
GFI,M,2026-08-06,TD7,2027-02-01,PMT,14.6
GFI,M,2026-08-06,TD8,2027-02-01,PMT,22.5
GFI,M,2026-08-06,TD25,2027-02-01,PMT,43.5
GFI,M,2026-08-06,TD22,2027-02-01,LSM,16.0
GFI,M,2026-08-06,TD19,2027-02-01,PMT,14.75
GFI,M,2026-08-06,TD3,2027-03-01,PMT,33.3
GFI,M,2026-08-06,TD20,2027-03-01,PMT,22.65
GFI,M,2026-08-06,TD7,2027-03-01,PMT,14.1
GFI,M,2026-08-06,TD8,2027-03-01,PMT,21.5
GFI,M,2026-08-06,TD25,2027-03-01,PMT,43.5
GFI,M,2026-08-06,TD22,2027-03-01,LSM,16.0
GFI,M,2026-08-06,TD19,2027-03-01,PMT,13.75
GFI,Q,2026-08-06,TD3,2026-10-01,WSC,280.0
GFI,Q,2026-08-06,TD20,2026-10-01,WSC,192.0
GFI,Q,2026-08-06,TD7,2026-10-01,WSC,162.0
GFI,Q,2026-08-06,TD8,2026-10-01,WSC,260.0
GFI,Q,2026-08-06,TD25,2026-10-01,WSC,248.333333
GFI,Q,2026-08-06,TD22,2026-10-01,LSM,18.0
GFI,Q,2026-08-06,TD19,2026-10-01,WSC,156.0
GFI,Q,2026-08-06,TD3,2027-01-01,PMT,36.3
GFI,Q,2026-08-06,TD20,2027-01-01,PMT,25.65
GFI,Q,2026-08-06,TD7,2027-01-01,PMT,14.6
GFI,Q,2026-08-06,TD8,2027-01-01,PMT,22.5
GFI,Q,2026-08-06,TD25,2027-01-01,PMT,43.5
GFI,Q,2026-08-06,TD22,2027-01-01,LSM,16.0
GFI,Q,2026-08-06,TD19,2027-01-01,PMT,14.75
GFI,Q,2026-08-06,TD3,2027-04-01,PMT,27.5
GFI,Q,2026-08-06,TD20,2027-04-01,PMT,19.25
GFI,Q,2026-08-06,TD7,2027-04-01,PMT,13.4
GFI,Q,2026-08-06,TD8,2027-04-01,PMT,20.5
GFI,Q,2026-08-06,TD25,2027-04-01,PMT,38.25
GFI,Q,2026-08-06,TD22,2027-04-01,LSM,13.5
GFI,Q,2026-08-06,TD19,2027-04-01,PMT,13.25
GFI,Q,2026-08-06,TD3,2027-07-01,PMT,19.0
GFI,Q,2026-08-06,TD20,2027-07-01,PMT,16.9
GFI,Q,2026-08-06,TD7,2027-07-01,PMT,12.8
GFI,Q,2026-08-06,TD8,2027-07-01,PMT,19.1
GFI,Q,2026-08-06,TD25,2027-07-01,PMT,34.6
GFI,Q,2026-08-06,TD22,2027-07-01,LSM,12.5
GFI,Q,2026-08-06,TD19,2027-07-01,PMT,13.0
GFI,Q,2026-08-06,TD3,2027-10-01,PMT,21.0
GFI,Q,2026-08-06,TD20,2027-10-01,PMT,21.0
GFI,Q,2026-08-06,TD7,2027-10-01,PMT,14.0
GFI,Q,2026-08-06,TD8,2027-10-01,PMT,21.2
GFI,Q,2026-08-06,TD25,2027-10-01,PMT,37.65
GFI,Q,2026-08-06,TD22,2027-10-01,LSM,13.5
GFI,Q,2026-08-06,TD19,2027-10-01,PMT,15.0
GFI,Q,2026-08-06,TD3,2028-01-01,PMT,18.35
GFI,Q,2026-08-06,TD20,2028-01-01,PMT,19.9
GFI,Q,2026-08-06,TD7,2028-01-01,PMT,14.7
GFI,Q,2026-08-06,TD8,2028-01-01,PMT,22.25
GFI,Q,2026-08-06,TD25,2028-01-01,PMT,35.5
GFI,Q,2026-08-06,TD22,2028-01-01,LSM,11.5
GFI,Q,2026-08-06,TD19,2028-01-01,PMT,15.55
GFI,Q,2026-08-06,TD3,2028-04-01,PMT,16.35
GFI,Q,2026-08-06,TD20,2028-04-01,PMT,17.9
GFI,Q,2026-08-06,TD7,2028-04-01,PMT,12.7
GFI,Q,2026-08-06,TD8,2028-04-01,PMT,20.25
GFI,Q,2026-08-06,TD25,2028-04-01,PMT,33.5
GFI,Q,2026-08-06,TD22,2028-04-01,LSM,9.5
GFI,Q,2026-08-06,TD19,2028-04-01,PMT,13.55
GFI,A,2026-08-06,TD3,2027-01-01,PMT,25.95
GFI,A,2026-08-06,TD20,2027-01-01,PMT,20.7
GFI,A,2026-08-06,TD7,2027-01-01,PMT,13.7
GFI,A,2026-08-06,TD8,2027-01-01,PMT,20.825
GFI,A,2026-08-06,TD25,2027-01-01,PMT,38.5
GFI,A,2026-08-06,TD22,2027-01-01,LSM,13.875
GFI,A,2026-08-06,TD19,2027-01-01,PMT,14.0
GFI,A,2026-08-06,TD3,2028-01-01,PMT,16.35
GFI,A,2026-08-06,TD20,2028-01-01,PMT,17.9
GFI,A,2026-08-06,TD7,2028-01-01,PMT,12.7
GFI,A,2026-08-06,TD8,2028-01-01,PMT,20.25
GFI,A,2026-08-06,TD25,2028-01-01,PMT,33.5
GFI,A,2026-08-06,TD22,2028-01-01,LSM,9.5
GFI,A,2026-08-06,TD19,2028-01-01,PMT,13.55
GFI,A,2026-08-06,TD3,2029-01-01,PMT,14.75
GFI,A,2026-08-06,TD20,2029-01-01,PMT,16.2
GFI,A,2026-08-06,TD7,2029-01-01,PMT,12.6
GFI,A,2026-08-06,TD8,2029-01-01,PMT,19.7
GFI,A,2026-08-06,TD25,2029-01-01,PMT,31.5
GFI,A,2026-08-06,TD22,2029-01-01,LSM,9.3
GFI,A,2026-08-06,TD19,2029-01-01,PMT,13.25
GFI,BITR,2026-08-07,TD3,2026-08-01,WSC,490.0
GFI,BITR,2026-08-07,TD20,2026-08-01,WSC,177.5
GFI,BITR,2026-08-07,TD7,2026-08-01,WSC,212.92
GFI,BITR,2026-08-07,TD8,2026-08-01,WSC,325.0
GFI,BITR,2026-08-07,TD25,2026-08-01,WSC,312.22
GFI,BITR,2026-08-07,TD22,2026-08-01,LSM,18.688889
GFI,BITR,2026-08-07,TD19,2026-08-01,WSC,240.56
GFI,M,2026-08-07,TD3,2026-08-01,WSC,460.0
GFI,M,2026-08-07,TD20,2026-08-01,WSC,207.5
GFI,M,2026-08-07,TD7,2026-08-01,WSC,210.0
GFI,M,2026-08-07,TD8,2026-08-01,WSC,415.0
GFI,M,2026-08-07,TD25,2026-08-01,WSC,325.0
GFI,M,2026-08-07,TD22,2026-08-01,LSM,20.0
GFI,M,2026-08-07,TD19,2026-08-01,WSC,240.0
GFI,M,2026-08-07,TD3,2026-09-01,WSC,390.0
GFI,M,2026-08-07,TD20,2026-09-01,WSC,215.0
GFI,M,2026-08-07,TD7,2026-09-01,WSC,200.0
GFI,M,2026-08-07,TD8,2026-09-01,WSC,350.0
GFI,M,2026-08-07,TD25,2026-09-01,WSC,290.0
GFI,M,2026-08-07,TD22,2026-09-01,LSM,18.75
GFI,M,2026-08-07,TD19,2026-09-01,WSC,200.0
GFI,M,2026-08-07,TD3,2026-10-01,WSC,304.0
GFI,M,2026-08-07,TD20,2026-10-01,WSC,200.5
GFI,M,2026-08-07,TD7,2026-10-01,WSC,195.0
GFI,M,2026-08-07,TD8,2026-10-01,WSC,280.0
GFI,M,2026-08-07,TD25,2026-10-01,WSC,260.0
GFI,M,2026-08-07,TD22,2026-10-01,LSM,18.5
GFI,M,2026-08-07,TD19,2026-10-01,WSC,165.0
GFI,M,2026-08-07,TD3,2026-11-01,WSC,291.0
GFI,M,2026-08-07,TD20,2026-11-01,WSC,196.0
GFI,M,2026-08-07,TD7,2026-11-01,WSC,185.0
GFI,M,2026-08-07,TD8,2026-11-01,WSC,260.0
GFI,M,2026-08-07,TD25,2026-11-01,WSC,250.0
GFI,M,2026-08-07,TD22,2026-11-01,LSM,18.0
GFI,M,2026-08-07,TD19,2026-11-01,WSC,153.0
GFI,M,2026-08-07,TD3,2026-12-01,WSC,278.0
GFI,M,2026-08-07,TD20,2026-12-01,WSC,191.5
GFI,M,2026-08-07,TD7,2026-12-01,WSC,175.0
GFI,M,2026-08-07,TD8,2026-12-01,WSC,240.0
GFI,M,2026-08-07,TD25,2026-12-01,WSC,240.0
GFI,M,2026-08-07,TD22,2026-12-01,LSM,17.5
GFI,M,2026-08-07,TD19,2026-12-01,WSC,150.0
GFI,M,2026-08-07,TD3,2027-01-01,PMT,40.25
GFI,M,2026-08-07,TD20,2027-01-01,PMT,29.55
GFI,M,2026-08-07,TD7,2027-01-01,PMT,15.1
GFI,M,2026-08-07,TD8,2027-01-01,PMT,23.5
GFI,M,2026-08-07,TD25,2027-01-01,PMT,43.5
GFI,M,2026-08-07,TD22,2027-01-01,LSM,16.0
GFI,M,2026-08-07,TD19,2027-01-01,PMT,15.75
GFI,M,2026-08-07,TD3,2027-02-01,PMT,37.25
GFI,M,2026-08-07,TD20,2027-02-01,PMT,26.55
GFI,M,2026-08-07,TD7,2027-02-01,PMT,14.6
GFI,M,2026-08-07,TD8,2027-02-01,PMT,22.5
GFI,M,2026-08-07,TD25,2027-02-01,PMT,43.5
GFI,M,2026-08-07,TD22,2027-02-01,LSM,16.0
GFI,M,2026-08-07,TD19,2027-02-01,PMT,14.75
GFI,M,2026-08-07,TD3,2027-03-01,PMT,34.25
GFI,M,2026-08-07,TD20,2027-03-01,PMT,23.55
GFI,M,2026-08-07,TD7,2027-03-01,PMT,14.1
GFI,M,2026-08-07,TD8,2027-03-01,PMT,21.5
GFI,M,2026-08-07,TD25,2027-03-01,PMT,43.5
GFI,M,2026-08-07,TD22,2027-03-01,LSM,16.0
GFI,M,2026-08-07,TD19,2027-03-01,PMT,13.75
GFI,Q,2026-08-07,TD3,2026-10-01,WSC,291.0
GFI,Q,2026-08-07,TD20,2026-10-01,WSC,196.0
GFI,Q,2026-08-07,TD7,2026-10-01,WSC,185.0
GFI,Q,2026-08-07,TD8,2026-10-01,WSC,260.0
GFI,Q,2026-08-07,TD25,2026-10-01,WSC,250.0
GFI,Q,2026-08-07,TD22,2026-10-01,LSM,18.0
GFI,Q,2026-08-07,TD19,2026-10-01,WSC,156.0
GFI,Q,2026-08-07,TD3,2027-01-01,PMT,37.25
GFI,Q,2026-08-07,TD20,2027-01-01,PMT,26.55
GFI,Q,2026-08-07,TD7,2027-01-01,PMT,14.6
GFI,Q,2026-08-07,TD8,2027-01-01,PMT,22.5
GFI,Q,2026-08-07,TD25,2027-01-01,PMT,43.5
GFI,Q,2026-08-07,TD22,2027-01-01,LSM,16.0
GFI,Q,2026-08-07,TD19,2027-01-01,PMT,14.75
GFI,Q,2026-08-07,TD3,2027-04-01,PMT,28.15
GFI,Q,2026-08-07,TD20,2027-04-01,PMT,20.25
GFI,Q,2026-08-07,TD7,2027-04-01,PMT,13.4
GFI,Q,2026-08-07,TD8,2027-04-01,PMT,20.5
GFI,Q,2026-08-07,TD25,2027-04-01,PMT,38.25
GFI,Q,2026-08-07,TD22,2027-04-01,LSM,13.5
GFI,Q,2026-08-07,TD19,2027-04-01,PMT,13.25
GFI,Q,2026-08-07,TD3,2027-07-01,PMT,20.0
GFI,Q,2026-08-07,TD20,2027-07-01,PMT,18.25
GFI,Q,2026-08-07,TD7,2027-07-01,PMT,12.8
GFI,Q,2026-08-07,TD8,2027-07-01,PMT,19.1
GFI,Q,2026-08-07,TD25,2027-07-01,PMT,34.6
GFI,Q,2026-08-07,TD22,2027-07-01,LSM,12.5
GFI,Q,2026-08-07,TD19,2027-07-01,PMT,13.0
GFI,Q,2026-08-07,TD3,2027-10-01,PMT,22.0
GFI,Q,2026-08-07,TD20,2027-10-01,PMT,21.95
GFI,Q,2026-08-07,TD7,2027-10-01,PMT,14.0
GFI,Q,2026-08-07,TD8,2027-10-01,PMT,21.2
GFI,Q,2026-08-07,TD25,2027-10-01,PMT,39.25
GFI,Q,2026-08-07,TD22,2027-10-01,LSM,13.5
GFI,Q,2026-08-07,TD19,2027-10-01,PMT,15.0
GFI,Q,2026-08-07,TD3,2028-01-01,PMT,18.85
GFI,Q,2026-08-07,TD20,2028-01-01,PMT,19.9
GFI,Q,2026-08-07,TD7,2028-01-01,PMT,14.7
GFI,Q,2026-08-07,TD8,2028-01-01,PMT,22.25
GFI,Q,2026-08-07,TD25,2028-01-01,PMT,35.5
GFI,Q,2026-08-07,TD22,2028-01-01,LSM,11.5
GFI,Q,2026-08-07,TD19,2028-01-01,PMT,15.55
GFI,Q,2026-08-07,TD3,2028-04-01,PMT,16.85
GFI,Q,2026-08-07,TD20,2028-04-01,PMT,17.9
GFI,Q,2026-08-07,TD7,2028-04-01,PMT,12.7
GFI,Q,2026-08-07,TD8,2028-04-01,PMT,20.25
GFI,Q,2026-08-07,TD25,2028-04-01,PMT,33.5
GFI,Q,2026-08-07,TD22,2028-04-01,LSM,9.5
GFI,Q,2026-08-07,TD19,2028-04-01,PMT,13.55
GFI,A,2026-08-07,TD3,2027-01-01,PMT,26.85
GFI,A,2026-08-07,TD20,2027-01-01,PMT,21.75
GFI,A,2026-08-07,TD7,2027-01-01,PMT,13.7
GFI,A,2026-08-07,TD8,2027-01-01,PMT,20.825
GFI,A,2026-08-07,TD25,2027-01-01,PMT,38.9
GFI,A,2026-08-07,TD22,2027-01-01,LSM,13.875
GFI,A,2026-08-07,TD19,2027-01-01,PMT,14.0
GFI,A,2026-08-07,TD3,2028-01-01,PMT,16.85
GFI,A,2026-08-07,TD20,2028-01-01,PMT,17.9
GFI,A,2026-08-07,TD7,2028-01-01,PMT,12.7
GFI,A,2026-08-07,TD8,2028-01-01,PMT,20.25
GFI,A,2026-08-07,TD25,2028-01-01,PMT,33.5
GFI,A,2026-08-07,TD22,2028-01-01,LSM,9.5
GFI,A,2026-08-07,TD19,2028-01-01,PMT,13.55
GFI,A,2026-08-07,TD3,2029-01-01,PMT,14.75
GFI,A,2026-08-07,TD20,2029-01-01,PMT,16.2
GFI,A,2026-08-07,TD7,2029-01-01,PMT,12.6
GFI,A,2026-08-07,TD8,2029-01-01,PMT,19.7
GFI,A,2026-08-07,TD25,2029-01-01,PMT,31.5
GFI,A,2026-08-07,TD22,2029-01-01,LSM,9.3
GFI,A,2026-08-07,TD19,2029-01-01,PMT,13.25
GFI,BITR,2026-08-10,TD3,2026-08-01,WSC,487.78
GFI,BITR,2026-08-10,TD20,2026-08-01,WSC,183.06
GFI,BITR,2026-08-10,TD7,2026-08-01,WSC,207.92
GFI,BITR,2026-08-10,TD8,2026-08-01,WSC,0.0
GFI,BITR,2026-08-10,TD25,2026-08-01,WSC,321.67
GFI,BITR,2026-08-10,TD22,2026-08-01,LSM,18.636111
GFI,BITR,2026-08-10,TD19,2026-08-01,WSC,213.06
GFI,M,2026-08-10,TD3,2026-08-01,WSC,465.0
GFI,M,2026-08-10,TD20,2026-08-01,WSC,205.0
GFI,M,2026-08-10,TD7,2026-08-01,WSC,210.0
GFI,M,2026-08-10,TD8,2026-08-01,WSC,415.0
GFI,M,2026-08-10,TD25,2026-08-01,WSC,335.0
GFI,M,2026-08-10,TD22,2026-08-01,LSM,20.0
GFI,M,2026-08-10,TD19,2026-08-01,WSC,240.0
GFI,M,2026-08-10,TD3,2026-09-01,WSC,410.0
GFI,M,2026-08-10,TD20,2026-09-01,WSC,225.0
GFI,M,2026-08-10,TD7,2026-09-01,WSC,200.0
GFI,M,2026-08-10,TD8,2026-09-01,WSC,350.0
GFI,M,2026-08-10,TD25,2026-09-01,WSC,305.0
GFI,M,2026-08-10,TD22,2026-09-01,LSM,18.75
GFI,M,2026-08-10,TD19,2026-09-01,WSC,200.0
GFI,M,2026-08-10,TD3,2026-10-01,WSC,340.0
GFI,M,2026-08-10,TD20,2026-10-01,WSC,212.5
GFI,M,2026-08-10,TD7,2026-10-01,WSC,195.0
GFI,M,2026-08-10,TD8,2026-10-01,WSC,280.0
GFI,M,2026-08-10,TD25,2026-10-01,WSC,275.0
GFI,M,2026-08-10,TD22,2026-10-01,LSM,18.5
GFI,M,2026-08-10,TD19,2026-10-01,WSC,165.0
GFI,M,2026-08-10,TD3,2026-11-01,WSC,325.0
GFI,M,2026-08-10,TD20,2026-11-01,WSC,205.0
GFI,M,2026-08-10,TD7,2026-11-01,WSC,185.0
GFI,M,2026-08-10,TD8,2026-11-01,WSC,260.0
GFI,M,2026-08-10,TD25,2026-11-01,WSC,260.0
GFI,M,2026-08-10,TD22,2026-11-01,LSM,18.0
GFI,M,2026-08-10,TD19,2026-11-01,WSC,153.0
GFI,M,2026-08-10,TD3,2026-12-01,WSC,302.5
GFI,M,2026-08-10,TD20,2026-12-01,WSC,197.5
GFI,M,2026-08-10,TD7,2026-12-01,WSC,175.0
GFI,M,2026-08-10,TD8,2026-12-01,WSC,240.0
GFI,M,2026-08-10,TD25,2026-12-01,WSC,243.0
GFI,M,2026-08-10,TD22,2026-12-01,LSM,17.5
GFI,M,2026-08-10,TD19,2026-12-01,WSC,150.0
GFI,M,2026-08-10,TD3,2027-01-01,PMT,47.6
GFI,M,2026-08-10,TD20,2027-01-01,PMT,30.5
GFI,M,2026-08-10,TD7,2027-01-01,PMT,15.1
GFI,M,2026-08-10,TD8,2027-01-01,PMT,23.5
GFI,M,2026-08-10,TD25,2027-01-01,PMT,43.75
GFI,M,2026-08-10,TD22,2027-01-01,LSM,16.0
GFI,M,2026-08-10,TD19,2027-01-01,PMT,15.75
GFI,M,2026-08-10,TD3,2027-02-01,PMT,36.6
GFI,M,2026-08-10,TD20,2027-02-01,PMT,27.0
GFI,M,2026-08-10,TD7,2027-02-01,PMT,14.6
GFI,M,2026-08-10,TD8,2027-02-01,PMT,22.5
GFI,M,2026-08-10,TD25,2027-02-01,PMT,43.75
GFI,M,2026-08-10,TD22,2027-02-01,LSM,16.0
GFI,M,2026-08-10,TD19,2027-02-01,PMT,14.75
GFI,M,2026-08-10,TD3,2027-03-01,PMT,31.6
GFI,M,2026-08-10,TD20,2027-03-01,PMT,23.5
GFI,M,2026-08-10,TD7,2027-03-01,PMT,14.1
GFI,M,2026-08-10,TD8,2027-03-01,PMT,21.5
GFI,M,2026-08-10,TD25,2027-03-01,PMT,43.75
GFI,M,2026-08-10,TD22,2027-03-01,LSM,16.0
GFI,M,2026-08-10,TD19,2027-03-01,PMT,13.75
GFI,Q,2026-08-10,TD3,2026-10-01,WSC,322.5
GFI,Q,2026-08-10,TD20,2026-10-01,WSC,205.0
GFI,Q,2026-08-10,TD7,2026-10-01,WSC,185.0
GFI,Q,2026-08-10,TD8,2026-10-01,WSC,260.0
GFI,Q,2026-08-10,TD25,2026-10-01,WSC,259.333333
GFI,Q,2026-08-10,TD22,2026-10-01,LSM,18.0
GFI,Q,2026-08-10,TD19,2026-10-01,WSC,156.0
GFI,Q,2026-08-10,TD3,2027-01-01,PMT,38.6
GFI,Q,2026-08-10,TD20,2027-01-01,PMT,27.0
GFI,Q,2026-08-10,TD7,2027-01-01,PMT,14.6
GFI,Q,2026-08-10,TD8,2027-01-01,PMT,22.5
GFI,Q,2026-08-10,TD25,2027-01-01,PMT,43.75
GFI,Q,2026-08-10,TD22,2027-01-01,LSM,16.0
GFI,Q,2026-08-10,TD19,2027-01-01,PMT,14.75
GFI,Q,2026-08-10,TD3,2027-04-01,PMT,29.3
GFI,Q,2026-08-10,TD20,2027-04-01,PMT,20.5
GFI,Q,2026-08-10,TD7,2027-04-01,PMT,13.4
GFI,Q,2026-08-10,TD8,2027-04-01,PMT,20.5
GFI,Q,2026-08-10,TD25,2027-04-01,PMT,39.0
GFI,Q,2026-08-10,TD22,2027-04-01,LSM,13.5
GFI,Q,2026-08-10,TD19,2027-04-01,PMT,13.25
GFI,Q,2026-08-10,TD3,2027-07-01,PMT,20.75
GFI,Q,2026-08-10,TD20,2027-07-01,PMT,18.5
GFI,Q,2026-08-10,TD7,2027-07-01,PMT,12.8
GFI,Q,2026-08-10,TD8,2027-07-01,PMT,19.1
GFI,Q,2026-08-10,TD25,2027-07-01,PMT,35.0
GFI,Q,2026-08-10,TD22,2027-07-01,LSM,12.5
GFI,Q,2026-08-10,TD19,2027-07-01,PMT,13.0
GFI,Q,2026-08-10,TD3,2027-10-01,PMT,22.75
GFI,Q,2026-08-10,TD20,2027-10-01,PMT,22.0
GFI,Q,2026-08-10,TD7,2027-10-01,PMT,14.0
GFI,Q,2026-08-10,TD8,2027-10-01,PMT,21.2
GFI,Q,2026-08-10,TD25,2027-10-01,PMT,39.25
GFI,Q,2026-08-10,TD22,2027-10-01,LSM,13.5
GFI,Q,2026-08-10,TD19,2027-10-01,PMT,15.0
GFI,Q,2026-08-10,TD3,2028-01-01,PMT,19.35
GFI,Q,2026-08-10,TD20,2028-01-01,PMT,20.5
GFI,Q,2026-08-10,TD7,2028-01-01,PMT,14.7
GFI,Q,2026-08-10,TD8,2028-01-01,PMT,22.25
GFI,Q,2026-08-10,TD25,2028-01-01,PMT,36.2
GFI,Q,2026-08-10,TD22,2028-01-01,LSM,11.5
GFI,Q,2026-08-10,TD19,2028-01-01,PMT,15.55
GFI,Q,2026-08-10,TD3,2028-04-01,PMT,17.35
GFI,Q,2026-08-10,TD20,2028-04-01,PMT,18.5
GFI,Q,2026-08-10,TD7,2028-04-01,PMT,12.7
GFI,Q,2026-08-10,TD8,2028-04-01,PMT,20.25
GFI,Q,2026-08-10,TD25,2028-04-01,PMT,34.2
GFI,Q,2026-08-10,TD22,2028-04-01,LSM,9.5
GFI,Q,2026-08-10,TD19,2028-04-01,PMT,13.55
GFI,A,2026-08-10,TD3,2027-01-01,PMT,27.85
GFI,A,2026-08-10,TD20,2027-01-01,PMT,22.0
GFI,A,2026-08-10,TD7,2027-01-01,PMT,13.7
GFI,A,2026-08-10,TD8,2027-01-01,PMT,20.825
GFI,A,2026-08-10,TD25,2027-01-01,PMT,39.25
GFI,A,2026-08-10,TD22,2027-01-01,LSM,13.875
GFI,A,2026-08-10,TD19,2027-01-01,PMT,14.0
GFI,A,2026-08-10,TD3,2028-01-01,PMT,17.35
GFI,A,2026-08-10,TD20,2028-01-01,PMT,18.5
GFI,A,2026-08-10,TD7,2028-01-01,PMT,12.7
GFI,A,2026-08-10,TD8,2028-01-01,PMT,20.25
GFI,A,2026-08-10,TD25,2028-01-01,PMT,34.2
GFI,A,2026-08-10,TD22,2028-01-01,LSM,9.5
GFI,A,2026-08-10,TD19,2028-01-01,PMT,13.55
GFI,A,2026-08-10,TD3,2029-01-01,PMT,15.2
GFI,A,2026-08-10,TD20,2029-01-01,PMT,16.2
GFI,A,2026-08-10,TD7,2029-01-01,PMT,12.6
GFI,A,2026-08-10,TD8,2029-01-01,PMT,19.7
GFI,A,2026-08-10,TD25,2029-01-01,PMT,31.5
GFI,A,2026-08-10,TD22,2029-01-01,LSM,9.3
GFI,A,2026-08-10,TD19,2029-01-01,PMT,13.25
GFI,BITR,2026-08-11,TD3,2026-08-01,WSC,481.67
GFI,BITR,2026-08-11,TD20,2026-08-01,WSC,195.28
GFI,BITR,2026-08-11,TD7,2026-08-01,WSC,203.33
GFI,BITR,2026-08-11,TD8,2026-08-01,WSC,327.92
GFI,BITR,2026-08-11,TD25,2026-08-01,WSC,323.61
GFI,BITR,2026-08-11,TD22,2026-08-01,LSM,18.622222
GFI,BITR,2026-08-11,TD19,2026-08-01,WSC,208.06
GFI,M,2026-08-11,TD3,2026-08-01,WSC,470.0
GFI,M,2026-08-11,TD20,2026-08-01,WSC,212.5
GFI,M,2026-08-11,TD7,2026-08-01,WSC,210.0
GFI,M,2026-08-11,TD8,2026-08-01,WSC,415.0
GFI,M,2026-08-11,TD25,2026-08-01,WSC,324.75
GFI,M,2026-08-11,TD22,2026-08-01,LSM,20.0
GFI,M,2026-08-11,TD19,2026-08-01,WSC,240.0
GFI,M,2026-08-11,TD3,2026-09-01,WSC,460.0
GFI,M,2026-08-11,TD20,2026-09-01,WSC,235.0
GFI,M,2026-08-11,TD7,2026-09-01,WSC,200.0
GFI,M,2026-08-11,TD8,2026-09-01,WSC,350.0
GFI,M,2026-08-11,TD25,2026-09-01,WSC,320.0
GFI,M,2026-08-11,TD22,2026-09-01,LSM,19.5
GFI,M,2026-08-11,TD19,2026-09-01,WSC,200.0
GFI,M,2026-08-11,TD3,2026-10-01,WSC,417.5
GFI,M,2026-08-11,TD20,2026-10-01,WSC,222.5
GFI,M,2026-08-11,TD7,2026-10-01,WSC,195.0
GFI,M,2026-08-11,TD8,2026-10-01,WSC,280.0
GFI,M,2026-08-11,TD25,2026-10-01,WSC,283.0
GFI,M,2026-08-11,TD22,2026-10-01,LSM,19.5
GFI,M,2026-08-11,TD19,2026-10-01,WSC,165.0
GFI,M,2026-08-11,TD3,2026-11-01,WSC,392.5
GFI,M,2026-08-11,TD20,2026-11-01,WSC,215.0
GFI,M,2026-08-11,TD7,2026-11-01,WSC,185.0
GFI,M,2026-08-11,TD8,2026-11-01,WSC,260.0
GFI,M,2026-08-11,TD25,2026-11-01,WSC,262.0
GFI,M,2026-08-11,TD22,2026-11-01,LSM,19.0
GFI,M,2026-08-11,TD19,2026-11-01,WSC,153.0
GFI,M,2026-08-11,TD3,2026-12-01,WSC,345.0
GFI,M,2026-08-11,TD20,2026-12-01,WSC,207.5
GFI,M,2026-08-11,TD7,2026-12-01,WSC,175.0
GFI,M,2026-08-11,TD8,2026-12-01,WSC,240.0
GFI,M,2026-08-11,TD25,2026-12-01,WSC,247.0
GFI,M,2026-08-11,TD22,2026-12-01,LSM,18.5
GFI,M,2026-08-11,TD19,2026-12-01,WSC,150.0
GFI,M,2026-08-11,TD3,2027-01-01,PMT,56.5
GFI,M,2026-08-11,TD20,2027-01-01,PMT,33.25
GFI,M,2026-08-11,TD7,2027-01-01,PMT,15.1
GFI,M,2026-08-11,TD8,2027-01-01,PMT,23.5
GFI,M,2026-08-11,TD25,2027-01-01,PMT,46.75
GFI,M,2026-08-11,TD22,2027-01-01,LSM,16.0
GFI,M,2026-08-11,TD19,2027-01-01,PMT,15.75
GFI,M,2026-08-11,TD3,2027-02-01,PMT,45.5
GFI,M,2026-08-11,TD20,2027-02-01,PMT,29.75
GFI,M,2026-08-11,TD7,2027-02-01,PMT,14.6
GFI,M,2026-08-11,TD8,2027-02-01,PMT,22.5
GFI,M,2026-08-11,TD25,2027-02-01,PMT,46.75
GFI,M,2026-08-11,TD22,2027-02-01,LSM,16.0
GFI,M,2026-08-11,TD19,2027-02-01,PMT,14.75
GFI,M,2026-08-11,TD3,2027-03-01,PMT,40.5
GFI,M,2026-08-11,TD20,2027-03-01,PMT,26.25
GFI,M,2026-08-11,TD7,2027-03-01,PMT,14.1
GFI,M,2026-08-11,TD8,2027-03-01,PMT,21.5
GFI,M,2026-08-11,TD25,2027-03-01,PMT,46.75
GFI,M,2026-08-11,TD22,2027-03-01,LSM,16.0
GFI,M,2026-08-11,TD19,2027-03-01,PMT,13.75
GFI,Q,2026-08-11,TD3,2026-10-01,WSC,385.0
GFI,Q,2026-08-11,TD20,2026-10-01,WSC,215.0
GFI,Q,2026-08-11,TD7,2026-10-01,WSC,185.0
GFI,Q,2026-08-11,TD8,2026-10-01,WSC,260.0
GFI,Q,2026-08-11,TD25,2026-10-01,WSC,264.0
GFI,Q,2026-08-11,TD22,2026-10-01,LSM,19.0
GFI,Q,2026-08-11,TD19,2026-10-01,WSC,156.0
GFI,Q,2026-08-11,TD3,2027-01-01,PMT,47.5
GFI,Q,2026-08-11,TD20,2027-01-01,PMT,29.75
GFI,Q,2026-08-11,TD7,2027-01-01,PMT,14.6
GFI,Q,2026-08-11,TD8,2027-01-01,PMT,22.5
GFI,Q,2026-08-11,TD25,2027-01-01,PMT,46.75
GFI,Q,2026-08-11,TD22,2027-01-01,LSM,16.0
GFI,Q,2026-08-11,TD19,2027-01-01,PMT,14.75
GFI,Q,2026-08-11,TD3,2027-04-01,PMT,36.5
GFI,Q,2026-08-11,TD20,2027-04-01,PMT,22.75
GFI,Q,2026-08-11,TD7,2027-04-01,PMT,13.4
GFI,Q,2026-08-11,TD8,2027-04-01,PMT,20.5
GFI,Q,2026-08-11,TD25,2027-04-01,PMT,41.0
GFI,Q,2026-08-11,TD22,2027-04-01,LSM,13.5
GFI,Q,2026-08-11,TD19,2027-04-01,PMT,13.25
GFI,Q,2026-08-11,TD3,2027-07-01,PMT,24.0
GFI,Q,2026-08-11,TD20,2027-07-01,PMT,20.0
GFI,Q,2026-08-11,TD7,2027-07-01,PMT,12.8
GFI,Q,2026-08-11,TD8,2027-07-01,PMT,19.1
GFI,Q,2026-08-11,TD25,2027-07-01,PMT,36.75
GFI,Q,2026-08-11,TD22,2027-07-01,LSM,12.5
GFI,Q,2026-08-11,TD19,2027-07-01,PMT,13.0
GFI,Q,2026-08-11,TD3,2027-10-01,PMT,26.0
GFI,Q,2026-08-11,TD20,2027-10-01,PMT,23.5
GFI,Q,2026-08-11,TD7,2027-10-01,PMT,14.0
GFI,Q,2026-08-11,TD8,2027-10-01,PMT,21.2
GFI,Q,2026-08-11,TD25,2027-10-01,PMT,40.75
GFI,Q,2026-08-11,TD22,2027-10-01,LSM,13.5
GFI,Q,2026-08-11,TD19,2027-10-01,PMT,15.0
GFI,Q,2026-08-11,TD3,2028-01-01,PMT,21.0
GFI,Q,2026-08-11,TD20,2028-01-01,PMT,21.25
GFI,Q,2026-08-11,TD7,2028-01-01,PMT,14.7
GFI,Q,2026-08-11,TD8,2028-01-01,PMT,22.25
GFI,Q,2026-08-11,TD25,2028-01-01,PMT,37.0
GFI,Q,2026-08-11,TD22,2028-01-01,LSM,11.5
GFI,Q,2026-08-11,TD19,2028-01-01,PMT,15.55
GFI,Q,2026-08-11,TD3,2028-04-01,PMT,19.0
GFI,Q,2026-08-11,TD20,2028-04-01,PMT,19.25
GFI,Q,2026-08-11,TD7,2028-04-01,PMT,12.7
GFI,Q,2026-08-11,TD8,2028-04-01,PMT,20.25
GFI,Q,2026-08-11,TD25,2028-04-01,PMT,35.0
GFI,Q,2026-08-11,TD22,2028-04-01,LSM,9.5
GFI,Q,2026-08-11,TD19,2028-04-01,PMT,13.55
GFI,A,2026-08-11,TD3,2027-01-01,PMT,33.5
GFI,A,2026-08-11,TD20,2027-01-01,PMT,24.0
GFI,A,2026-08-11,TD7,2027-01-01,PMT,13.7
GFI,A,2026-08-11,TD8,2027-01-01,PMT,20.825
GFI,A,2026-08-11,TD25,2027-01-01,PMT,41.3125
GFI,A,2026-08-11,TD22,2027-01-01,LSM,13.875
GFI,A,2026-08-11,TD19,2027-01-01,PMT,14.0
GFI,A,2026-08-11,TD3,2028-01-01,PMT,19.0
GFI,A,2026-08-11,TD20,2028-01-01,PMT,19.25
GFI,A,2026-08-11,TD7,2028-01-01,PMT,12.7
GFI,A,2026-08-11,TD8,2028-01-01,PMT,20.25
GFI,A,2026-08-11,TD25,2028-01-01,PMT,35.0
GFI,A,2026-08-11,TD22,2028-01-01,LSM,9.5
GFI,A,2026-08-11,TD19,2028-01-01,PMT,13.55
GFI,A,2026-08-11,TD3,2029-01-01,PMT,16.25
GFI,A,2026-08-11,TD20,2029-01-01,PMT,16.2
GFI,A,2026-08-11,TD7,2029-01-01,PMT,12.6
GFI,A,2026-08-11,TD8,2029-01-01,PMT,19.7
GFI,A,2026-08-11,TD25,2029-01-01,PMT,32.0
GFI,A,2026-08-11,TD22,2029-01-01,LSM,9.3
GFI,A,2026-08-11,TD19,2029-01-01,PMT,13.25
GFI,BITR,2026-08-12,TD3,2026-08-01,WSC,479.44
GFI,BITR,2026-08-12,TD20,2026-08-01,WSC,223.33
GFI,BITR,2026-08-12,TD7,2026-08-01,WSC,200.0
GFI,BITR,2026-08-12,TD8,2026-08-01,WSC,330.42
GFI,BITR,2026-08-12,TD25,2026-08-01,WSC,336.67
GFI,BITR,2026-08-12,TD22,2026-08-01,LSM,18.523444
GFI,BITR,2026-08-12,TD19,2026-08-01,WSC,204.17
GFI,M,2026-08-12,TD3,2026-08-01,WSC,470.0
GFI,M,2026-08-12,TD20,2026-08-01,WSC,217.0
GFI,M,2026-08-12,TD7,2026-08-01,WSC,210.0
GFI,M,2026-08-12,TD8,2026-08-01,WSC,415.0
GFI,M,2026-08-12,TD25,2026-08-01,WSC,344.52
GFI,M,2026-08-12,TD22,2026-08-01,LSM,20.0
GFI,M,2026-08-12,TD19,2026-08-01,WSC,240.0
GFI,M,2026-08-12,TD3,2026-09-01,WSC,455.0
GFI,M,2026-08-12,TD20,2026-09-01,WSC,245.0
GFI,M,2026-08-12,TD7,2026-09-01,WSC,200.0
GFI,M,2026-08-12,TD8,2026-09-01,WSC,350.0
GFI,M,2026-08-12,TD25,2026-09-01,WSC,330.0
GFI,M,2026-08-12,TD22,2026-09-01,LSM,19.5
GFI,M,2026-08-12,TD19,2026-09-01,WSC,200.0
GFI,M,2026-08-12,TD3,2026-10-01,WSC,425.0
GFI,M,2026-08-12,TD20,2026-10-01,WSC,222.5
GFI,M,2026-08-12,TD7,2026-10-01,WSC,195.0
GFI,M,2026-08-12,TD8,2026-10-01,WSC,280.0
GFI,M,2026-08-12,TD25,2026-10-01,WSC,290.0
GFI,M,2026-08-12,TD22,2026-10-01,LSM,19.5
GFI,M,2026-08-12,TD19,2026-10-01,WSC,165.0
GFI,M,2026-08-12,TD3,2026-11-01,WSC,390.0
GFI,M,2026-08-12,TD20,2026-11-01,WSC,215.0
GFI,M,2026-08-12,TD7,2026-11-01,WSC,185.0
GFI,M,2026-08-12,TD8,2026-11-01,WSC,260.0
GFI,M,2026-08-12,TD25,2026-11-01,WSC,275.0
GFI,M,2026-08-12,TD22,2026-11-01,LSM,19.0
GFI,M,2026-08-12,TD19,2026-11-01,WSC,153.0
GFI,M,2026-08-12,TD3,2026-12-01,WSC,340.0
GFI,M,2026-08-12,TD20,2026-12-01,WSC,207.5
GFI,M,2026-08-12,TD7,2026-12-01,WSC,175.0
GFI,M,2026-08-12,TD8,2026-12-01,WSC,240.0
GFI,M,2026-08-12,TD25,2026-12-01,WSC,260.0
GFI,M,2026-08-12,TD22,2026-12-01,LSM,18.5
GFI,M,2026-08-12,TD19,2026-12-01,WSC,150.0
GFI,M,2026-08-12,TD3,2027-01-01,PMT,58.8
GFI,M,2026-08-12,TD20,2027-01-01,PMT,33.5
GFI,M,2026-08-12,TD7,2027-01-01,PMT,15.4
GFI,M,2026-08-12,TD8,2027-01-01,PMT,23.5
GFI,M,2026-08-12,TD25,2027-01-01,PMT,48.0
GFI,M,2026-08-12,TD22,2027-01-01,LSM,16.0
GFI,M,2026-08-12,TD19,2027-01-01,PMT,15.75
GFI,M,2026-08-12,TD3,2027-02-01,PMT,47.8
GFI,M,2026-08-12,TD20,2027-02-01,PMT,30.0
GFI,M,2026-08-12,TD7,2027-02-01,PMT,14.9
GFI,M,2026-08-12,TD8,2027-02-01,PMT,22.5
GFI,M,2026-08-12,TD25,2027-02-01,PMT,48.0
GFI,M,2026-08-12,TD22,2027-02-01,LSM,16.0
GFI,M,2026-08-12,TD19,2027-02-01,PMT,14.75
GFI,M,2026-08-12,TD3,2027-03-01,PMT,42.8
GFI,M,2026-08-12,TD20,2027-03-01,PMT,26.5
GFI,M,2026-08-12,TD7,2027-03-01,PMT,14.4
GFI,M,2026-08-12,TD8,2027-03-01,PMT,21.5
GFI,M,2026-08-12,TD25,2027-03-01,PMT,48.0
GFI,M,2026-08-12,TD22,2027-03-01,LSM,16.0
GFI,M,2026-08-12,TD19,2027-03-01,PMT,13.75
GFI,Q,2026-08-12,TD3,2026-10-01,WSC,385.0
GFI,Q,2026-08-12,TD20,2026-10-01,WSC,215.0
GFI,Q,2026-08-12,TD7,2026-10-01,WSC,185.0
GFI,Q,2026-08-12,TD8,2026-10-01,WSC,260.0
GFI,Q,2026-08-12,TD25,2026-10-01,WSC,275.0
GFI,Q,2026-08-12,TD22,2026-10-01,LSM,19.0
GFI,Q,2026-08-12,TD19,2026-10-01,WSC,156.0
GFI,Q,2026-08-12,TD3,2027-01-01,PMT,49.8
GFI,Q,2026-08-12,TD20,2027-01-01,PMT,30.0
GFI,Q,2026-08-12,TD7,2027-01-01,PMT,14.9
GFI,Q,2026-08-12,TD8,2027-01-01,PMT,22.5
GFI,Q,2026-08-12,TD25,2027-01-01,PMT,48.0
GFI,Q,2026-08-12,TD22,2027-01-01,LSM,16.0
GFI,Q,2026-08-12,TD19,2027-01-01,PMT,14.75
GFI,Q,2026-08-12,TD3,2027-04-01,PMT,40.0
GFI,Q,2026-08-12,TD20,2027-04-01,PMT,23.0
GFI,Q,2026-08-12,TD7,2027-04-01,PMT,13.7
GFI,Q,2026-08-12,TD8,2027-04-01,PMT,20.5
GFI,Q,2026-08-12,TD25,2027-04-01,PMT,42.0
GFI,Q,2026-08-12,TD22,2027-04-01,LSM,14.0
GFI,Q,2026-08-12,TD19,2027-04-01,PMT,13.25
GFI,Q,2026-08-12,TD3,2027-07-01,PMT,25.1
GFI,Q,2026-08-12,TD20,2027-07-01,PMT,20.0
GFI,Q,2026-08-12,TD7,2027-07-01,PMT,13.1
GFI,Q,2026-08-12,TD8,2027-07-01,PMT,19.1
GFI,Q,2026-08-12,TD25,2027-07-01,PMT,36.75
GFI,Q,2026-08-12,TD22,2027-07-01,LSM,12.5
GFI,Q,2026-08-12,TD19,2027-07-01,PMT,13.0
GFI,Q,2026-08-12,TD3,2027-10-01,PMT,27.1
GFI,Q,2026-08-12,TD20,2027-10-01,PMT,24.0
GFI,Q,2026-08-12,TD7,2027-10-01,PMT,14.3
GFI,Q,2026-08-12,TD8,2027-10-01,PMT,21.2
GFI,Q,2026-08-12,TD25,2027-10-01,PMT,41.0
GFI,Q,2026-08-12,TD22,2027-10-01,LSM,13.5
GFI,Q,2026-08-12,TD19,2027-10-01,PMT,15.0
GFI,Q,2026-08-12,TD3,2028-01-01,PMT,21.0
GFI,Q,2026-08-12,TD20,2028-01-01,PMT,21.1
GFI,Q,2026-08-12,TD7,2028-01-01,PMT,14.7
GFI,Q,2026-08-12,TD8,2028-01-01,PMT,22.25
GFI,Q,2026-08-12,TD25,2028-01-01,PMT,37.0
GFI,Q,2026-08-12,TD22,2028-01-01,LSM,12.0
GFI,Q,2026-08-12,TD19,2028-01-01,PMT,15.55
GFI,Q,2026-08-12,TD3,2028-04-01,PMT,19.0
GFI,Q,2026-08-12,TD20,2028-04-01,PMT,19.1
GFI,Q,2026-08-12,TD7,2028-04-01,PMT,12.7
GFI,Q,2026-08-12,TD8,2028-04-01,PMT,20.25
GFI,Q,2026-08-12,TD25,2028-04-01,PMT,35.0
GFI,Q,2026-08-12,TD22,2028-04-01,LSM,10.0
GFI,Q,2026-08-12,TD19,2028-04-01,PMT,13.55
GFI,A,2026-08-12,TD3,2027-01-01,PMT,35.5
GFI,A,2026-08-12,TD20,2027-01-01,PMT,24.25
GFI,A,2026-08-12,TD7,2027-01-01,PMT,14.0
GFI,A,2026-08-12,TD8,2027-01-01,PMT,20.825
GFI,A,2026-08-12,TD25,2027-01-01,PMT,41.9375
GFI,A,2026-08-12,TD22,2027-01-01,LSM,14.0
GFI,A,2026-08-12,TD19,2027-01-01,PMT,14.0
GFI,A,2026-08-12,TD3,2028-01-01,PMT,19.0
GFI,A,2026-08-12,TD20,2028-01-01,PMT,19.1
GFI,A,2026-08-12,TD7,2028-01-01,PMT,12.7
GFI,A,2026-08-12,TD8,2028-01-01,PMT,20.25
GFI,A,2026-08-12,TD25,2028-01-01,PMT,35.0
GFI,A,2026-08-12,TD22,2028-01-01,LSM,10.0
GFI,A,2026-08-12,TD19,2028-01-01,PMT,13.55
GFI,A,2026-08-12,TD3,2029-01-01,PMT,16.25
GFI,A,2026-08-12,TD20,2029-01-01,PMT,16.2
GFI,A,2026-08-12,TD7,2029-01-01,PMT,12.6
GFI,A,2026-08-12,TD8,2029-01-01,PMT,19.7
GFI,A,2026-08-12,TD25,2029-01-01,PMT,32.0
GFI,A,2026-08-12,TD22,2029-01-01,LSM,9.5
GFI,A,2026-08-12,TD19,2029-01-01,PMT,13.25
GFI,BITR,2026-08-13,TD3,2026-08-01,WSC,479.44
GFI,BITR,2026-08-13,TD20,2026-08-01,WSC,227.22
GFI,BITR,2026-08-13,TD7,2026-08-01,WSC,201.67
GFI,BITR,2026-08-13,TD8,2026-08-01,WSC,332.92
GFI,BITR,2026-08-13,TD25,2026-08-01,WSC,349.44
GFI,BITR,2026-08-13,TD22,2026-08-01,LSM,18.422222
GFI,BITR,2026-08-13,TD19,2026-08-01,WSC,221.39
GFI,M,2026-08-13,TD3,2026-08-01,WSC,470.0
GFI,M,2026-08-13,TD20,2026-08-01,WSC,217.0
GFI,M,2026-08-13,TD7,2026-08-01,WSC,210.0
GFI,M,2026-08-13,TD8,2026-08-01,WSC,415.0
GFI,M,2026-08-13,TD25,2026-08-01,WSC,344.52
GFI,M,2026-08-13,TD22,2026-08-01,LSM,19.5
GFI,M,2026-08-13,TD19,2026-08-01,WSC,240.0
GFI,M,2026-08-13,TD3,2026-09-01,WSC,485.0
GFI,M,2026-08-13,TD20,2026-09-01,WSC,240.0
GFI,M,2026-08-13,TD7,2026-09-01,WSC,200.0
GFI,M,2026-08-13,TD8,2026-09-01,WSC,350.0
GFI,M,2026-08-13,TD25,2026-09-01,WSC,329.0
GFI,M,2026-08-13,TD22,2026-09-01,LSM,20.0
GFI,M,2026-08-13,TD19,2026-09-01,WSC,200.0
GFI,M,2026-08-13,TD3,2026-10-01,WSC,450.0
GFI,M,2026-08-13,TD20,2026-10-01,WSC,222.5
GFI,M,2026-08-13,TD7,2026-10-01,WSC,195.0
GFI,M,2026-08-13,TD8,2026-10-01,WSC,280.0
GFI,M,2026-08-13,TD25,2026-10-01,WSC,290.0
GFI,M,2026-08-13,TD22,2026-10-01,LSM,19.5
GFI,M,2026-08-13,TD19,2026-10-01,WSC,165.0
GFI,M,2026-08-13,TD3,2026-11-01,WSC,415.0
GFI,M,2026-08-13,TD20,2026-11-01,WSC,215.0
GFI,M,2026-08-13,TD7,2026-11-01,WSC,185.0
GFI,M,2026-08-13,TD8,2026-11-01,WSC,260.0
GFI,M,2026-08-13,TD25,2026-11-01,WSC,277.5
GFI,M,2026-08-13,TD22,2026-11-01,LSM,20.0
GFI,M,2026-08-13,TD19,2026-11-01,WSC,153.0
GFI,M,2026-08-13,TD3,2026-12-01,WSC,380.0
GFI,M,2026-08-13,TD20,2026-12-01,WSC,207.5
GFI,M,2026-08-13,TD7,2026-12-01,WSC,175.0
GFI,M,2026-08-13,TD8,2026-12-01,WSC,240.0
GFI,M,2026-08-13,TD25,2026-12-01,WSC,262.5
GFI,M,2026-08-13,TD22,2026-12-01,LSM,20.5
GFI,M,2026-08-13,TD19,2026-12-01,WSC,150.0
GFI,M,2026-08-13,TD3,2027-01-01,PMT,72.0
GFI,M,2026-08-13,TD20,2027-01-01,PMT,33.5
GFI,M,2026-08-13,TD7,2027-01-01,PMT,16.4
GFI,M,2026-08-13,TD8,2027-01-01,PMT,23.5
GFI,M,2026-08-13,TD25,2027-01-01,PMT,49.0
GFI,M,2026-08-13,TD22,2027-01-01,LSM,20.0
GFI,M,2026-08-13,TD19,2027-01-01,PMT,15.75
GFI,M,2026-08-13,TD3,2027-02-01,PMT,61.0
GFI,M,2026-08-13,TD20,2027-02-01,PMT,30.0
GFI,M,2026-08-13,TD7,2027-02-01,PMT,15.9
GFI,M,2026-08-13,TD8,2027-02-01,PMT,22.5
GFI,M,2026-08-13,TD25,2027-02-01,PMT,49.0
GFI,M,2026-08-13,TD22,2027-02-01,LSM,19.0
GFI,M,2026-08-13,TD19,2027-02-01,PMT,14.75
GFI,M,2026-08-13,TD3,2027-03-01,PMT,56.0
GFI,M,2026-08-13,TD20,2027-03-01,PMT,26.5
GFI,M,2026-08-13,TD7,2027-03-01,PMT,15.4
GFI,M,2026-08-13,TD8,2027-03-01,PMT,21.5
GFI,M,2026-08-13,TD25,2027-03-01,PMT,49.0
GFI,M,2026-08-13,TD22,2027-03-01,LSM,18.0
GFI,M,2026-08-13,TD19,2027-03-01,PMT,13.75
GFI,Q,2026-08-13,TD3,2026-10-01,WSC,415.0
GFI,Q,2026-08-13,TD20,2026-10-01,WSC,215.0
GFI,Q,2026-08-13,TD7,2026-10-01,WSC,185.0
GFI,Q,2026-08-13,TD8,2026-10-01,WSC,260.0
GFI,Q,2026-08-13,TD25,2026-10-01,WSC,276.666667
GFI,Q,2026-08-13,TD22,2026-10-01,LSM,20.0
GFI,Q,2026-08-13,TD19,2026-10-01,WSC,156.0
GFI,Q,2026-08-13,TD3,2027-01-01,PMT,63.0
GFI,Q,2026-08-13,TD20,2027-01-01,PMT,30.0
GFI,Q,2026-08-13,TD7,2027-01-01,PMT,15.9
GFI,Q,2026-08-13,TD8,2027-01-01,PMT,22.5
GFI,Q,2026-08-13,TD25,2027-01-01,PMT,49.0
GFI,Q,2026-08-13,TD22,2027-01-01,LSM,19.0
GFI,Q,2026-08-13,TD19,2027-01-01,PMT,14.75
GFI,Q,2026-08-13,TD3,2027-04-01,PMT,49.0
GFI,Q,2026-08-13,TD20,2027-04-01,PMT,23.0
GFI,Q,2026-08-13,TD7,2027-04-01,PMT,14.7
GFI,Q,2026-08-13,TD8,2027-04-01,PMT,20.5
GFI,Q,2026-08-13,TD25,2027-04-01,PMT,42.5
GFI,Q,2026-08-13,TD22,2027-04-01,LSM,16.0
GFI,Q,2026-08-13,TD19,2027-04-01,PMT,13.25
GFI,Q,2026-08-13,TD3,2027-07-01,PMT,29.0
GFI,Q,2026-08-13,TD20,2027-07-01,PMT,20.0
GFI,Q,2026-08-13,TD7,2027-07-01,PMT,14.1
GFI,Q,2026-08-13,TD8,2027-07-01,PMT,19.1
GFI,Q,2026-08-13,TD25,2027-07-01,PMT,37.25
GFI,Q,2026-08-13,TD22,2027-07-01,LSM,14.5
GFI,Q,2026-08-13,TD19,2027-07-01,PMT,13.0
GFI,Q,2026-08-13,TD3,2027-10-01,PMT,31.0
GFI,Q,2026-08-13,TD20,2027-10-01,PMT,24.0
GFI,Q,2026-08-13,TD7,2027-10-01,PMT,15.3
GFI,Q,2026-08-13,TD8,2027-10-01,PMT,21.2
GFI,Q,2026-08-13,TD25,2027-10-01,PMT,40.75
GFI,Q,2026-08-13,TD22,2027-10-01,LSM,15.5
GFI,Q,2026-08-13,TD19,2027-10-01,PMT,15.0
GFI,Q,2026-08-13,TD3,2028-01-01,PMT,24.0
GFI,Q,2026-08-13,TD20,2028-01-01,PMT,21.1
GFI,Q,2026-08-13,TD7,2028-01-01,PMT,15.0
GFI,Q,2026-08-13,TD8,2028-01-01,PMT,22.25
GFI,Q,2026-08-13,TD25,2028-01-01,PMT,37.5
GFI,Q,2026-08-13,TD22,2028-01-01,LSM,14.0
GFI,Q,2026-08-13,TD19,2028-01-01,PMT,15.55
GFI,Q,2026-08-13,TD3,2028-04-01,PMT,22.0
GFI,Q,2026-08-13,TD20,2028-04-01,PMT,19.1
GFI,Q,2026-08-13,TD7,2028-04-01,PMT,13.0
GFI,Q,2026-08-13,TD8,2028-04-01,PMT,20.25
GFI,Q,2026-08-13,TD25,2028-04-01,PMT,35.5
GFI,Q,2026-08-13,TD22,2028-04-01,LSM,12.0
GFI,Q,2026-08-13,TD19,2028-04-01,PMT,13.55
GFI,A,2026-08-13,TD3,2027-01-01,PMT,43.0
GFI,A,2026-08-13,TD20,2027-01-01,PMT,24.25
GFI,A,2026-08-13,TD7,2027-01-01,PMT,15.0
GFI,A,2026-08-13,TD8,2027-01-01,PMT,20.825
GFI,A,2026-08-13,TD25,2027-01-01,PMT,42.375
GFI,A,2026-08-13,TD22,2027-01-01,LSM,16.25
GFI,A,2026-08-13,TD19,2027-01-01,PMT,14.0
GFI,A,2026-08-13,TD3,2028-01-01,PMT,22.0
GFI,A,2026-08-13,TD20,2028-01-01,PMT,19.1
GFI,A,2026-08-13,TD7,2028-01-01,PMT,13.0
GFI,A,2026-08-13,TD8,2028-01-01,PMT,20.25
GFI,A,2026-08-13,TD25,2028-01-01,PMT,35.5
GFI,A,2026-08-13,TD22,2028-01-01,LSM,12.0
GFI,A,2026-08-13,TD19,2028-01-01,PMT,13.55
GFI,A,2026-08-13,TD3,2029-01-01,PMT,17.5
GFI,A,2026-08-13,TD20,2029-01-01,PMT,16.2
GFI,A,2026-08-13,TD7,2029-01-01,PMT,12.9
GFI,A,2026-08-13,TD8,2029-01-01,PMT,19.7
GFI,A,2026-08-13,TD25,2029-01-01,PMT,32.0
GFI,A,2026-08-13,TD22,2029-01-01,LSM,11.5
GFI,A,2026-08-13,TD19,2029-01-01,PMT,13.25
GFI,BITR,2026-08-14,TD3,2026-08-01,WSC,481.67
GFI,BITR,2026-08-14,TD20,2026-08-01,WSC,259.83
GFI,BITR,2026-08-14,TD7,2026-08-01,WSC,201.67
GFI,BITR,2026-08-14,TD8,2026-08-01,WSC,335.0
GFI,BITR,2026-08-14,TD25,2026-08-01,WSC,369.44
GFI,BITR,2026-08-14,TD22,2026-08-01,LSM,18.55
GFI,BITR,2026-08-14,TD19,2026-08-01,WSC,225.22
GFI,M,2026-08-14,TD3,2026-08-01,WSC,470.0
GFI,M,2026-08-14,TD20,2026-08-01,WSC,227.0
GFI,M,2026-08-14,TD7,2026-08-01,WSC,210.0
GFI,M,2026-08-14,TD8,2026-08-01,WSC,415.0
GFI,M,2026-08-14,TD25,2026-08-01,WSC,359.0
GFI,M,2026-08-14,TD22,2026-08-01,LSM,19.5
GFI,M,2026-08-14,TD19,2026-08-01,WSC,240.0
GFI,M,2026-08-14,TD3,2026-09-01,WSC,485.0
GFI,M,2026-08-14,TD20,2026-09-01,WSC,260.0
GFI,M,2026-08-14,TD7,2026-09-01,WSC,200.0
GFI,M,2026-08-14,TD8,2026-09-01,WSC,350.0
GFI,M,2026-08-14,TD25,2026-09-01,WSC,345.0
GFI,M,2026-08-14,TD22,2026-09-01,LSM,20.0
GFI,M,2026-08-14,TD19,2026-09-01,WSC,200.0
GFI,M,2026-08-14,TD3,2026-10-01,WSC,480.0
GFI,M,2026-08-14,TD20,2026-10-01,WSC,232.5
GFI,M,2026-08-14,TD7,2026-10-01,WSC,195.0
GFI,M,2026-08-14,TD8,2026-10-01,WSC,280.0
GFI,M,2026-08-14,TD25,2026-10-01,WSC,305.0
GFI,M,2026-08-14,TD22,2026-10-01,LSM,19.5
GFI,M,2026-08-14,TD19,2026-10-01,WSC,165.0
GFI,M,2026-08-14,TD3,2026-11-01,WSC,440.0
GFI,M,2026-08-14,TD20,2026-11-01,WSC,225.0
GFI,M,2026-08-14,TD7,2026-11-01,WSC,185.0
GFI,M,2026-08-14,TD8,2026-11-01,WSC,260.0
GFI,M,2026-08-14,TD25,2026-11-01,WSC,290.0
GFI,M,2026-08-14,TD22,2026-11-01,LSM,20.0
GFI,M,2026-08-14,TD19,2026-11-01,WSC,153.0
GFI,M,2026-08-14,TD3,2026-12-01,WSC,395.0
GFI,M,2026-08-14,TD20,2026-12-01,WSC,217.5
GFI,M,2026-08-14,TD7,2026-12-01,WSC,175.0
GFI,M,2026-08-14,TD8,2026-12-01,WSC,240.0
GFI,M,2026-08-14,TD25,2026-12-01,WSC,275.0
GFI,M,2026-08-14,TD22,2026-12-01,LSM,20.5
GFI,M,2026-08-14,TD19,2026-12-01,WSC,150.0
GFI,M,2026-08-14,TD3,2027-01-01,PMT,85.25
GFI,M,2026-08-14,TD20,2027-01-01,PMT,34.25
GFI,M,2026-08-14,TD7,2027-01-01,PMT,16.4
GFI,M,2026-08-14,TD8,2027-01-01,PMT,23.5
GFI,M,2026-08-14,TD25,2027-01-01,PMT,50.5
GFI,M,2026-08-14,TD22,2027-01-01,LSM,20.0
GFI,M,2026-08-14,TD19,2027-01-01,PMT,15.75
GFI,M,2026-08-14,TD3,2027-02-01,PMT,77.25
GFI,M,2026-08-14,TD20,2027-02-01,PMT,30.75
GFI,M,2026-08-14,TD7,2027-02-01,PMT,15.9
GFI,M,2026-08-14,TD8,2027-02-01,PMT,22.5
GFI,M,2026-08-14,TD25,2027-02-01,PMT,50.5
GFI,M,2026-08-14,TD22,2027-02-01,LSM,19.0
GFI,M,2026-08-14,TD19,2027-02-01,PMT,14.75
GFI,M,2026-08-14,TD3,2027-03-01,PMT,72.25
GFI,M,2026-08-14,TD20,2027-03-01,PMT,27.25
GFI,M,2026-08-14,TD7,2027-03-01,PMT,15.4
GFI,M,2026-08-14,TD8,2027-03-01,PMT,21.5
GFI,M,2026-08-14,TD25,2027-03-01,PMT,50.5
GFI,M,2026-08-14,TD22,2027-03-01,LSM,18.0
GFI,M,2026-08-14,TD19,2027-03-01,PMT,13.75
GFI,Q,2026-08-14,TD3,2026-10-01,WSC,438.333333
GFI,Q,2026-08-14,TD20,2026-10-01,WSC,225.0
GFI,Q,2026-08-14,TD7,2026-10-01,WSC,185.0
GFI,Q,2026-08-14,TD8,2026-10-01,WSC,260.0
GFI,Q,2026-08-14,TD25,2026-10-01,WSC,290.0
GFI,Q,2026-08-14,TD22,2026-10-01,LSM,20.0
GFI,Q,2026-08-14,TD19,2026-10-01,WSC,156.0
GFI,Q,2026-08-14,TD3,2027-01-01,PMT,78.25
GFI,Q,2026-08-14,TD20,2027-01-01,PMT,30.75
GFI,Q,2026-08-14,TD7,2027-01-01,PMT,15.9
GFI,Q,2026-08-14,TD8,2027-01-01,PMT,22.5
GFI,Q,2026-08-14,TD25,2027-01-01,PMT,50.5
GFI,Q,2026-08-14,TD22,2027-01-01,LSM,19.0
GFI,Q,2026-08-14,TD19,2027-01-01,PMT,14.75
GFI,Q,2026-08-14,TD3,2027-04-01,PMT,60.0
GFI,Q,2026-08-14,TD20,2027-04-01,PMT,23.75
GFI,Q,2026-08-14,TD7,2027-04-01,PMT,14.7
GFI,Q,2026-08-14,TD8,2027-04-01,PMT,20.5
GFI,Q,2026-08-14,TD25,2027-04-01,PMT,43.0
GFI,Q,2026-08-14,TD22,2027-04-01,LSM,16.0
GFI,Q,2026-08-14,TD19,2027-04-01,PMT,13.25
GFI,Q,2026-08-14,TD3,2027-07-01,PMT,37.0
GFI,Q,2026-08-14,TD20,2027-07-01,PMT,21.25
GFI,Q,2026-08-14,TD7,2027-07-01,PMT,14.1
GFI,Q,2026-08-14,TD8,2027-07-01,PMT,19.1
GFI,Q,2026-08-14,TD25,2027-07-01,PMT,38.5
GFI,Q,2026-08-14,TD22,2027-07-01,LSM,14.5
GFI,Q,2026-08-14,TD19,2027-07-01,PMT,13.0
GFI,Q,2026-08-14,TD3,2027-10-01,PMT,39.0
GFI,Q,2026-08-14,TD20,2027-10-01,PMT,25.25
GFI,Q,2026-08-14,TD7,2027-10-01,PMT,15.3
GFI,Q,2026-08-14,TD8,2027-10-01,PMT,21.2
GFI,Q,2026-08-14,TD25,2027-10-01,PMT,42.0
GFI,Q,2026-08-14,TD22,2027-10-01,LSM,15.5
GFI,Q,2026-08-14,TD19,2027-10-01,PMT,15.0
GFI,Q,2026-08-14,TD3,2028-01-01,PMT,25.0
GFI,Q,2026-08-14,TD20,2028-01-01,PMT,21.5
GFI,Q,2026-08-14,TD7,2028-01-01,PMT,15.0
GFI,Q,2026-08-14,TD8,2028-01-01,PMT,22.25
GFI,Q,2026-08-14,TD25,2028-01-01,PMT,37.0
GFI,Q,2026-08-14,TD22,2028-01-01,LSM,14.0
GFI,Q,2026-08-14,TD19,2028-01-01,PMT,15.55
GFI,Q,2026-08-14,TD3,2028-04-01,PMT,23.0
GFI,Q,2026-08-14,TD20,2028-04-01,PMT,19.5
GFI,Q,2026-08-14,TD7,2028-04-01,PMT,13.0
GFI,Q,2026-08-14,TD8,2028-04-01,PMT,20.25
GFI,Q,2026-08-14,TD25,2028-04-01,PMT,35.0
GFI,Q,2026-08-14,TD22,2028-04-01,LSM,12.0
GFI,Q,2026-08-14,TD19,2028-04-01,PMT,13.55
GFI,A,2026-08-14,TD3,2027-01-01,PMT,53.5625
GFI,A,2026-08-14,TD20,2027-01-01,PMT,25.25
GFI,A,2026-08-14,TD7,2027-01-01,PMT,15.0
GFI,A,2026-08-14,TD8,2027-01-01,PMT,20.825
GFI,A,2026-08-14,TD25,2027-01-01,PMT,43.5
GFI,A,2026-08-14,TD22,2027-01-01,LSM,16.25
GFI,A,2026-08-14,TD19,2027-01-01,PMT,14.0
GFI,A,2026-08-14,TD3,2028-01-01,PMT,23.0
GFI,A,2026-08-14,TD20,2028-01-01,PMT,19.5
GFI,A,2026-08-14,TD7,2028-01-01,PMT,13.0
GFI,A,2026-08-14,TD8,2028-01-01,PMT,20.25
GFI,A,2026-08-14,TD25,2028-01-01,PMT,35.0
GFI,A,2026-08-14,TD22,2028-01-01,LSM,12.0
GFI,A,2026-08-14,TD19,2028-01-01,PMT,13.55
GFI,A,2026-08-14,TD3,2029-01-01,PMT,18.5
GFI,A,2026-08-14,TD20,2029-01-01,PMT,16.25
GFI,A,2026-08-14,TD7,2029-01-01,PMT,12.9
GFI,A,2026-08-14,TD8,2029-01-01,PMT,19.7
GFI,A,2026-08-14,TD25,2029-01-01,PMT,32.0
GFI,A,2026-08-14,TD22,2029-01-01,LSM,11.5
GFI,A,2026-08-14,TD19,2029-01-01,PMT,13.25
GFI,BITR,2026-08-17,TD3,2026-08-01,WSC,501.67
GFI,BITR,2026-08-17,TD20,2026-08-01,WSC,311.67
GFI,BITR,2026-08-17,TD7,2026-08-01,WSC,202.08
GFI,BITR,2026-08-17,TD8,2026-08-01,WSC,327.0
GFI,BITR,2026-08-17,TD25,2026-08-01,WSC,377.22
GFI,BITR,2026-08-17,TD22,2026-08-01,LSM,18.791667
GFI,BITR,2026-08-17,TD19,2026-08-01,WSC,226.06
GFI,M,2026-08-17,TD3,2026-08-01,WSC,470.0
GFI,M,2026-08-17,TD20,2026-08-01,WSC,250.0
GFI,M,2026-08-17,TD7,2026-08-01,WSC,210.0
GFI,M,2026-08-17,TD8,2026-08-01,WSC,415.0
GFI,M,2026-08-17,TD25,2026-08-01,WSC,360.0
GFI,M,2026-08-17,TD22,2026-08-01,LSM,19.5
GFI,M,2026-08-17,TD19,2026-08-01,WSC,240.0
GFI,M,2026-08-17,TD3,2026-09-01,WSC,485.0
GFI,M,2026-08-17,TD20,2026-09-01,WSC,280.0
GFI,M,2026-08-17,TD7,2026-09-01,WSC,200.0
GFI,M,2026-08-17,TD8,2026-09-01,WSC,350.0
GFI,M,2026-08-17,TD25,2026-09-01,WSC,345.0
GFI,M,2026-08-17,TD22,2026-09-01,LSM,20.0
GFI,M,2026-08-17,TD19,2026-09-01,WSC,200.0
GFI,M,2026-08-17,TD3,2026-10-01,WSC,468.75
GFI,M,2026-08-17,TD20,2026-10-01,WSC,242.5
GFI,M,2026-08-17,TD7,2026-10-01,WSC,195.0
GFI,M,2026-08-17,TD8,2026-10-01,WSC,280.0
GFI,M,2026-08-17,TD25,2026-10-01,WSC,313.0
GFI,M,2026-08-17,TD22,2026-10-01,LSM,19.5
GFI,M,2026-08-17,TD19,2026-10-01,WSC,165.0
GFI,M,2026-08-17,TD3,2026-11-01,WSC,441.25
GFI,M,2026-08-17,TD20,2026-11-01,WSC,230.0
GFI,M,2026-08-17,TD7,2026-11-01,WSC,185.0
GFI,M,2026-08-17,TD8,2026-11-01,WSC,260.0
GFI,M,2026-08-17,TD25,2026-11-01,WSC,294.0
GFI,M,2026-08-17,TD22,2026-11-01,LSM,20.0
GFI,M,2026-08-17,TD19,2026-11-01,WSC,153.0
GFI,M,2026-08-17,TD3,2026-12-01,WSC,410.0
GFI,M,2026-08-17,TD20,2026-12-01,WSC,217.5
GFI,M,2026-08-17,TD7,2026-12-01,WSC,175.0
GFI,M,2026-08-17,TD8,2026-12-01,WSC,240.0
GFI,M,2026-08-17,TD25,2026-12-01,WSC,278.0
GFI,M,2026-08-17,TD22,2026-12-01,LSM,20.5
GFI,M,2026-08-17,TD19,2026-12-01,WSC,150.0
GFI,M,2026-08-17,TD3,2027-01-01,PMT,82.5
GFI,M,2026-08-17,TD20,2027-01-01,PMT,34.25
GFI,M,2026-08-17,TD7,2027-01-01,PMT,16.4
GFI,M,2026-08-17,TD8,2027-01-01,PMT,23.5
GFI,M,2026-08-17,TD25,2027-01-01,PMT,50.0
GFI,M,2026-08-17,TD22,2027-01-01,LSM,20.0
GFI,M,2026-08-17,TD19,2027-01-01,PMT,15.75
GFI,M,2026-08-17,TD3,2027-02-01,PMT,80.0
GFI,M,2026-08-17,TD20,2027-02-01,PMT,30.75
GFI,M,2026-08-17,TD7,2027-02-01,PMT,15.9
GFI,M,2026-08-17,TD8,2027-02-01,PMT,22.5
GFI,M,2026-08-17,TD25,2027-02-01,PMT,50.0
GFI,M,2026-08-17,TD22,2027-02-01,LSM,19.0
GFI,M,2026-08-17,TD19,2027-02-01,PMT,14.75
GFI,M,2026-08-17,TD3,2027-03-01,PMT,77.5
GFI,M,2026-08-17,TD20,2027-03-01,PMT,27.25
GFI,M,2026-08-17,TD7,2027-03-01,PMT,15.4
GFI,M,2026-08-17,TD8,2027-03-01,PMT,21.5
GFI,M,2026-08-17,TD25,2027-03-01,PMT,50.0
GFI,M,2026-08-17,TD22,2027-03-01,LSM,18.0
GFI,M,2026-08-17,TD19,2027-03-01,PMT,13.75
GFI,Q,2026-08-17,TD3,2026-10-01,WSC,440.0
GFI,Q,2026-08-17,TD20,2026-10-01,WSC,230.0
GFI,Q,2026-08-17,TD7,2026-10-01,WSC,185.0
GFI,Q,2026-08-17,TD8,2026-10-01,WSC,260.0
GFI,Q,2026-08-17,TD25,2026-10-01,WSC,295.0
GFI,Q,2026-08-17,TD22,2026-10-01,LSM,20.0
GFI,Q,2026-08-17,TD19,2026-10-01,WSC,156.0
GFI,Q,2026-08-17,TD3,2027-01-01,PMT,80.0
GFI,Q,2026-08-17,TD20,2027-01-01,PMT,30.75
GFI,Q,2026-08-17,TD7,2027-01-01,PMT,15.9
GFI,Q,2026-08-17,TD8,2027-01-01,PMT,22.5
GFI,Q,2026-08-17,TD25,2027-01-01,PMT,50.0
GFI,Q,2026-08-17,TD22,2027-01-01,LSM,19.0
GFI,Q,2026-08-17,TD19,2027-01-01,PMT,14.75
GFI,Q,2026-08-17,TD3,2027-04-01,PMT,64.0
GFI,Q,2026-08-17,TD20,2027-04-01,PMT,23.75
GFI,Q,2026-08-17,TD7,2027-04-01,PMT,14.7
GFI,Q,2026-08-17,TD8,2027-04-01,PMT,20.5
GFI,Q,2026-08-17,TD25,2027-04-01,PMT,43.5
GFI,Q,2026-08-17,TD22,2027-04-01,LSM,16.0
GFI,Q,2026-08-17,TD19,2027-04-01,PMT,13.25
GFI,Q,2026-08-17,TD3,2027-07-01,PMT,39.0
GFI,Q,2026-08-17,TD20,2027-07-01,PMT,21.25
GFI,Q,2026-08-17,TD7,2027-07-01,PMT,14.1
GFI,Q,2026-08-17,TD8,2027-07-01,PMT,19.1
GFI,Q,2026-08-17,TD25,2027-07-01,PMT,38.75
GFI,Q,2026-08-17,TD22,2027-07-01,LSM,14.5
GFI,Q,2026-08-17,TD19,2027-07-01,PMT,13.0
GFI,Q,2026-08-17,TD3,2027-10-01,PMT,41.0
GFI,Q,2026-08-17,TD20,2027-10-01,PMT,25.25
GFI,Q,2026-08-17,TD7,2027-10-01,PMT,15.3
GFI,Q,2026-08-17,TD8,2027-10-01,PMT,21.2
GFI,Q,2026-08-17,TD25,2027-10-01,PMT,42.25
GFI,Q,2026-08-17,TD22,2027-10-01,LSM,15.5
GFI,Q,2026-08-17,TD19,2027-10-01,PMT,15.0
GFI,Q,2026-08-17,TD3,2028-01-01,PMT,25.0
GFI,Q,2026-08-17,TD20,2028-01-01,PMT,21.5
GFI,Q,2026-08-17,TD7,2028-01-01,PMT,15.0
GFI,Q,2026-08-17,TD8,2028-01-01,PMT,22.25
GFI,Q,2026-08-17,TD25,2028-01-01,PMT,37.5
GFI,Q,2026-08-17,TD22,2028-01-01,LSM,14.0
GFI,Q,2026-08-17,TD19,2028-01-01,PMT,15.55
GFI,Q,2026-08-17,TD3,2028-04-01,PMT,23.0
GFI,Q,2026-08-17,TD20,2028-04-01,PMT,19.5
GFI,Q,2026-08-17,TD7,2028-04-01,PMT,13.0
GFI,Q,2026-08-17,TD8,2028-04-01,PMT,20.25
GFI,Q,2026-08-17,TD25,2028-04-01,PMT,35.5
GFI,Q,2026-08-17,TD22,2028-04-01,LSM,12.0
GFI,Q,2026-08-17,TD19,2028-04-01,PMT,13.55
GFI,A,2026-08-17,TD3,2027-01-01,PMT,56.0
GFI,A,2026-08-17,TD20,2027-01-01,PMT,25.25
GFI,A,2026-08-17,TD7,2027-01-01,PMT,15.0
GFI,A,2026-08-17,TD8,2027-01-01,PMT,20.825
GFI,A,2026-08-17,TD25,2027-01-01,PMT,43.625
GFI,A,2026-08-17,TD22,2027-01-01,LSM,16.25
GFI,A,2026-08-17,TD19,2027-01-01,PMT,14.0
GFI,A,2026-08-17,TD3,2028-01-01,PMT,23.0
GFI,A,2026-08-17,TD20,2028-01-01,PMT,19.5
GFI,A,2026-08-17,TD7,2028-01-01,PMT,13.0
GFI,A,2026-08-17,TD8,2028-01-01,PMT,20.25
GFI,A,2026-08-17,TD25,2028-01-01,PMT,35.5
GFI,A,2026-08-17,TD22,2028-01-01,LSM,12.0
GFI,A,2026-08-17,TD19,2028-01-01,PMT,13.55
GFI,A,2026-08-17,TD3,2029-01-01,PMT,18.5
GFI,A,2026-08-17,TD20,2029-01-01,PMT,16.25
GFI,A,2026-08-17,TD7,2029-01-01,PMT,12.9
GFI,A,2026-08-17,TD8,2029-01-01,PMT,19.7
GFI,A,2026-08-17,TD25,2029-01-01,PMT,32.0
GFI,A,2026-08-17,TD22,2029-01-01,LSM,11.5
GFI,A,2026-08-17,TD19,2029-01-01,PMT,13.25
GFI,BITR,2026-08-18,TD3,2026-08-01,WSC,514.44
GFI,BITR,2026-08-18,TD20,2026-08-01,WSC,328.33
GFI,BITR,2026-08-18,TD7,2026-08-01,WSC,202.08
GFI,BITR,2026-08-18,TD8,2026-08-01,WSC,324.17
GFI,BITR,2026-08-18,TD25,2026-08-01,WSC,361.67
GFI,BITR,2026-08-18,TD22,2026-08-01,LSM,20.322222
GFI,BITR,2026-08-18,TD19,2026-08-01,WSC,227.5
GFI,M,2026-08-18,TD3,2026-08-01,WSC,489.0
GFI,M,2026-08-18,TD20,2026-08-01,WSC,251.0
GFI,M,2026-08-18,TD7,2026-08-01,WSC,210.0
GFI,M,2026-08-18,TD8,2026-08-01,WSC,415.0
GFI,M,2026-08-18,TD25,2026-08-01,WSC,334.75
GFI,M,2026-08-18,TD22,2026-08-01,LSM,19.35
GFI,M,2026-08-18,TD19,2026-08-01,WSC,240.0
GFI,M,2026-08-18,TD3,2026-09-01,WSC,510.0
GFI,M,2026-08-18,TD20,2026-09-01,WSC,276.0
GFI,M,2026-08-18,TD7,2026-09-01,WSC,200.0
GFI,M,2026-08-18,TD8,2026-09-01,WSC,350.0
GFI,M,2026-08-18,TD25,2026-09-01,WSC,325.0
GFI,M,2026-08-18,TD22,2026-09-01,LSM,22.5
GFI,M,2026-08-18,TD19,2026-09-01,WSC,200.0
GFI,M,2026-08-18,TD3,2026-10-01,WSC,490.0
GFI,M,2026-08-18,TD20,2026-10-01,WSC,247.5
GFI,M,2026-08-18,TD7,2026-10-01,WSC,195.0
GFI,M,2026-08-18,TD8,2026-10-01,WSC,280.0
GFI,M,2026-08-18,TD25,2026-10-01,WSC,300.0
GFI,M,2026-08-18,TD22,2026-10-01,LSM,22.5
GFI,M,2026-08-18,TD19,2026-10-01,WSC,165.0
GFI,M,2026-08-18,TD3,2026-11-01,WSC,460.0
GFI,M,2026-08-18,TD20,2026-11-01,WSC,227.5
GFI,M,2026-08-18,TD7,2026-11-01,WSC,185.0
GFI,M,2026-08-18,TD8,2026-11-01,WSC,260.0
GFI,M,2026-08-18,TD25,2026-11-01,WSC,290.0
GFI,M,2026-08-18,TD22,2026-11-01,LSM,22.25
GFI,M,2026-08-18,TD19,2026-11-01,WSC,153.0
GFI,M,2026-08-18,TD3,2026-12-01,WSC,430.0
GFI,M,2026-08-18,TD20,2026-12-01,WSC,215.0
GFI,M,2026-08-18,TD7,2026-12-01,WSC,175.0
GFI,M,2026-08-18,TD8,2026-12-01,WSC,240.0
GFI,M,2026-08-18,TD25,2026-12-01,WSC,280.0
GFI,M,2026-08-18,TD22,2026-12-01,LSM,22.0
GFI,M,2026-08-18,TD19,2026-12-01,WSC,150.0
GFI,M,2026-08-18,TD3,2027-01-01,PMT,87.5
GFI,M,2026-08-18,TD20,2027-01-01,PMT,36.65
GFI,M,2026-08-18,TD7,2027-01-01,PMT,16.4
GFI,M,2026-08-18,TD8,2027-01-01,PMT,23.5
GFI,M,2026-08-18,TD25,2027-01-01,PMT,50.5
GFI,M,2026-08-18,TD22,2027-01-01,LSM,21.0
GFI,M,2026-08-18,TD19,2027-01-01,PMT,15.75
GFI,M,2026-08-18,TD3,2027-02-01,PMT,85.0
GFI,M,2026-08-18,TD20,2027-02-01,PMT,33.15
GFI,M,2026-08-18,TD7,2027-02-01,PMT,15.9
GFI,M,2026-08-18,TD8,2027-02-01,PMT,22.5
GFI,M,2026-08-18,TD25,2027-02-01,PMT,50.5
GFI,M,2026-08-18,TD22,2027-02-01,LSM,20.0
GFI,M,2026-08-18,TD19,2027-02-01,PMT,14.75
GFI,M,2026-08-18,TD3,2027-03-01,PMT,82.5
GFI,M,2026-08-18,TD20,2027-03-01,PMT,29.65
GFI,M,2026-08-18,TD7,2027-03-01,PMT,15.4
GFI,M,2026-08-18,TD8,2027-03-01,PMT,21.5
GFI,M,2026-08-18,TD25,2027-03-01,PMT,50.5
GFI,M,2026-08-18,TD22,2027-03-01,LSM,19.0
GFI,M,2026-08-18,TD19,2027-03-01,PMT,13.75
GFI,Q,2026-08-18,TD3,2026-10-01,WSC,460.0
GFI,Q,2026-08-18,TD20,2026-10-01,WSC,230.0
GFI,Q,2026-08-18,TD7,2026-10-01,WSC,185.0
GFI,Q,2026-08-18,TD8,2026-10-01,WSC,260.0
GFI,Q,2026-08-18,TD25,2026-10-01,WSC,290.0
GFI,Q,2026-08-18,TD22,2026-10-01,LSM,22.25
GFI,Q,2026-08-18,TD19,2026-10-01,WSC,156.0
GFI,Q,2026-08-18,TD3,2027-01-01,PMT,85.0
GFI,Q,2026-08-18,TD20,2027-01-01,PMT,33.15
GFI,Q,2026-08-18,TD7,2027-01-01,PMT,15.9
GFI,Q,2026-08-18,TD8,2027-01-01,PMT,22.5
GFI,Q,2026-08-18,TD25,2027-01-01,PMT,50.5
GFI,Q,2026-08-18,TD22,2027-01-01,LSM,20.0
GFI,Q,2026-08-18,TD19,2027-01-01,PMT,14.75
GFI,Q,2026-08-18,TD3,2027-04-01,PMT,69.0
GFI,Q,2026-08-18,TD20,2027-04-01,PMT,26.65
GFI,Q,2026-08-18,TD7,2027-04-01,PMT,14.7
GFI,Q,2026-08-18,TD8,2027-04-01,PMT,20.5
GFI,Q,2026-08-18,TD25,2027-04-01,PMT,43.0
GFI,Q,2026-08-18,TD22,2027-04-01,LSM,17.5
GFI,Q,2026-08-18,TD19,2027-04-01,PMT,13.25
GFI,Q,2026-08-18,TD3,2027-07-01,PMT,42.0
GFI,Q,2026-08-18,TD20,2027-07-01,PMT,22.9
GFI,Q,2026-08-18,TD7,2027-07-01,PMT,14.1
GFI,Q,2026-08-18,TD8,2027-07-01,PMT,19.1
GFI,Q,2026-08-18,TD25,2027-07-01,PMT,38.75
GFI,Q,2026-08-18,TD22,2027-07-01,LSM,14.75
GFI,Q,2026-08-18,TD19,2027-07-01,PMT,13.0
GFI,Q,2026-08-18,TD3,2027-10-01,PMT,44.0
GFI,Q,2026-08-18,TD20,2027-10-01,PMT,26.7
GFI,Q,2026-08-18,TD7,2027-10-01,PMT,15.3
GFI,Q,2026-08-18,TD8,2027-10-01,PMT,21.2
GFI,Q,2026-08-18,TD25,2027-10-01,PMT,42.25
GFI,Q,2026-08-18,TD22,2027-10-01,LSM,15.75
GFI,Q,2026-08-18,TD19,2027-10-01,PMT,15.0
GFI,Q,2026-08-18,TD3,2028-01-01,PMT,25.0
GFI,Q,2026-08-18,TD20,2028-01-01,PMT,21.2
GFI,Q,2026-08-18,TD7,2028-01-01,PMT,15.0
GFI,Q,2026-08-18,TD8,2028-01-01,PMT,22.25
GFI,Q,2026-08-18,TD25,2028-01-01,PMT,37.3
GFI,Q,2026-08-18,TD22,2028-01-01,LSM,14.0
GFI,Q,2026-08-18,TD19,2028-01-01,PMT,15.55
GFI,Q,2026-08-18,TD3,2028-04-01,PMT,23.0
GFI,Q,2026-08-18,TD20,2028-04-01,PMT,19.2
GFI,Q,2026-08-18,TD7,2028-04-01,PMT,13.0
GFI,Q,2026-08-18,TD8,2028-04-01,PMT,20.25
GFI,Q,2026-08-18,TD25,2028-04-01,PMT,35.3
GFI,Q,2026-08-18,TD22,2028-04-01,LSM,12.0
GFI,Q,2026-08-18,TD19,2028-04-01,PMT,13.55
GFI,A,2026-08-18,TD3,2027-01-01,PMT,60.0
GFI,A,2026-08-18,TD20,2027-01-01,PMT,27.35
GFI,A,2026-08-18,TD7,2027-01-01,PMT,15.0
GFI,A,2026-08-18,TD8,2027-01-01,PMT,20.825
GFI,A,2026-08-18,TD25,2027-01-01,PMT,43.625
GFI,A,2026-08-18,TD22,2027-01-01,LSM,17.0
GFI,A,2026-08-18,TD19,2027-01-01,PMT,14.0
GFI,A,2026-08-18,TD3,2028-01-01,PMT,23.0
GFI,A,2026-08-18,TD20,2028-01-01,PMT,19.2
GFI,A,2026-08-18,TD7,2028-01-01,PMT,13.0
GFI,A,2026-08-18,TD8,2028-01-01,PMT,20.25
GFI,A,2026-08-18,TD25,2028-01-01,PMT,35.3
GFI,A,2026-08-18,TD22,2028-01-01,LSM,12.0
GFI,A,2026-08-18,TD19,2028-01-01,PMT,13.55
GFI,A,2026-08-18,TD3,2029-01-01,PMT,19.0
GFI,A,2026-08-18,TD20,2029-01-01,PMT,16.25
GFI,A,2026-08-18,TD7,2029-01-01,PMT,12.9
GFI,A,2026-08-18,TD8,2029-01-01,PMT,19.7
GFI,A,2026-08-18,TD25,2029-01-01,PMT,32.0
GFI,A,2026-08-18,TD22,2029-01-01,LSM,11.5
GFI,A,2026-08-18,TD19,2029-01-01,PMT,13.25
GFI,BITR,2026-08-19,TD3,2026-08-01,WSC,546.25
GFI,BITR,2026-08-19,TD20,2026-08-01,WSC,333.89
GFI,BITR,2026-08-19,TD7,2026-08-01,WSC,202.5
GFI,BITR,2026-08-19,TD8,2026-08-01,WSC,317.83
GFI,BITR,2026-08-19,TD25,2026-08-01,WSC,332.78
GFI,BITR,2026-08-19,TD22,2026-08-01,LSM,22.044444
GFI,BITR,2026-08-19,TD19,2026-08-01,WSC,242.5
GFI,M,2026-08-19,TD3,2026-08-01,WSC,515.0
GFI,M,2026-08-19,TD20,2026-08-01,WSC,255.0
GFI,M,2026-08-19,TD7,2026-08-01,WSC,210.0
GFI,M,2026-08-19,TD8,2026-08-01,WSC,400.0
GFI,M,2026-08-19,TD25,2026-08-01,WSC,337.0
GFI,M,2026-08-19,TD22,2026-08-01,LSM,20.25
GFI,M,2026-08-19,TD19,2026-08-01,WSC,230.0
GFI,M,2026-08-19,TD3,2026-09-01,WSC,560.0
GFI,M,2026-08-19,TD20,2026-09-01,WSC,290.0
GFI,M,2026-08-19,TD7,2026-09-01,WSC,200.0
GFI,M,2026-08-19,TD8,2026-09-01,WSC,350.0
GFI,M,2026-08-19,TD25,2026-09-01,WSC,335.0
GFI,M,2026-08-19,TD22,2026-09-01,LSM,25.0
GFI,M,2026-08-19,TD19,2026-09-01,WSC,200.0
GFI,M,2026-08-19,TD3,2026-10-01,WSC,530.0
GFI,M,2026-08-19,TD20,2026-10-01,WSC,255.0
GFI,M,2026-08-19,TD7,2026-10-01,WSC,195.0
GFI,M,2026-08-19,TD8,2026-10-01,WSC,280.0
GFI,M,2026-08-19,TD25,2026-10-01,WSC,320.0
GFI,M,2026-08-19,TD22,2026-10-01,LSM,25.0
GFI,M,2026-08-19,TD19,2026-10-01,WSC,165.0
GFI,M,2026-08-19,TD3,2026-11-01,WSC,500.0
GFI,M,2026-08-19,TD20,2026-11-01,WSC,230.0
GFI,M,2026-08-19,TD7,2026-11-01,WSC,185.0
GFI,M,2026-08-19,TD8,2026-11-01,WSC,260.0
GFI,M,2026-08-19,TD25,2026-11-01,WSC,309.0
GFI,M,2026-08-19,TD22,2026-11-01,LSM,24.75
GFI,M,2026-08-19,TD19,2026-11-01,WSC,153.0
GFI,M,2026-08-19,TD3,2026-12-01,WSC,470.0
GFI,M,2026-08-19,TD20,2026-12-01,WSC,225.0
GFI,M,2026-08-19,TD7,2026-12-01,WSC,175.0
GFI,M,2026-08-19,TD8,2026-12-01,WSC,240.0
GFI,M,2026-08-19,TD25,2026-12-01,WSC,295.0
GFI,M,2026-08-19,TD22,2026-12-01,LSM,24.5
GFI,M,2026-08-19,TD19,2026-12-01,WSC,150.0
GFI,M,2026-08-19,TD3,2027-01-01,PMT,87.5
GFI,M,2026-08-19,TD20,2027-01-01,PMT,37.5
GFI,M,2026-08-19,TD7,2027-01-01,PMT,16.4
GFI,M,2026-08-19,TD8,2027-01-01,PMT,23.5
GFI,M,2026-08-19,TD25,2027-01-01,PMT,53.0
GFI,M,2026-08-19,TD22,2027-01-01,LSM,24.0
GFI,M,2026-08-19,TD19,2027-01-01,PMT,15.75
GFI,M,2026-08-19,TD3,2027-02-01,PMT,85.0
GFI,M,2026-08-19,TD20,2027-02-01,PMT,34.0
GFI,M,2026-08-19,TD7,2027-02-01,PMT,15.9
GFI,M,2026-08-19,TD8,2027-02-01,PMT,22.5
GFI,M,2026-08-19,TD25,2027-02-01,PMT,53.0
GFI,M,2026-08-19,TD22,2027-02-01,LSM,23.0
GFI,M,2026-08-19,TD19,2027-02-01,PMT,14.75
GFI,M,2026-08-19,TD3,2027-03-01,PMT,82.5
GFI,M,2026-08-19,TD20,2027-03-01,PMT,30.5
GFI,M,2026-08-19,TD7,2027-03-01,PMT,15.4
GFI,M,2026-08-19,TD8,2027-03-01,PMT,21.5
GFI,M,2026-08-19,TD25,2027-03-01,PMT,53.0
GFI,M,2026-08-19,TD22,2027-03-01,LSM,22.0
GFI,M,2026-08-19,TD19,2027-03-01,PMT,13.75
GFI,Q,2026-08-19,TD3,2026-10-01,WSC,500.0
GFI,Q,2026-08-19,TD20,2026-10-01,WSC,236.666667
GFI,Q,2026-08-19,TD7,2026-10-01,WSC,185.0
GFI,Q,2026-08-19,TD8,2026-10-01,WSC,260.0
GFI,Q,2026-08-19,TD25,2026-10-01,WSC,308.0
GFI,Q,2026-08-19,TD22,2026-10-01,LSM,24.75
GFI,Q,2026-08-19,TD19,2026-10-01,WSC,156.0
GFI,Q,2026-08-19,TD3,2027-01-01,PMT,85.0
GFI,Q,2026-08-19,TD20,2027-01-01,PMT,34.0
GFI,Q,2026-08-19,TD7,2027-01-01,PMT,15.9
GFI,Q,2026-08-19,TD8,2027-01-01,PMT,22.5
GFI,Q,2026-08-19,TD25,2027-01-01,PMT,53.0
GFI,Q,2026-08-19,TD22,2027-01-01,LSM,23.0
GFI,Q,2026-08-19,TD19,2027-01-01,PMT,14.75
GFI,Q,2026-08-19,TD3,2027-04-01,PMT,69.0
GFI,Q,2026-08-19,TD20,2027-04-01,PMT,28.0
GFI,Q,2026-08-19,TD7,2027-04-01,PMT,14.7
GFI,Q,2026-08-19,TD8,2027-04-01,PMT,20.5
GFI,Q,2026-08-19,TD25,2027-04-01,PMT,43.5
GFI,Q,2026-08-19,TD22,2027-04-01,LSM,17.5
GFI,Q,2026-08-19,TD19,2027-04-01,PMT,13.25
GFI,Q,2026-08-19,TD3,2027-07-01,PMT,42.0
GFI,Q,2026-08-19,TD20,2027-07-01,PMT,24.5
GFI,Q,2026-08-19,TD7,2027-07-01,PMT,14.1
GFI,Q,2026-08-19,TD8,2027-07-01,PMT,19.1
GFI,Q,2026-08-19,TD25,2027-07-01,PMT,39.0
GFI,Q,2026-08-19,TD22,2027-07-01,LSM,14.75
GFI,Q,2026-08-19,TD19,2027-07-01,PMT,13.0
GFI,Q,2026-08-19,TD3,2027-10-01,PMT,44.0
GFI,Q,2026-08-19,TD20,2027-10-01,PMT,25.5
GFI,Q,2026-08-19,TD7,2027-10-01,PMT,15.3
GFI,Q,2026-08-19,TD8,2027-10-01,PMT,21.2
GFI,Q,2026-08-19,TD25,2027-10-01,PMT,42.5
GFI,Q,2026-08-19,TD22,2027-10-01,LSM,15.75
GFI,Q,2026-08-19,TD19,2027-10-01,PMT,15.0
GFI,Q,2026-08-19,TD3,2028-01-01,PMT,26.0
GFI,Q,2026-08-19,TD20,2028-01-01,PMT,21.5
GFI,Q,2026-08-19,TD7,2028-01-01,PMT,15.0
GFI,Q,2026-08-19,TD8,2028-01-01,PMT,22.25
GFI,Q,2026-08-19,TD25,2028-01-01,PMT,38.5
GFI,Q,2026-08-19,TD22,2028-01-01,LSM,14.0
GFI,Q,2026-08-19,TD19,2028-01-01,PMT,15.55
GFI,Q,2026-08-19,TD3,2028-04-01,PMT,24.0
GFI,Q,2026-08-19,TD20,2028-04-01,PMT,19.5
GFI,Q,2026-08-19,TD7,2028-04-01,PMT,13.0
GFI,Q,2026-08-19,TD8,2028-04-01,PMT,20.25
GFI,Q,2026-08-19,TD25,2028-04-01,PMT,36.5
GFI,Q,2026-08-19,TD22,2028-04-01,LSM,12.0
GFI,Q,2026-08-19,TD19,2028-04-01,PMT,13.55
GFI,A,2026-08-19,TD3,2027-01-01,PMT,60.0
GFI,A,2026-08-19,TD20,2027-01-01,PMT,28.0
GFI,A,2026-08-19,TD7,2027-01-01,PMT,15.0
GFI,A,2026-08-19,TD8,2027-01-01,PMT,20.825
GFI,A,2026-08-19,TD25,2027-01-01,PMT,44.5
GFI,A,2026-08-19,TD22,2027-01-01,LSM,17.75
GFI,A,2026-08-19,TD19,2027-01-01,PMT,14.0
GFI,A,2026-08-19,TD3,2028-01-01,PMT,24.0
GFI,A,2026-08-19,TD20,2028-01-01,PMT,19.5
GFI,A,2026-08-19,TD7,2028-01-01,PMT,13.0
GFI,A,2026-08-19,TD8,2028-01-01,PMT,20.25
GFI,A,2026-08-19,TD25,2028-01-01,PMT,36.5
GFI,A,2026-08-19,TD22,2028-01-01,LSM,12.0
GFI,A,2026-08-19,TD19,2028-01-01,PMT,13.55
GFI,A,2026-08-19,TD3,2029-01-01,PMT,19.0
GFI,A,2026-08-19,TD20,2029-01-01,PMT,17.75
GFI,A,2026-08-19,TD7,2029-01-01,PMT,12.9
GFI,A,2026-08-19,TD8,2029-01-01,PMT,19.7
GFI,A,2026-08-19,TD25,2029-01-01,PMT,33.75
GFI,A,2026-08-19,TD22,2029-01-01,LSM,11.5
GFI,A,2026-08-19,TD19,2029-01-01,PMT,13.25
GFI,BITR,2026-08-20,TD3,2026-08-01,WSC,570.0
GFI,BITR,2026-08-20,TD20,2026-08-01,WSC,328.89
GFI,BITR,2026-08-20,TD7,2026-08-01,WSC,202.92
GFI,BITR,2026-08-20,TD8,2026-08-01,WSC,325.83
GFI,BITR,2026-08-20,TD25,2026-08-01,WSC,327.78
GFI,BITR,2026-08-20,TD22,2026-08-01,LSM,24.888889
GFI,BITR,2026-08-20,TD19,2026-08-01,WSC,248.61
GFI,M,2026-08-20,TD3,2026-08-01,WSC,515.0
GFI,M,2026-08-20,TD20,2026-08-01,WSC,259.5
GFI,M,2026-08-20,TD7,2026-08-01,WSC,205.0
GFI,M,2026-08-20,TD8,2026-08-01,WSC,400.0
GFI,M,2026-08-20,TD25,2026-08-01,WSC,337.0
GFI,M,2026-08-20,TD22,2026-08-01,LSM,20.35
GFI,M,2026-08-20,TD19,2026-08-01,WSC,230.0
GFI,M,2026-08-20,TD3,2026-09-01,WSC,600.0
GFI,M,2026-08-20,TD20,2026-09-01,WSC,290.0
GFI,M,2026-08-20,TD7,2026-09-01,WSC,200.0
GFI,M,2026-08-20,TD8,2026-09-01,WSC,350.0
GFI,M,2026-08-20,TD25,2026-09-01,WSC,330.0
GFI,M,2026-08-20,TD22,2026-09-01,LSM,25.0
GFI,M,2026-08-20,TD19,2026-09-01,WSC,200.0
GFI,M,2026-08-20,TD3,2026-10-01,WSC,560.0
GFI,M,2026-08-20,TD20,2026-10-01,WSC,257.0
GFI,M,2026-08-20,TD7,2026-10-01,WSC,195.0
GFI,M,2026-08-20,TD8,2026-10-01,WSC,280.0
GFI,M,2026-08-20,TD25,2026-10-01,WSC,317.0
GFI,M,2026-08-20,TD22,2026-10-01,LSM,24.0
GFI,M,2026-08-20,TD19,2026-10-01,WSC,165.0
GFI,M,2026-08-20,TD3,2026-11-01,WSC,530.0
GFI,M,2026-08-20,TD20,2026-11-01,WSC,237.0
GFI,M,2026-08-20,TD7,2026-11-01,WSC,185.0
GFI,M,2026-08-20,TD8,2026-11-01,WSC,260.0
GFI,M,2026-08-20,TD25,2026-11-01,WSC,312.0
GFI,M,2026-08-20,TD22,2026-11-01,LSM,22.75
GFI,M,2026-08-20,TD19,2026-11-01,WSC,153.0
GFI,M,2026-08-20,TD3,2026-12-01,WSC,510.0
GFI,M,2026-08-20,TD20,2026-12-01,WSC,226.0
GFI,M,2026-08-20,TD7,2026-12-01,WSC,175.0
GFI,M,2026-08-20,TD8,2026-12-01,WSC,240.0
GFI,M,2026-08-20,TD25,2026-12-01,WSC,307.0
GFI,M,2026-08-20,TD22,2026-12-01,LSM,22.5
GFI,M,2026-08-20,TD19,2026-12-01,WSC,150.0
GFI,M,2026-08-20,TD3,2027-01-01,PMT,95.0
GFI,M,2026-08-20,TD20,2027-01-01,PMT,38.25
GFI,M,2026-08-20,TD7,2027-01-01,PMT,16.4
GFI,M,2026-08-20,TD8,2027-01-01,PMT,23.5
GFI,M,2026-08-20,TD25,2027-01-01,PMT,56.0
GFI,M,2026-08-20,TD22,2027-01-01,LSM,22.0
GFI,M,2026-08-20,TD19,2027-01-01,PMT,15.75
GFI,M,2026-08-20,TD3,2027-02-01,PMT,91.5
GFI,M,2026-08-20,TD20,2027-02-01,PMT,34.75
GFI,M,2026-08-20,TD7,2027-02-01,PMT,15.9
GFI,M,2026-08-20,TD8,2027-02-01,PMT,22.5
GFI,M,2026-08-20,TD25,2027-02-01,PMT,56.0
GFI,M,2026-08-20,TD22,2027-02-01,LSM,21.75
GFI,M,2026-08-20,TD19,2027-02-01,PMT,14.75
GFI,M,2026-08-20,TD3,2027-03-01,PMT,88.0
GFI,M,2026-08-20,TD20,2027-03-01,PMT,31.25
GFI,M,2026-08-20,TD7,2027-03-01,PMT,15.4
GFI,M,2026-08-20,TD8,2027-03-01,PMT,21.5
GFI,M,2026-08-20,TD25,2027-03-01,PMT,56.0
GFI,M,2026-08-20,TD22,2027-03-01,LSM,21.5
GFI,M,2026-08-20,TD19,2027-03-01,PMT,13.75
GFI,Q,2026-08-20,TD3,2026-10-01,WSC,533.333333
GFI,Q,2026-08-20,TD20,2026-10-01,WSC,240.0
GFI,Q,2026-08-20,TD7,2026-10-01,WSC,185.0
GFI,Q,2026-08-20,TD8,2026-10-01,WSC,260.0
GFI,Q,2026-08-20,TD25,2026-10-01,WSC,312.0
GFI,Q,2026-08-20,TD22,2026-10-01,LSM,23.083333
GFI,Q,2026-08-20,TD19,2026-10-01,WSC,156.0
GFI,Q,2026-08-20,TD3,2027-01-01,PMT,91.5
GFI,Q,2026-08-20,TD20,2027-01-01,PMT,34.75
GFI,Q,2026-08-20,TD7,2027-01-01,PMT,15.9
GFI,Q,2026-08-20,TD8,2027-01-01,PMT,22.5
GFI,Q,2026-08-20,TD25,2027-01-01,PMT,56.0
GFI,Q,2026-08-20,TD22,2027-01-01,LSM,21.25
GFI,Q,2026-08-20,TD19,2027-01-01,PMT,14.75
GFI,Q,2026-08-20,TD3,2027-04-01,PMT,79.0
GFI,Q,2026-08-20,TD20,2027-04-01,PMT,30.0
GFI,Q,2026-08-20,TD7,2027-04-01,PMT,14.7
GFI,Q,2026-08-20,TD8,2027-04-01,PMT,20.5
GFI,Q,2026-08-20,TD25,2027-04-01,PMT,45.0
GFI,Q,2026-08-20,TD22,2027-04-01,LSM,20.0
GFI,Q,2026-08-20,TD19,2027-04-01,PMT,13.25
GFI,Q,2026-08-20,TD3,2027-07-01,PMT,48.0
GFI,Q,2026-08-20,TD20,2027-07-01,PMT,26.25
GFI,Q,2026-08-20,TD7,2027-07-01,PMT,14.1
GFI,Q,2026-08-20,TD8,2027-07-01,PMT,19.1
GFI,Q,2026-08-20,TD25,2027-07-01,PMT,42.0
GFI,Q,2026-08-20,TD22,2027-07-01,LSM,15.0
GFI,Q,2026-08-20,TD19,2027-07-01,PMT,13.0
GFI,Q,2026-08-20,TD3,2027-10-01,PMT,45.5
GFI,Q,2026-08-20,TD20,2027-10-01,PMT,27.0
GFI,Q,2026-08-20,TD7,2027-10-01,PMT,15.3
GFI,Q,2026-08-20,TD8,2027-10-01,PMT,21.2
GFI,Q,2026-08-20,TD25,2027-10-01,PMT,45.0
GFI,Q,2026-08-20,TD22,2027-10-01,LSM,16.0
GFI,Q,2026-08-20,TD19,2027-10-01,PMT,15.0
GFI,Q,2026-08-20,TD3,2028-01-01,PMT,27.25
GFI,Q,2026-08-20,TD20,2028-01-01,PMT,21.5
GFI,Q,2026-08-20,TD7,2028-01-01,PMT,15.0
GFI,Q,2026-08-20,TD8,2028-01-01,PMT,22.25
GFI,Q,2026-08-20,TD25,2028-01-01,PMT,38.5
GFI,Q,2026-08-20,TD22,2028-01-01,LSM,15.0
GFI,Q,2026-08-20,TD19,2028-01-01,PMT,15.55
GFI,Q,2026-08-20,TD3,2028-04-01,PMT,25.25
GFI,Q,2026-08-20,TD20,2028-04-01,PMT,19.5
GFI,Q,2026-08-20,TD7,2028-04-01,PMT,13.0
GFI,Q,2026-08-20,TD8,2028-04-01,PMT,20.25
GFI,Q,2026-08-20,TD25,2028-04-01,PMT,36.5
GFI,Q,2026-08-20,TD22,2028-04-01,LSM,13.0
GFI,Q,2026-08-20,TD19,2028-04-01,PMT,13.55
GFI,A,2026-08-20,TD3,2027-01-01,PMT,66.0
GFI,A,2026-08-20,TD20,2027-01-01,PMT,29.5
GFI,A,2026-08-20,TD7,2027-01-01,PMT,15.0
GFI,A,2026-08-20,TD8,2027-01-01,PMT,20.825
GFI,A,2026-08-20,TD25,2027-01-01,PMT,47.0
GFI,A,2026-08-20,TD22,2027-01-01,LSM,18.0625
GFI,A,2026-08-20,TD19,2027-01-01,PMT,14.0
GFI,A,2026-08-20,TD3,2028-01-01,PMT,25.25
GFI,A,2026-08-20,TD20,2028-01-01,PMT,19.5
GFI,A,2026-08-20,TD7,2028-01-01,PMT,13.0
GFI,A,2026-08-20,TD8,2028-01-01,PMT,20.25
GFI,A,2026-08-20,TD25,2028-01-01,PMT,36.5
GFI,A,2026-08-20,TD22,2028-01-01,LSM,13.0
GFI,A,2026-08-20,TD19,2028-01-01,PMT,13.55
GFI,A,2026-08-20,TD3,2029-01-01,PMT,19.5
GFI,A,2026-08-20,TD20,2029-01-01,PMT,17.75
GFI,A,2026-08-20,TD7,2029-01-01,PMT,12.9
GFI,A,2026-08-20,TD8,2029-01-01,PMT,19.7
GFI,A,2026-08-20,TD25,2029-01-01,PMT,33.75
GFI,A,2026-08-20,TD22,2029-01-01,LSM,12.5
GFI,A,2026-08-20,TD19,2029-01-01,PMT,13.25
GFI,BITR,2026-08-21,TD3,2026-08-01,WSC,586.88
GFI,BITR,2026-08-21,TD20,2026-08-01,WSC,323.89
GFI,BITR,2026-08-21,TD7,2026-08-01,WSC,202.92
GFI,BITR,2026-08-21,TD8,2026-08-01,WSC,335.42
GFI,BITR,2026-08-21,TD25,2026-08-01,WSC,318.89
GFI,BITR,2026-08-21,TD22,2026-08-01,LSM,25.611111
GFI,BITR,2026-08-21,TD19,2026-08-01,WSC,257.0
GFI,M,2026-08-21,TD3,2026-08-01,WSC,516.0
GFI,M,2026-08-21,TD20,2026-08-01,WSC,259.5
GFI,M,2026-08-21,TD7,2026-08-01,WSC,205.0
GFI,M,2026-08-21,TD8,2026-08-01,WSC,400.0
GFI,M,2026-08-21,TD25,2026-08-01,WSC,337.0
GFI,M,2026-08-21,TD22,2026-08-01,LSM,21.2
GFI,M,2026-08-21,TD19,2026-08-01,WSC,230.0
GFI,M,2026-08-21,TD3,2026-09-01,WSC,675.0
GFI,M,2026-08-21,TD20,2026-09-01,WSC,295.0
GFI,M,2026-08-21,TD7,2026-09-01,WSC,200.0
GFI,M,2026-08-21,TD8,2026-09-01,WSC,350.0
GFI,M,2026-08-21,TD25,2026-09-01,WSC,345.0
GFI,M,2026-08-21,TD22,2026-09-01,LSM,25.0
GFI,M,2026-08-21,TD19,2026-09-01,WSC,200.0
GFI,M,2026-08-21,TD3,2026-10-01,WSC,63.0
GFI,M,2026-08-21,TD20,2026-10-01,WSC,260.0
GFI,M,2026-08-21,TD7,2026-10-01,WSC,195.0
GFI,M,2026-08-21,TD8,2026-10-01,WSC,280.0
GFI,M,2026-08-21,TD25,2026-10-01,WSC,340.0
GFI,M,2026-08-21,TD22,2026-10-01,LSM,24.0
GFI,M,2026-08-21,TD19,2026-10-01,WSC,165.0
GFI,M,2026-08-21,TD3,2026-11-01,WSC,570.0
GFI,M,2026-08-21,TD20,2026-11-01,WSC,240.0
GFI,M,2026-08-21,TD7,2026-11-01,WSC,185.0
GFI,M,2026-08-21,TD8,2026-11-01,WSC,260.0
GFI,M,2026-08-21,TD25,2026-11-01,WSC,325.0
GFI,M,2026-08-21,TD22,2026-11-01,LSM,22.5
GFI,M,2026-08-21,TD19,2026-11-01,WSC,153.0
GFI,M,2026-08-21,TD3,2026-12-01,WSC,560.0
GFI,M,2026-08-21,TD20,2026-12-01,WSC,229.0
GFI,M,2026-08-21,TD7,2026-12-01,WSC,175.0
GFI,M,2026-08-21,TD8,2026-12-01,WSC,240.0
GFI,M,2026-08-21,TD25,2026-12-01,WSC,310.0
GFI,M,2026-08-21,TD22,2026-12-01,LSM,22.5
GFI,M,2026-08-21,TD19,2026-12-01,WSC,150.0
GFI,M,2026-08-21,TD3,2027-01-01,PMT,97.5
GFI,M,2026-08-21,TD20,2027-01-01,PMT,38.25
GFI,M,2026-08-21,TD7,2027-01-01,PMT,16.4
GFI,M,2026-08-21,TD8,2027-01-01,PMT,23.5
GFI,M,2026-08-21,TD25,2027-01-01,PMT,56.5
GFI,M,2026-08-21,TD22,2027-01-01,LSM,22.25
GFI,M,2026-08-21,TD19,2027-01-01,PMT,15.75
GFI,M,2026-08-21,TD3,2027-02-01,PMT,94.0
GFI,M,2026-08-21,TD20,2027-02-01,PMT,34.75
GFI,M,2026-08-21,TD7,2027-02-01,PMT,15.9
GFI,M,2026-08-21,TD8,2027-02-01,PMT,22.5
GFI,M,2026-08-21,TD25,2027-02-01,PMT,56.5
GFI,M,2026-08-21,TD22,2027-02-01,LSM,22.0
GFI,M,2026-08-21,TD19,2027-02-01,PMT,14.75
GFI,M,2026-08-21,TD3,2027-03-01,PMT,90.5
GFI,M,2026-08-21,TD20,2027-03-01,PMT,31.25
GFI,M,2026-08-21,TD7,2027-03-01,PMT,15.4
GFI,M,2026-08-21,TD8,2027-03-01,PMT,21.5
GFI,M,2026-08-21,TD25,2027-03-01,PMT,56.5
GFI,M,2026-08-21,TD22,2027-03-01,LSM,21.75
GFI,M,2026-08-21,TD19,2027-03-01,PMT,13.75
GFI,Q,2026-08-21,TD3,2026-10-01,WSC,397.666667
GFI,Q,2026-08-21,TD20,2026-10-01,WSC,243.0
GFI,Q,2026-08-21,TD7,2026-10-01,WSC,185.0
GFI,Q,2026-08-21,TD8,2026-10-01,WSC,260.0
GFI,Q,2026-08-21,TD25,2026-10-01,WSC,325.0
GFI,Q,2026-08-21,TD22,2026-10-01,LSM,23.0
GFI,Q,2026-08-21,TD19,2026-10-01,WSC,156.0
GFI,Q,2026-08-21,TD3,2027-01-01,PMT,94.0
GFI,Q,2026-08-21,TD20,2027-01-01,PMT,34.75
GFI,Q,2026-08-21,TD7,2027-01-01,PMT,15.9
GFI,Q,2026-08-21,TD8,2027-01-01,PMT,22.5
GFI,Q,2026-08-21,TD25,2027-01-01,PMT,56.5
GFI,Q,2026-08-21,TD22,2027-01-01,LSM,22.0
GFI,Q,2026-08-21,TD19,2027-01-01,PMT,14.75
GFI,Q,2026-08-21,TD3,2027-04-01,PMT,81.0
GFI,Q,2026-08-21,TD20,2027-04-01,PMT,30.0
GFI,Q,2026-08-21,TD7,2027-04-01,PMT,14.7
GFI,Q,2026-08-21,TD8,2027-04-01,PMT,20.5
GFI,Q,2026-08-21,TD25,2027-04-01,PMT,46.2
GFI,Q,2026-08-21,TD22,2027-04-01,LSM,20.0
GFI,Q,2026-08-21,TD19,2027-04-01,PMT,13.25
GFI,Q,2026-08-21,TD3,2027-07-01,PMT,48.0
GFI,Q,2026-08-21,TD20,2027-07-01,PMT,25.75
GFI,Q,2026-08-21,TD7,2027-07-01,PMT,14.1
GFI,Q,2026-08-21,TD8,2027-07-01,PMT,19.1
GFI,Q,2026-08-21,TD25,2027-07-01,PMT,42.9
GFI,Q,2026-08-21,TD22,2027-07-01,LSM,15.0
GFI,Q,2026-08-21,TD19,2027-07-01,PMT,13.0
GFI,Q,2026-08-21,TD3,2027-10-01,PMT,45.0
GFI,Q,2026-08-21,TD20,2027-10-01,PMT,26.5
GFI,Q,2026-08-21,TD7,2027-10-01,PMT,15.3
GFI,Q,2026-08-21,TD8,2027-10-01,PMT,21.2
GFI,Q,2026-08-21,TD25,2027-10-01,PMT,46.0
GFI,Q,2026-08-21,TD22,2027-10-01,LSM,16.0
GFI,Q,2026-08-21,TD19,2027-10-01,PMT,15.0
GFI,Q,2026-08-21,TD3,2028-01-01,PMT,27.5
GFI,Q,2026-08-21,TD20,2028-01-01,PMT,22.0
GFI,Q,2026-08-21,TD7,2028-01-01,PMT,15.0
GFI,Q,2026-08-21,TD8,2028-01-01,PMT,22.25
GFI,Q,2026-08-21,TD25,2028-01-01,PMT,40.0
GFI,Q,2026-08-21,TD22,2028-01-01,LSM,15.0
GFI,Q,2026-08-21,TD19,2028-01-01,PMT,15.55
GFI,Q,2026-08-21,TD3,2028-04-01,PMT,25.5
GFI,Q,2026-08-21,TD20,2028-04-01,PMT,20.0
GFI,Q,2026-08-21,TD7,2028-04-01,PMT,13.0
GFI,Q,2026-08-21,TD8,2028-04-01,PMT,20.25
GFI,Q,2026-08-21,TD25,2028-04-01,PMT,38.0
GFI,Q,2026-08-21,TD22,2028-04-01,LSM,13.0
GFI,Q,2026-08-21,TD19,2028-04-01,PMT,13.55
GFI,A,2026-08-21,TD3,2027-01-01,PMT,67.0
GFI,A,2026-08-21,TD20,2027-01-01,PMT,29.25
GFI,A,2026-08-21,TD7,2027-01-01,PMT,15.0
GFI,A,2026-08-21,TD8,2027-01-01,PMT,20.825
GFI,A,2026-08-21,TD25,2027-01-01,PMT,47.9
GFI,A,2026-08-21,TD22,2027-01-01,LSM,18.25
GFI,A,2026-08-21,TD19,2027-01-01,PMT,14.0
GFI,A,2026-08-21,TD3,2028-01-01,PMT,25.5
GFI,A,2026-08-21,TD20,2028-01-01,PMT,20.0
GFI,A,2026-08-21,TD7,2028-01-01,PMT,13.0
GFI,A,2026-08-21,TD8,2028-01-01,PMT,20.25
GFI,A,2026-08-21,TD25,2028-01-01,PMT,38.0
GFI,A,2026-08-21,TD22,2028-01-01,LSM,13.0
GFI,A,2026-08-21,TD19,2028-01-01,PMT,13.55
GFI,A,2026-08-21,TD3,2029-01-01,PMT,19.5
GFI,A,2026-08-21,TD20,2029-01-01,PMT,17.75
GFI,A,2026-08-21,TD7,2029-01-01,PMT,12.9
GFI,A,2026-08-21,TD8,2029-01-01,PMT,19.7
GFI,A,2026-08-21,TD25,2029-01-01,PMT,34.0
GFI,A,2026-08-21,TD22,2029-01-01,LSM,12.5
GFI,A,2026-08-21,TD19,2029-01-01,PMT,13.25
GFI,BITR,2026-08-24,TD3,2026-08-01,WSC,605.56
GFI,BITR,2026-08-24,TD20,2026-08-01,WSC,305.28
GFI,BITR,2026-08-24,TD7,2026-08-01,WSC,205.42
GFI,BITR,2026-08-24,TD8,2026-08-01,WSC,347.92
GFI,BITR,2026-08-24,TD25,2026-08-01,WSC,309.44
GFI,BITR,2026-08-24,TD22,2026-08-01,LSM,24.355556
GFI,BITR,2026-08-24,TD19,2026-08-01,WSC,262.5
GFI,M,2026-08-24,TD3,2026-08-01,WSC,522.5
GFI,M,2026-08-24,TD20,2026-08-01,WSC,259.5
GFI,M,2026-08-24,TD7,2026-08-01,WSC,205.0
GFI,M,2026-08-24,TD8,2026-08-01,WSC,400.0
GFI,M,2026-08-24,TD25,2026-08-01,WSC,337.0
GFI,M,2026-08-24,TD22,2026-08-01,LSM,21.2
GFI,M,2026-08-24,TD19,2026-08-01,WSC,230.0
GFI,M,2026-08-24,TD3,2026-09-01,WSC,675.0
GFI,M,2026-08-24,TD20,2026-09-01,WSC,270.0
GFI,M,2026-08-24,TD7,2026-09-01,WSC,200.0
GFI,M,2026-08-24,TD8,2026-09-01,WSC,350.0
GFI,M,2026-08-24,TD25,2026-09-01,WSC,337.0
GFI,M,2026-08-24,TD22,2026-09-01,LSM,25.0
GFI,M,2026-08-24,TD19,2026-09-01,WSC,200.0
GFI,M,2026-08-24,TD3,2026-10-01,WSC,630.0
GFI,M,2026-08-24,TD20,2026-10-01,WSC,247.0
GFI,M,2026-08-24,TD7,2026-10-01,WSC,195.0
GFI,M,2026-08-24,TD8,2026-10-01,WSC,280.0
GFI,M,2026-08-24,TD25,2026-10-01,WSC,337.0
GFI,M,2026-08-24,TD22,2026-10-01,LSM,24.0
GFI,M,2026-08-24,TD19,2026-10-01,WSC,165.0
GFI,M,2026-08-24,TD3,2026-11-01,WSC,570.0
GFI,M,2026-08-24,TD20,2026-11-01,WSC,227.0
GFI,M,2026-08-24,TD7,2026-11-01,WSC,185.0
GFI,M,2026-08-24,TD8,2026-11-01,WSC,260.0
GFI,M,2026-08-24,TD25,2026-11-01,WSC,315.0
GFI,M,2026-08-24,TD22,2026-11-01,LSM,22.5
GFI,M,2026-08-24,TD19,2026-11-01,WSC,153.0
GFI,M,2026-08-24,TD3,2026-12-01,WSC,550.0
GFI,M,2026-08-24,TD20,2026-12-01,WSC,216.0
GFI,M,2026-08-24,TD7,2026-12-01,WSC,175.0
GFI,M,2026-08-24,TD8,2026-12-01,WSC,240.0
GFI,M,2026-08-24,TD25,2026-12-01,WSC,305.0
GFI,M,2026-08-24,TD22,2026-12-01,LSM,22.5
GFI,M,2026-08-24,TD19,2026-12-01,WSC,150.0
GFI,M,2026-08-24,TD3,2027-01-01,PMT,98.5
GFI,M,2026-08-24,TD20,2027-01-01,PMT,37.5
GFI,M,2026-08-24,TD7,2027-01-01,PMT,16.4
GFI,M,2026-08-24,TD8,2027-01-01,PMT,23.5
GFI,M,2026-08-24,TD25,2027-01-01,PMT,55.0
GFI,M,2026-08-24,TD22,2027-01-01,LSM,22.25
GFI,M,2026-08-24,TD19,2027-01-01,PMT,15.75
GFI,M,2026-08-24,TD3,2027-02-01,PMT,95.0
GFI,M,2026-08-24,TD20,2027-02-01,PMT,34.0
GFI,M,2026-08-24,TD7,2027-02-01,PMT,15.9
GFI,M,2026-08-24,TD8,2027-02-01,PMT,22.5
GFI,M,2026-08-24,TD25,2027-02-01,PMT,55.0
GFI,M,2026-08-24,TD22,2027-02-01,LSM,22.0
GFI,M,2026-08-24,TD19,2027-02-01,PMT,14.75
GFI,M,2026-08-24,TD3,2027-03-01,PMT,91.5
GFI,M,2026-08-24,TD20,2027-03-01,PMT,30.5
GFI,M,2026-08-24,TD7,2027-03-01,PMT,15.4
GFI,M,2026-08-24,TD8,2027-03-01,PMT,21.5
GFI,M,2026-08-24,TD25,2027-03-01,PMT,55.0
GFI,M,2026-08-24,TD22,2027-03-01,LSM,21.75
GFI,M,2026-08-24,TD19,2027-03-01,PMT,13.75
GFI,Q,2026-08-24,TD3,2026-10-01,WSC,583.333333
GFI,Q,2026-08-24,TD20,2026-10-01,WSC,230.0
GFI,Q,2026-08-24,TD7,2026-10-01,WSC,185.0
GFI,Q,2026-08-24,TD8,2026-10-01,WSC,260.0
GFI,Q,2026-08-24,TD25,2026-10-01,WSC,319.0
GFI,Q,2026-08-24,TD22,2026-10-01,LSM,23.0
GFI,Q,2026-08-24,TD19,2026-10-01,WSC,156.0
GFI,Q,2026-08-24,TD3,2027-01-01,PMT,95.0
GFI,Q,2026-08-24,TD20,2027-01-01,PMT,34.0
GFI,Q,2026-08-24,TD7,2027-01-01,PMT,15.9
GFI,Q,2026-08-24,TD8,2027-01-01,PMT,22.5
GFI,Q,2026-08-24,TD25,2027-01-01,PMT,55.0
GFI,Q,2026-08-24,TD22,2027-01-01,LSM,22.0
GFI,Q,2026-08-24,TD19,2027-01-01,PMT,14.75
GFI,Q,2026-08-24,TD3,2027-04-01,PMT,82.0
GFI,Q,2026-08-24,TD20,2027-04-01,PMT,29.25
GFI,Q,2026-08-24,TD7,2027-04-01,PMT,14.7
GFI,Q,2026-08-24,TD8,2027-04-01,PMT,20.5
GFI,Q,2026-08-24,TD25,2027-04-01,PMT,45.25
GFI,Q,2026-08-24,TD22,2027-04-01,LSM,20.0
GFI,Q,2026-08-24,TD19,2027-04-01,PMT,13.25
GFI,Q,2026-08-24,TD3,2027-07-01,PMT,53.5
GFI,Q,2026-08-24,TD20,2027-07-01,PMT,25.0
GFI,Q,2026-08-24,TD7,2027-07-01,PMT,14.1
GFI,Q,2026-08-24,TD8,2027-07-01,PMT,19.1
GFI,Q,2026-08-24,TD25,2027-07-01,PMT,43.5
GFI,Q,2026-08-24,TD22,2027-07-01,LSM,15.0
GFI,Q,2026-08-24,TD19,2027-07-01,PMT,13.0
GFI,Q,2026-08-24,TD3,2027-10-01,PMT,47.5
GFI,Q,2026-08-24,TD20,2027-10-01,PMT,25.75
GFI,Q,2026-08-24,TD7,2027-10-01,PMT,15.3
GFI,Q,2026-08-24,TD8,2027-10-01,PMT,21.2
GFI,Q,2026-08-24,TD25,2027-10-01,PMT,44.25
GFI,Q,2026-08-24,TD22,2027-10-01,LSM,16.0
GFI,Q,2026-08-24,TD19,2027-10-01,PMT,15.0
GFI,Q,2026-08-24,TD3,2028-01-01,PMT,28.0
GFI,Q,2026-08-24,TD20,2028-01-01,PMT,22.0
GFI,Q,2026-08-24,TD7,2028-01-01,PMT,15.0
GFI,Q,2026-08-24,TD8,2028-01-01,PMT,22.25
GFI,Q,2026-08-24,TD25,2028-01-01,PMT,40.0
GFI,Q,2026-08-24,TD22,2028-01-01,LSM,15.0
GFI,Q,2026-08-24,TD19,2028-01-01,PMT,15.55
GFI,Q,2026-08-24,TD3,2028-04-01,PMT,26.0
GFI,Q,2026-08-24,TD20,2028-04-01,PMT,20.0
GFI,Q,2026-08-24,TD7,2028-04-01,PMT,13.0
GFI,Q,2026-08-24,TD8,2028-04-01,PMT,20.25
GFI,Q,2026-08-24,TD25,2028-04-01,PMT,38.0
GFI,Q,2026-08-24,TD22,2028-04-01,LSM,13.0
GFI,Q,2026-08-24,TD19,2028-04-01,PMT,13.55
GFI,A,2026-08-24,TD3,2027-01-01,PMT,69.5
GFI,A,2026-08-24,TD20,2027-01-01,PMT,28.5
GFI,A,2026-08-24,TD7,2027-01-01,PMT,15.0
GFI,A,2026-08-24,TD8,2027-01-01,PMT,20.825
GFI,A,2026-08-24,TD25,2027-01-01,PMT,47.0
GFI,A,2026-08-24,TD22,2027-01-01,LSM,18.25
GFI,A,2026-08-24,TD19,2027-01-01,PMT,14.0
GFI,A,2026-08-24,TD3,2028-01-01,PMT,26.0
GFI,A,2026-08-24,TD20,2028-01-01,PMT,20.0
GFI,A,2026-08-24,TD7,2028-01-01,PMT,13.0
GFI,A,2026-08-24,TD8,2028-01-01,PMT,20.25
GFI,A,2026-08-24,TD25,2028-01-01,PMT,38.0
GFI,A,2026-08-24,TD22,2028-01-01,LSM,13.0
GFI,A,2026-08-24,TD19,2028-01-01,PMT,13.55
GFI,A,2026-08-24,TD3,2029-01-01,PMT,19.5
GFI,A,2026-08-24,TD20,2029-01-01,PMT,17.75
GFI,A,2026-08-24,TD7,2029-01-01,PMT,12.9
GFI,A,2026-08-24,TD8,2029-01-01,PMT,19.7
GFI,A,2026-08-24,TD25,2029-01-01,PMT,34.0
GFI,A,2026-08-24,TD22,2029-01-01,LSM,12.5
GFI,A,2026-08-24,TD19,2029-01-01,PMT,13.25
GFI,BITR,2026-08-25,TD3,2026-08-01,WSC,609.44
GFI,BITR,2026-08-25,TD20,2026-08-01,WSC,274.44
GFI,BITR,2026-08-25,TD7,2026-08-01,WSC,214.17
GFI,BITR,2026-08-25,TD8,2026-08-01,WSC,358.33
GFI,BITR,2026-08-25,TD25,2026-08-01,WSC,268.33
GFI,BITR,2026-08-25,TD22,2026-08-01,LSM,25.0
GFI,BITR,2026-08-25,TD19,2026-08-01,WSC,268.72
GFI,M,2026-08-25,TD3,2026-08-01,WSC,522.5
GFI,M,2026-08-25,TD20,2026-08-01,WSC,252.0
GFI,M,2026-08-25,TD7,2026-08-01,WSC,207.5
GFI,M,2026-08-25,TD8,2026-08-01,WSC,330.0
GFI,M,2026-08-25,TD25,2026-08-01,WSC,317.5
GFI,M,2026-08-25,TD22,2026-08-01,LSM,21.2
GFI,M,2026-08-25,TD19,2026-08-01,WSC,230.0
GFI,M,2026-08-25,TD3,2026-09-01,WSC,660.0
GFI,M,2026-08-25,TD20,2026-09-01,WSC,250.0
GFI,M,2026-08-25,TD7,2026-09-01,WSC,195.0
GFI,M,2026-08-25,TD8,2026-09-01,WSC,350.0
GFI,M,2026-08-25,TD25,2026-09-01,WSC,296.0
GFI,M,2026-08-25,TD22,2026-09-01,LSM,25.5
GFI,M,2026-08-25,TD19,2026-09-01,WSC,200.0
GFI,M,2026-08-25,TD3,2026-10-01,WSC,620.0
GFI,M,2026-08-25,TD20,2026-10-01,WSC,235.0
GFI,M,2026-08-25,TD7,2026-10-01,WSC,192.5
GFI,M,2026-08-25,TD8,2026-10-01,WSC,280.0
GFI,M,2026-08-25,TD25,2026-10-01,WSC,306.0
GFI,M,2026-08-25,TD22,2026-10-01,LSM,24.5
GFI,M,2026-08-25,TD19,2026-10-01,WSC,165.0
GFI,M,2026-08-25,TD3,2026-11-01,WSC,575.0
GFI,M,2026-08-25,TD20,2026-11-01,WSC,217.5
GFI,M,2026-08-25,TD7,2026-11-01,WSC,182.5
GFI,M,2026-08-25,TD8,2026-11-01,WSC,260.0
GFI,M,2026-08-25,TD25,2026-11-01,WSC,298.0
GFI,M,2026-08-25,TD22,2026-11-01,LSM,22.75
GFI,M,2026-08-25,TD19,2026-11-01,WSC,153.0
GFI,M,2026-08-25,TD3,2026-12-01,WSC,560.0
GFI,M,2026-08-25,TD20,2026-12-01,WSC,207.5
GFI,M,2026-08-25,TD7,2026-12-01,WSC,172.5
GFI,M,2026-08-25,TD8,2026-12-01,WSC,240.0
GFI,M,2026-08-25,TD25,2026-12-01,WSC,308.0
GFI,M,2026-08-25,TD22,2026-12-01,LSM,22.5
GFI,M,2026-08-25,TD19,2026-12-01,WSC,150.0
GFI,M,2026-08-25,TD3,2027-01-01,PMT,100.5
GFI,M,2026-08-25,TD20,2027-01-01,PMT,35.0
GFI,M,2026-08-25,TD7,2027-01-01,PMT,16.3
GFI,M,2026-08-25,TD8,2027-01-01,PMT,23.5
GFI,M,2026-08-25,TD25,2027-01-01,PMT,52.0
GFI,M,2026-08-25,TD22,2027-01-01,LSM,22.25
GFI,M,2026-08-25,TD19,2027-01-01,PMT,15.75
GFI,M,2026-08-25,TD3,2027-02-01,PMT,97.0
GFI,M,2026-08-25,TD20,2027-02-01,PMT,31.5
GFI,M,2026-08-25,TD7,2027-02-01,PMT,15.8
GFI,M,2026-08-25,TD8,2027-02-01,PMT,22.5
GFI,M,2026-08-25,TD25,2027-02-01,PMT,52.0
GFI,M,2026-08-25,TD22,2027-02-01,LSM,22.0
GFI,M,2026-08-25,TD19,2027-02-01,PMT,14.75
GFI,M,2026-08-25,TD3,2027-03-01,PMT,93.5
GFI,M,2026-08-25,TD20,2027-03-01,PMT,28.0
GFI,M,2026-08-25,TD7,2027-03-01,PMT,15.3
GFI,M,2026-08-25,TD8,2027-03-01,PMT,21.5
GFI,M,2026-08-25,TD25,2027-03-01,PMT,52.0
GFI,M,2026-08-25,TD22,2027-03-01,LSM,21.75
GFI,M,2026-08-25,TD19,2027-03-01,PMT,13.75
GFI,Q,2026-08-25,TD3,2026-10-01,WSC,585.0
GFI,Q,2026-08-25,TD20,2026-10-01,WSC,220.0
GFI,Q,2026-08-25,TD7,2026-10-01,WSC,182.5
GFI,Q,2026-08-25,TD8,2026-10-01,WSC,260.0
GFI,Q,2026-08-25,TD25,2026-10-01,WSC,304.0
GFI,Q,2026-08-25,TD22,2026-10-01,LSM,23.25
GFI,Q,2026-08-25,TD19,2026-10-01,WSC,156.0
GFI,Q,2026-08-25,TD3,2027-01-01,PMT,97.0
GFI,Q,2026-08-25,TD20,2027-01-01,PMT,31.5
GFI,Q,2026-08-25,TD7,2027-01-01,PMT,15.8
GFI,Q,2026-08-25,TD8,2027-01-01,PMT,22.5
GFI,Q,2026-08-25,TD25,2027-01-01,PMT,52.0
GFI,Q,2026-08-25,TD22,2027-01-01,LSM,22.0
GFI,Q,2026-08-25,TD19,2027-01-01,PMT,14.75
GFI,Q,2026-08-25,TD3,2027-04-01,PMT,84.0
GFI,Q,2026-08-25,TD20,2027-04-01,PMT,26.0
GFI,Q,2026-08-25,TD7,2027-04-01,PMT,14.6
GFI,Q,2026-08-25,TD8,2027-04-01,PMT,20.5
GFI,Q,2026-08-25,TD25,2027-04-01,PMT,43.0
GFI,Q,2026-08-25,TD22,2027-04-01,LSM,20.0
GFI,Q,2026-08-25,TD19,2027-04-01,PMT,13.25
GFI,Q,2026-08-25,TD3,2027-07-01,PMT,61.0
GFI,Q,2026-08-25,TD20,2027-07-01,PMT,23.0
GFI,Q,2026-08-25,TD7,2027-07-01,PMT,14.0
GFI,Q,2026-08-25,TD8,2027-07-01,PMT,19.1
GFI,Q,2026-08-25,TD25,2027-07-01,PMT,39.0
GFI,Q,2026-08-25,TD22,2027-07-01,LSM,15.0
GFI,Q,2026-08-25,TD19,2027-07-01,PMT,13.0
GFI,Q,2026-08-25,TD3,2027-10-01,PMT,56.0
GFI,Q,2026-08-25,TD20,2027-10-01,PMT,23.5
GFI,Q,2026-08-25,TD7,2027-10-01,PMT,15.2
GFI,Q,2026-08-25,TD8,2027-10-01,PMT,21.2
GFI,Q,2026-08-25,TD25,2027-10-01,PMT,42.0
GFI,Q,2026-08-25,TD22,2027-10-01,LSM,16.0
GFI,Q,2026-08-25,TD19,2027-10-01,PMT,15.0
GFI,Q,2026-08-25,TD3,2028-01-01,PMT,31.0
GFI,Q,2026-08-25,TD20,2028-01-01,PMT,21.0
GFI,Q,2026-08-25,TD7,2028-01-01,PMT,15.0
GFI,Q,2026-08-25,TD8,2028-01-01,PMT,22.25
GFI,Q,2026-08-25,TD25,2028-01-01,PMT,37.5
GFI,Q,2026-08-25,TD22,2028-01-01,LSM,15.0
GFI,Q,2026-08-25,TD19,2028-01-01,PMT,15.55
GFI,Q,2026-08-25,TD3,2028-04-01,PMT,29.0
GFI,Q,2026-08-25,TD20,2028-04-01,PMT,19.0
GFI,Q,2026-08-25,TD7,2028-04-01,PMT,13.0
GFI,Q,2026-08-25,TD8,2028-04-01,PMT,20.25
GFI,Q,2026-08-25,TD25,2028-04-01,PMT,35.5
GFI,Q,2026-08-25,TD22,2028-04-01,LSM,13.0
GFI,Q,2026-08-25,TD19,2028-04-01,PMT,13.55
GFI,A,2026-08-25,TD3,2027-01-01,PMT,74.5
GFI,A,2026-08-25,TD20,2027-01-01,PMT,26.0
GFI,A,2026-08-25,TD7,2027-01-01,PMT,14.9
GFI,A,2026-08-25,TD8,2027-01-01,PMT,20.825
GFI,A,2026-08-25,TD25,2027-01-01,PMT,44.0
GFI,A,2026-08-25,TD22,2027-01-01,LSM,18.25
GFI,A,2026-08-25,TD19,2027-01-01,PMT,14.0
GFI,A,2026-08-25,TD3,2028-01-01,PMT,29.0
GFI,A,2026-08-25,TD20,2028-01-01,PMT,19.0
GFI,A,2026-08-25,TD7,2028-01-01,PMT,13.0
GFI,A,2026-08-25,TD8,2028-01-01,PMT,20.25
GFI,A,2026-08-25,TD25,2028-01-01,PMT,35.5
GFI,A,2026-08-25,TD22,2028-01-01,LSM,13.0
GFI,A,2026-08-25,TD19,2028-01-01,PMT,13.55
GFI,A,2026-08-25,TD3,2029-01-01,PMT,19.5
GFI,A,2026-08-25,TD20,2029-01-01,PMT,17.5
GFI,A,2026-08-25,TD7,2029-01-01,PMT,12.9
GFI,A,2026-08-25,TD8,2029-01-01,PMT,19.7
GFI,A,2026-08-25,TD25,2029-01-01,PMT,32.5
GFI,A,2026-08-25,TD22,2029-01-01,LSM,12.5
GFI,A,2026-08-25,TD19,2029-01-01,PMT,13.25
GFI,BITR,2026-08-26,TD3,2026-08-01,WSC,619.44
GFI,BITR,2026-08-26,TD20,2026-08-01,WSC,264.17
GFI,BITR,2026-08-26,TD7,2026-08-01,WSC,216.25
GFI,BITR,2026-08-26,TD8,2026-08-01,WSC,360.83
GFI,BITR,2026-08-26,TD25,2026-08-01,WSC,230.28
GFI,BITR,2026-08-26,TD22,2026-08-01,LSM,24.85
GFI,BITR,2026-08-26,TD19,2026-08-01,WSC,270.11
GFI,M,2026-08-26,TD3,2026-08-01,WSC,521.0
GFI,M,2026-08-26,TD20,2026-08-01,WSC,251.0
GFI,M,2026-08-26,TD7,2026-08-01,WSC,207.5
GFI,M,2026-08-26,TD8,2026-08-01,WSC,345.0
GFI,M,2026-08-26,TD25,2026-08-01,WSC,317.0
GFI,M,2026-08-26,TD22,2026-08-01,LSM,21.2
GFI,M,2026-08-26,TD19,2026-08-01,WSC,230.0
GFI,M,2026-08-26,TD3,2026-09-01,WSC,590.0
GFI,M,2026-08-26,TD20,2026-09-01,WSC,230.0
GFI,M,2026-08-26,TD7,2026-09-01,WSC,195.0
GFI,M,2026-08-26,TD8,2026-09-01,WSC,350.0
GFI,M,2026-08-26,TD25,2026-09-01,WSC,265.0
GFI,M,2026-08-26,TD22,2026-09-01,LSM,25.5
GFI,M,2026-08-26,TD19,2026-09-01,WSC,200.0
GFI,M,2026-08-26,TD3,2026-10-01,WSC,540.0
GFI,M,2026-08-26,TD20,2026-10-01,WSC,225.0
GFI,M,2026-08-26,TD7,2026-10-01,WSC,192.5
GFI,M,2026-08-26,TD8,2026-10-01,WSC,280.0
GFI,M,2026-08-26,TD25,2026-10-01,WSC,284.0
GFI,M,2026-08-26,TD22,2026-10-01,LSM,24.5
GFI,M,2026-08-26,TD19,2026-10-01,WSC,165.0
GFI,M,2026-08-26,TD3,2026-11-01,WSC,520.0
GFI,M,2026-08-26,TD20,2026-11-01,WSC,206.5
GFI,M,2026-08-26,TD7,2026-11-01,WSC,182.5
GFI,M,2026-08-26,TD8,2026-11-01,WSC,260.0
GFI,M,2026-08-26,TD25,2026-11-01,WSC,284.0
GFI,M,2026-08-26,TD22,2026-11-01,LSM,22.75
GFI,M,2026-08-26,TD19,2026-11-01,WSC,153.0
GFI,M,2026-08-26,TD3,2026-12-01,WSC,500.0
GFI,M,2026-08-26,TD20,2026-12-01,WSC,197.0
GFI,M,2026-08-26,TD7,2026-12-01,WSC,172.5
GFI,M,2026-08-26,TD8,2026-12-01,WSC,240.0
GFI,M,2026-08-26,TD25,2026-12-01,WSC,284.0
GFI,M,2026-08-26,TD22,2026-12-01,LSM,22.5
GFI,M,2026-08-26,TD19,2026-12-01,WSC,150.0
GFI,M,2026-08-26,TD3,2027-01-01,PMT,79.0
GFI,M,2026-08-26,TD20,2027-01-01,PMT,34.0
GFI,M,2026-08-26,TD7,2027-01-01,PMT,16.3
GFI,M,2026-08-26,TD8,2027-01-01,PMT,23.5
GFI,M,2026-08-26,TD25,2027-01-01,PMT,49.5
GFI,M,2026-08-26,TD22,2027-01-01,LSM,22.25
GFI,M,2026-08-26,TD19,2027-01-01,PMT,15.75
GFI,M,2026-08-26,TD3,2027-02-01,PMT,75.5
GFI,M,2026-08-26,TD20,2027-02-01,PMT,30.5
GFI,M,2026-08-26,TD7,2027-02-01,PMT,15.8
GFI,M,2026-08-26,TD8,2027-02-01,PMT,22.5
GFI,M,2026-08-26,TD25,2027-02-01,PMT,49.5
GFI,M,2026-08-26,TD22,2027-02-01,LSM,22.0
GFI,M,2026-08-26,TD19,2027-02-01,PMT,14.75
GFI,M,2026-08-26,TD3,2027-03-01,PMT,72.0
GFI,M,2026-08-26,TD20,2027-03-01,PMT,27.0
GFI,M,2026-08-26,TD7,2027-03-01,PMT,15.3
GFI,M,2026-08-26,TD8,2027-03-01,PMT,21.5
GFI,M,2026-08-26,TD25,2027-03-01,PMT,49.5
GFI,M,2026-08-26,TD22,2027-03-01,LSM,21.75
GFI,M,2026-08-26,TD19,2027-03-01,PMT,13.75
GFI,Q,2026-08-26,TD3,2026-10-01,WSC,520.0
GFI,Q,2026-08-26,TD20,2026-10-01,WSC,209.5
GFI,Q,2026-08-26,TD7,2026-10-01,WSC,182.5
GFI,Q,2026-08-26,TD8,2026-10-01,WSC,260.0
GFI,Q,2026-08-26,TD25,2026-10-01,WSC,284.0
GFI,Q,2026-08-26,TD22,2026-10-01,LSM,23.25
GFI,Q,2026-08-26,TD19,2026-10-01,WSC,156.0
GFI,Q,2026-08-26,TD3,2027-01-01,PMT,75.5
GFI,Q,2026-08-26,TD20,2027-01-01,PMT,30.5
GFI,Q,2026-08-26,TD7,2027-01-01,PMT,15.8
GFI,Q,2026-08-26,TD8,2027-01-01,PMT,22.5
GFI,Q,2026-08-26,TD25,2027-01-01,PMT,49.5
GFI,Q,2026-08-26,TD22,2027-01-01,LSM,22.0
GFI,Q,2026-08-26,TD19,2027-01-01,PMT,14.75
GFI,Q,2026-08-26,TD3,2027-04-01,PMT,64.0
GFI,Q,2026-08-26,TD20,2027-04-01,PMT,25.5
GFI,Q,2026-08-26,TD7,2027-04-01,PMT,14.6
GFI,Q,2026-08-26,TD8,2027-04-01,PMT,20.5
GFI,Q,2026-08-26,TD25,2027-04-01,PMT,42.5
GFI,Q,2026-08-26,TD22,2027-04-01,LSM,20.0
GFI,Q,2026-08-26,TD19,2027-04-01,PMT,13.25
GFI,Q,2026-08-26,TD3,2027-07-01,PMT,49.0
GFI,Q,2026-08-26,TD20,2027-07-01,PMT,22.0
GFI,Q,2026-08-26,TD7,2027-07-01,PMT,14.0
GFI,Q,2026-08-26,TD8,2027-07-01,PMT,19.1
GFI,Q,2026-08-26,TD25,2027-07-01,PMT,38.0
GFI,Q,2026-08-26,TD22,2027-07-01,LSM,15.0
GFI,Q,2026-08-26,TD19,2027-07-01,PMT,13.0
GFI,Q,2026-08-26,TD3,2027-10-01,PMT,43.5
GFI,Q,2026-08-26,TD20,2027-10-01,PMT,23.0
GFI,Q,2026-08-26,TD7,2027-10-01,PMT,15.2
GFI,Q,2026-08-26,TD8,2027-10-01,PMT,21.2
GFI,Q,2026-08-26,TD25,2027-10-01,PMT,43.0
GFI,Q,2026-08-26,TD22,2027-10-01,LSM,16.0
GFI,Q,2026-08-26,TD19,2027-10-01,PMT,15.0
GFI,Q,2026-08-26,TD3,2028-01-01,PMT,29.25
GFI,Q,2026-08-26,TD20,2028-01-01,PMT,20.25
GFI,Q,2026-08-26,TD7,2028-01-01,PMT,15.0
GFI,Q,2026-08-26,TD8,2028-01-01,PMT,22.25
GFI,Q,2026-08-26,TD25,2028-01-01,PMT,37.5
GFI,Q,2026-08-26,TD22,2028-01-01,LSM,15.0
GFI,Q,2026-08-26,TD19,2028-01-01,PMT,15.55
GFI,Q,2026-08-26,TD3,2028-04-01,PMT,27.25
GFI,Q,2026-08-26,TD20,2028-04-01,PMT,18.25
GFI,Q,2026-08-26,TD7,2028-04-01,PMT,13.0
GFI,Q,2026-08-26,TD8,2028-04-01,PMT,20.25
GFI,Q,2026-08-26,TD25,2028-04-01,PMT,35.5
GFI,Q,2026-08-26,TD22,2028-04-01,LSM,13.0
GFI,Q,2026-08-26,TD19,2028-04-01,PMT,13.55
GFI,A,2026-08-26,TD3,2027-01-01,PMT,58.0
GFI,A,2026-08-26,TD20,2027-01-01,PMT,25.25
GFI,A,2026-08-26,TD7,2027-01-01,PMT,14.9
GFI,A,2026-08-26,TD8,2027-01-01,PMT,20.825
GFI,A,2026-08-26,TD25,2027-01-01,PMT,43.25
GFI,A,2026-08-26,TD22,2027-01-01,LSM,18.25
GFI,A,2026-08-26,TD19,2027-01-01,PMT,14.0
GFI,A,2026-08-26,TD3,2028-01-01,PMT,27.25
GFI,A,2026-08-26,TD20,2028-01-01,PMT,18.25
GFI,A,2026-08-26,TD7,2028-01-01,PMT,13.0
GFI,A,2026-08-26,TD8,2028-01-01,PMT,20.25
GFI,A,2026-08-26,TD25,2028-01-01,PMT,35.5
GFI,A,2026-08-26,TD22,2028-01-01,LSM,13.0
GFI,A,2026-08-26,TD19,2028-01-01,PMT,13.55
GFI,A,2026-08-26,TD3,2029-01-01,PMT,19.0
GFI,A,2026-08-26,TD20,2029-01-01,PMT,16.5
GFI,A,2026-08-26,TD7,2029-01-01,PMT,12.9
GFI,A,2026-08-26,TD8,2029-01-01,PMT,19.7
GFI,A,2026-08-26,TD25,2029-01-01,PMT,32.5
GFI,A,2026-08-26,TD22,2029-01-01,LSM,12.5
GFI,A,2026-08-26,TD19,2029-01-01,PMT,13.25
GFI,BITR,2026-08-27,TD3,2026-08-01,WSC,623.33
GFI,BITR,2026-08-27,TD20,2026-08-01,WSC,237.78
GFI,BITR,2026-08-27,TD7,2026-08-01,WSC,213.75
GFI,BITR,2026-08-27,TD8,2026-08-01,WSC,360.42
GFI,BITR,2026-08-27,TD25,2026-08-01,WSC,201.67
GFI,BITR,2026-08-27,TD22,2026-08-01,LSM,24.6
GFI,BITR,2026-08-27,TD19,2026-08-01,WSC,268.0
GFI,M,2026-08-27,TD3,2026-08-01,WSC,523.5
GFI,M,2026-08-27,TD20,2026-08-01,WSC,247.0
GFI,M,2026-08-27,TD7,2026-08-01,WSC,207.5
GFI,M,2026-08-27,TD8,2026-08-01,WSC,345.0
GFI,M,2026-08-27,TD25,2026-08-01,WSC,307.0
GFI,M,2026-08-27,TD22,2026-08-01,LSM,21.2
GFI,M,2026-08-27,TD19,2026-08-01,WSC,230.0
GFI,M,2026-08-27,TD3,2026-09-01,WSC,600.0
GFI,M,2026-08-27,TD20,2026-09-01,WSC,230.0
GFI,M,2026-08-27,TD7,2026-09-01,WSC,195.0
GFI,M,2026-08-27,TD8,2026-09-01,WSC,350.0
GFI,M,2026-08-27,TD25,2026-09-01,WSC,277.0
GFI,M,2026-08-27,TD22,2026-09-01,LSM,25.5
GFI,M,2026-08-27,TD19,2026-09-01,WSC,200.0
GFI,M,2026-08-27,TD3,2026-10-01,WSC,550.0
GFI,M,2026-08-27,TD20,2026-10-01,WSC,240.0
GFI,M,2026-08-27,TD7,2026-10-01,WSC,192.5
GFI,M,2026-08-27,TD8,2026-10-01,WSC,280.0
GFI,M,2026-08-27,TD25,2026-10-01,WSC,300.0
GFI,M,2026-08-27,TD22,2026-10-01,LSM,24.5
GFI,M,2026-08-27,TD19,2026-10-01,WSC,165.0
GFI,M,2026-08-27,TD3,2026-11-01,WSC,530.0
GFI,M,2026-08-27,TD20,2026-11-01,WSC,223.0
GFI,M,2026-08-27,TD7,2026-11-01,WSC,182.5
GFI,M,2026-08-27,TD8,2026-11-01,WSC,260.0
GFI,M,2026-08-27,TD25,2026-11-01,WSC,300.0
GFI,M,2026-08-27,TD22,2026-11-01,LSM,22.75
GFI,M,2026-08-27,TD19,2026-11-01,WSC,153.0
GFI,M,2026-08-27,TD3,2026-12-01,WSC,510.0
GFI,M,2026-08-27,TD20,2026-12-01,WSC,209.0
GFI,M,2026-08-27,TD7,2026-12-01,WSC,172.5
GFI,M,2026-08-27,TD8,2026-12-01,WSC,240.0
GFI,M,2026-08-27,TD25,2026-12-01,WSC,300.0
GFI,M,2026-08-27,TD22,2026-12-01,LSM,22.5
GFI,M,2026-08-27,TD19,2026-12-01,WSC,150.0
GFI,M,2026-08-27,TD3,2027-01-01,PMT,89.5
GFI,M,2026-08-27,TD20,2027-01-01,PMT,36.4
GFI,M,2026-08-27,TD7,2027-01-01,PMT,16.3
GFI,M,2026-08-27,TD8,2027-01-01,PMT,23.5
GFI,M,2026-08-27,TD25,2027-01-01,PMT,51.5
GFI,M,2026-08-27,TD22,2027-01-01,LSM,22.25
GFI,M,2026-08-27,TD19,2027-01-01,PMT,15.75
GFI,M,2026-08-27,TD3,2027-02-01,PMT,86.0
GFI,M,2026-08-27,TD20,2027-02-01,PMT,32.9
GFI,M,2026-08-27,TD7,2027-02-01,PMT,15.8
GFI,M,2026-08-27,TD8,2027-02-01,PMT,22.5
GFI,M,2026-08-27,TD25,2027-02-01,PMT,51.5
GFI,M,2026-08-27,TD22,2027-02-01,LSM,22.0
GFI,M,2026-08-27,TD19,2027-02-01,PMT,14.75
GFI,M,2026-08-27,TD3,2027-03-01,PMT,82.5
GFI,M,2026-08-27,TD20,2027-03-01,PMT,29.4
GFI,M,2026-08-27,TD7,2027-03-01,PMT,15.3
GFI,M,2026-08-27,TD8,2027-03-01,PMT,21.5
GFI,M,2026-08-27,TD25,2027-03-01,PMT,51.5
GFI,M,2026-08-27,TD22,2027-03-01,LSM,21.75
GFI,M,2026-08-27,TD19,2027-03-01,PMT,13.75
GFI,Q,2026-08-27,TD3,2026-10-01,WSC,530.0
GFI,Q,2026-08-27,TD20,2026-10-01,WSC,224.0
GFI,Q,2026-08-27,TD7,2026-10-01,WSC,182.5
GFI,Q,2026-08-27,TD8,2026-10-01,WSC,260.0
GFI,Q,2026-08-27,TD25,2026-10-01,WSC,300.0
GFI,Q,2026-08-27,TD22,2026-10-01,LSM,23.25
GFI,Q,2026-08-27,TD19,2026-10-01,WSC,156.0
GFI,Q,2026-08-27,TD3,2027-01-01,PMT,86.0
GFI,Q,2026-08-27,TD20,2027-01-01,PMT,32.9
GFI,Q,2026-08-27,TD7,2027-01-01,PMT,15.8
GFI,Q,2026-08-27,TD8,2027-01-01,PMT,22.5
GFI,Q,2026-08-27,TD25,2027-01-01,PMT,51.5
GFI,Q,2026-08-27,TD22,2027-01-01,LSM,22.0
GFI,Q,2026-08-27,TD19,2027-01-01,PMT,14.75
GFI,Q,2026-08-27,TD3,2027-04-01,PMT,71.0
GFI,Q,2026-08-27,TD20,2027-04-01,PMT,27.5
GFI,Q,2026-08-27,TD7,2027-04-01,PMT,14.6
GFI,Q,2026-08-27,TD8,2027-04-01,PMT,20.5
GFI,Q,2026-08-27,TD25,2027-04-01,PMT,44.0
GFI,Q,2026-08-27,TD22,2027-04-01,LSM,20.0
GFI,Q,2026-08-27,TD19,2027-04-01,PMT,13.25
GFI,Q,2026-08-27,TD3,2027-07-01,PMT,50.0
GFI,Q,2026-08-27,TD20,2027-07-01,PMT,22.0
GFI,Q,2026-08-27,TD7,2027-07-01,PMT,14.0
GFI,Q,2026-08-27,TD8,2027-07-01,PMT,19.1
GFI,Q,2026-08-27,TD25,2027-07-01,PMT,40.0
GFI,Q,2026-08-27,TD22,2027-07-01,LSM,15.0
GFI,Q,2026-08-27,TD19,2027-07-01,PMT,13.0
GFI,Q,2026-08-27,TD3,2027-10-01,PMT,43.0
GFI,Q,2026-08-27,TD20,2027-10-01,PMT,23.4
GFI,Q,2026-08-27,TD7,2027-10-01,PMT,15.2
GFI,Q,2026-08-27,TD8,2027-10-01,PMT,21.2
GFI,Q,2026-08-27,TD25,2027-10-01,PMT,43.7
GFI,Q,2026-08-27,TD22,2027-10-01,LSM,16.0
GFI,Q,2026-08-27,TD19,2027-10-01,PMT,15.0
GFI,Q,2026-08-27,TD3,2028-01-01,PMT,29.85
GFI,Q,2026-08-27,TD20,2028-01-01,PMT,21.0
GFI,Q,2026-08-27,TD7,2028-01-01,PMT,15.0
GFI,Q,2026-08-27,TD8,2028-01-01,PMT,22.25
GFI,Q,2026-08-27,TD25,2028-01-01,PMT,38.0
GFI,Q,2026-08-27,TD22,2028-01-01,LSM,15.0
GFI,Q,2026-08-27,TD19,2028-01-01,PMT,15.55
GFI,Q,2026-08-27,TD3,2028-04-01,PMT,27.85
GFI,Q,2026-08-27,TD20,2028-04-01,PMT,19.0
GFI,Q,2026-08-27,TD7,2028-04-01,PMT,13.0
GFI,Q,2026-08-27,TD8,2028-04-01,PMT,20.25
GFI,Q,2026-08-27,TD25,2028-04-01,PMT,36.0
GFI,Q,2026-08-27,TD22,2028-04-01,LSM,13.0
GFI,Q,2026-08-27,TD19,2028-04-01,PMT,13.55
GFI,A,2026-08-27,TD3,2027-01-01,PMT,62.5
GFI,A,2026-08-27,TD20,2027-01-01,PMT,26.45
GFI,A,2026-08-27,TD7,2027-01-01,PMT,14.9
GFI,A,2026-08-27,TD8,2027-01-01,PMT,20.825
GFI,A,2026-08-27,TD25,2027-01-01,PMT,44.8
GFI,A,2026-08-27,TD22,2027-01-01,LSM,18.25
GFI,A,2026-08-27,TD19,2027-01-01,PMT,14.0
GFI,A,2026-08-27,TD3,2028-01-01,PMT,27.85
GFI,A,2026-08-27,TD20,2028-01-01,PMT,19.0
GFI,A,2026-08-27,TD7,2028-01-01,PMT,13.0
GFI,A,2026-08-27,TD8,2028-01-01,PMT,20.25
GFI,A,2026-08-27,TD25,2028-01-01,PMT,36.0
GFI,A,2026-08-27,TD22,2028-01-01,LSM,13.0
GFI,A,2026-08-27,TD19,2028-01-01,PMT,13.55
GFI,A,2026-08-27,TD3,2029-01-01,PMT,19.0
GFI,A,2026-08-27,TD20,2029-01-01,PMT,16.5
GFI,A,2026-08-27,TD7,2029-01-01,PMT,12.9
GFI,A,2026-08-27,TD8,2029-01-01,PMT,19.7
GFI,A,2026-08-27,TD25,2029-01-01,PMT,33.0
GFI,A,2026-08-27,TD22,2029-01-01,LSM,12.5
GFI,A,2026-08-27,TD19,2029-01-01,PMT,13.25
GFI,BITR,2026-08-28,TD3,2026-08-01,WSC,631.67
GFI,BITR,2026-08-28,TD20,2026-08-01,WSC,212.78
GFI,BITR,2026-08-28,TD7,2026-08-01,WSC,211.25
GFI,BITR,2026-08-28,TD8,2026-08-01,WSC,360.0
GFI,BITR,2026-08-28,TD25,2026-08-01,WSC,216.67
GFI,BITR,2026-08-28,TD22,2026-08-01,LSM,24.333333
GFI,BITR,2026-08-28,TD19,2026-08-01,WSC,265.56
GFI,M,2026-08-28,TD3,2026-08-01,WSC,523.5
GFI,M,2026-08-28,TD20,2026-08-01,WSC,247.0
GFI,M,2026-08-28,TD7,2026-08-01,WSC,207.5
GFI,M,2026-08-28,TD8,2026-08-01,WSC,345.0
GFI,M,2026-08-28,TD25,2026-08-01,WSC,314.0
GFI,M,2026-08-28,TD22,2026-08-01,LSM,21.2
GFI,M,2026-08-28,TD19,2026-08-01,WSC,230.0
GFI,M,2026-08-28,TD3,2026-09-01,WSC,600.0
GFI,M,2026-08-28,TD20,2026-09-01,WSC,230.0
GFI,M,2026-08-28,TD7,2026-09-01,WSC,195.0
GFI,M,2026-08-28,TD8,2026-09-01,WSC,350.0
GFI,M,2026-08-28,TD25,2026-09-01,WSC,281.0
GFI,M,2026-08-28,TD22,2026-09-01,LSM,25.5
GFI,M,2026-08-28,TD19,2026-09-01,WSC,200.0
GFI,M,2026-08-28,TD3,2026-10-01,WSC,554.0
GFI,M,2026-08-28,TD20,2026-10-01,WSC,238.0
GFI,M,2026-08-28,TD7,2026-10-01,WSC,192.5
GFI,M,2026-08-28,TD8,2026-10-01,WSC,280.0
GFI,M,2026-08-28,TD25,2026-10-01,WSC,301.0
GFI,M,2026-08-28,TD22,2026-10-01,LSM,24.5
GFI,M,2026-08-28,TD19,2026-10-01,WSC,165.0
GFI,M,2026-08-28,TD3,2026-11-01,WSC,534.0
GFI,M,2026-08-28,TD20,2026-11-01,WSC,230.0
GFI,M,2026-08-28,TD7,2026-11-01,WSC,182.5
GFI,M,2026-08-28,TD8,2026-11-01,WSC,260.0
GFI,M,2026-08-28,TD25,2026-11-01,WSC,300.0
GFI,M,2026-08-28,TD22,2026-11-01,LSM,22.75
GFI,M,2026-08-28,TD19,2026-11-01,WSC,153.0
GFI,M,2026-08-28,TD3,2026-12-01,WSC,514.0
GFI,M,2026-08-28,TD20,2026-12-01,WSC,219.0
GFI,M,2026-08-28,TD7,2026-12-01,WSC,172.5
GFI,M,2026-08-28,TD8,2026-12-01,WSC,240.0
GFI,M,2026-08-28,TD25,2026-12-01,WSC,299.0
GFI,M,2026-08-28,TD22,2026-12-01,LSM,22.5
GFI,M,2026-08-28,TD19,2026-12-01,WSC,150.0
GFI,M,2026-08-28,TD3,2027-01-01,PMT,87.5
GFI,M,2026-08-28,TD20,2027-01-01,PMT,36.25
GFI,M,2026-08-28,TD7,2027-01-01,PMT,16.3
GFI,M,2026-08-28,TD8,2027-01-01,PMT,23.5
GFI,M,2026-08-28,TD25,2027-01-01,PMT,51.5
GFI,M,2026-08-28,TD22,2027-01-01,LSM,22.25
GFI,M,2026-08-28,TD19,2027-01-01,PMT,15.75
GFI,M,2026-08-28,TD3,2027-02-01,PMT,84.0
GFI,M,2026-08-28,TD20,2027-02-01,PMT,32.75
GFI,M,2026-08-28,TD7,2027-02-01,PMT,15.8
GFI,M,2026-08-28,TD8,2027-02-01,PMT,22.5
GFI,M,2026-08-28,TD25,2027-02-01,PMT,51.5
GFI,M,2026-08-28,TD22,2027-02-01,LSM,22.0
GFI,M,2026-08-28,TD19,2027-02-01,PMT,14.75
GFI,M,2026-08-28,TD3,2027-03-01,PMT,80.5
GFI,M,2026-08-28,TD20,2027-03-01,PMT,29.25
GFI,M,2026-08-28,TD7,2027-03-01,PMT,15.3
GFI,M,2026-08-28,TD8,2027-03-01,PMT,21.5
GFI,M,2026-08-28,TD25,2027-03-01,PMT,51.5
GFI,M,2026-08-28,TD22,2027-03-01,LSM,21.75
GFI,M,2026-08-28,TD19,2027-03-01,PMT,13.75
GFI,Q,2026-08-28,TD3,2026-10-01,WSC,534.0
GFI,Q,2026-08-28,TD20,2026-10-01,WSC,229.0
GFI,Q,2026-08-28,TD7,2026-10-01,WSC,182.5
GFI,Q,2026-08-28,TD8,2026-10-01,WSC,260.0
GFI,Q,2026-08-28,TD25,2026-10-01,WSC,300.0
GFI,Q,2026-08-28,TD22,2026-10-01,LSM,23.25
GFI,Q,2026-08-28,TD19,2026-10-01,WSC,156.0
GFI,Q,2026-08-28,TD3,2027-01-01,PMT,84.0
GFI,Q,2026-08-28,TD20,2027-01-01,PMT,32.75
GFI,Q,2026-08-28,TD7,2027-01-01,PMT,15.8
GFI,Q,2026-08-28,TD8,2027-01-01,PMT,22.5
GFI,Q,2026-08-28,TD25,2027-01-01,PMT,51.5
GFI,Q,2026-08-28,TD22,2027-01-01,LSM,22.0
GFI,Q,2026-08-28,TD19,2027-01-01,PMT,14.75
GFI,Q,2026-08-28,TD3,2027-04-01,PMT,68.0
GFI,Q,2026-08-28,TD20,2027-04-01,PMT,27.35
GFI,Q,2026-08-28,TD7,2027-04-01,PMT,14.6
GFI,Q,2026-08-28,TD8,2027-04-01,PMT,20.5
GFI,Q,2026-08-28,TD25,2027-04-01,PMT,44.0
GFI,Q,2026-08-28,TD22,2027-04-01,LSM,20.0
GFI,Q,2026-08-28,TD19,2027-04-01,PMT,13.25
GFI,Q,2026-08-28,TD3,2027-07-01,PMT,50.0
GFI,Q,2026-08-28,TD20,2027-07-01,PMT,21.5
GFI,Q,2026-08-28,TD7,2027-07-01,PMT,14.0
GFI,Q,2026-08-28,TD8,2027-07-01,PMT,19.1
GFI,Q,2026-08-28,TD25,2027-07-01,PMT,41.0
GFI,Q,2026-08-28,TD22,2027-07-01,LSM,15.0
GFI,Q,2026-08-28,TD19,2027-07-01,PMT,13.0
GFI,Q,2026-08-28,TD3,2027-10-01,PMT,44.0
GFI,Q,2026-08-28,TD20,2027-10-01,PMT,23.0
GFI,Q,2026-08-28,TD7,2027-10-01,PMT,15.2
GFI,Q,2026-08-28,TD8,2027-10-01,PMT,21.2
GFI,Q,2026-08-28,TD25,2027-10-01,PMT,43.5
GFI,Q,2026-08-28,TD22,2027-10-01,LSM,16.0
GFI,Q,2026-08-28,TD19,2027-10-01,PMT,15.0
GFI,Q,2026-08-28,TD3,2028-01-01,PMT,29.85
GFI,Q,2026-08-28,TD20,2028-01-01,PMT,20.75
GFI,Q,2026-08-28,TD7,2028-01-01,PMT,15.0
GFI,Q,2026-08-28,TD8,2028-01-01,PMT,22.25
GFI,Q,2026-08-28,TD25,2028-01-01,PMT,38.0
GFI,Q,2026-08-28,TD22,2028-01-01,LSM,15.0
GFI,Q,2026-08-28,TD19,2028-01-01,PMT,15.55
GFI,Q,2026-08-28,TD3,2028-04-01,PMT,27.85
GFI,Q,2026-08-28,TD20,2028-04-01,PMT,18.75
GFI,Q,2026-08-28,TD7,2028-04-01,PMT,13.0
GFI,Q,2026-08-28,TD8,2028-04-01,PMT,20.25
GFI,Q,2026-08-28,TD25,2028-04-01,PMT,36.0
GFI,Q,2026-08-28,TD22,2028-04-01,LSM,13.0
GFI,Q,2026-08-28,TD19,2028-04-01,PMT,13.55
GFI,A,2026-08-28,TD3,2027-01-01,PMT,61.5
GFI,A,2026-08-28,TD20,2027-01-01,PMT,26.15
GFI,A,2026-08-28,TD7,2027-01-01,PMT,14.9
GFI,A,2026-08-28,TD8,2027-01-01,PMT,20.825
GFI,A,2026-08-28,TD25,2027-01-01,PMT,45.0
GFI,A,2026-08-28,TD22,2027-01-01,LSM,18.25
GFI,A,2026-08-28,TD19,2027-01-01,PMT,14.0
GFI,A,2026-08-28,TD3,2028-01-01,PMT,27.85
GFI,A,2026-08-28,TD20,2028-01-01,PMT,18.75
GFI,A,2026-08-28,TD7,2028-01-01,PMT,13.0
GFI,A,2026-08-28,TD8,2028-01-01,PMT,20.25
GFI,A,2026-08-28,TD25,2028-01-01,PMT,36.0
GFI,A,2026-08-28,TD22,2028-01-01,LSM,13.0
GFI,A,2026-08-28,TD19,2028-01-01,PMT,13.55
GFI,A,2026-08-28,TD3,2029-01-01,PMT,19.0
GFI,A,2026-08-28,TD20,2029-01-01,PMT,16.5
GFI,A,2026-08-28,TD7,2029-01-01,PMT,12.9
GFI,A,2026-08-28,TD8,2029-01-01,PMT,19.7
GFI,A,2026-08-28,TD25,2029-01-01,PMT,33.0
GFI,A,2026-08-28,TD22,2029-01-01,LSM,12.5
GFI,A,2026-08-28,TD19,2029-01-01,PMT,13.25
GFI,BITR,2026-09-01,TD3,2026-09-01,WSC,651.67
GFI,BITR,2026-09-01,TD20,2026-09-01,WSC,186.39
GFI,BITR,2026-09-01,TD7,2026-09-01,WSC,208.33
GFI,BITR,2026-09-01,TD8,2026-09-01,WSC,359.17
GFI,BITR,2026-09-01,TD25,2026-09-01,WSC,219.44
GFI,BITR,2026-09-01,TD22,2026-09-01,LSM,24.527778
GFI,BITR,2026-09-01,TD19,2026-09-01,WSC,235.44
GFI,M,2026-09-01,TD3,2026-09-01,WSC,630.0
GFI,M,2026-09-01,TD20,2026-09-01,WSC,210.0
GFI,M,2026-09-01,TD7,2026-09-01,WSC,195.0
GFI,M,2026-09-01,TD8,2026-09-01,WSC,350.0
GFI,M,2026-09-01,TD25,2026-09-01,WSC,277.5
GFI,M,2026-09-01,TD22,2026-09-01,LSM,25.5
GFI,M,2026-09-01,TD19,2026-09-01,WSC,200.0
GFI,M,2026-09-01,TD3,2026-10-01,WSC,600.0
GFI,M,2026-09-01,TD20,2026-10-01,WSC,232.0
GFI,M,2026-09-01,TD7,2026-10-01,WSC,192.5
GFI,M,2026-09-01,TD8,2026-10-01,WSC,280.0
GFI,M,2026-09-01,TD25,2026-10-01,WSC,300.0
GFI,M,2026-09-01,TD22,2026-10-01,LSM,24.5
GFI,M,2026-09-01,TD19,2026-10-01,WSC,165.0
GFI,M,2026-09-01,TD3,2026-11-01,WSC,570.0
GFI,M,2026-09-01,TD20,2026-11-01,WSC,228.0
GFI,M,2026-09-01,TD7,2026-11-01,WSC,182.5
GFI,M,2026-09-01,TD8,2026-11-01,WSC,260.0
GFI,M,2026-09-01,TD25,2026-11-01,WSC,300.0
GFI,M,2026-09-01,TD22,2026-11-01,LSM,22.75
GFI,M,2026-09-01,TD19,2026-11-01,WSC,153.0
GFI,M,2026-09-01,TD3,2026-12-01,WSC,540.0
GFI,M,2026-09-01,TD20,2026-12-01,WSC,215.0
GFI,M,2026-09-01,TD7,2026-12-01,WSC,172.5
GFI,M,2026-09-01,TD8,2026-12-01,WSC,240.0
GFI,M,2026-09-01,TD25,2026-12-01,WSC,299.0
GFI,M,2026-09-01,TD22,2026-12-01,LSM,22.5
GFI,M,2026-09-01,TD19,2026-12-01,WSC,150.0
GFI,M,2026-09-01,TD3,2027-01-01,PMT,90.0
GFI,M,2026-09-01,TD20,2027-01-01,PMT,37.0
GFI,M,2026-09-01,TD7,2027-01-01,PMT,16.3
GFI,M,2026-09-01,TD8,2027-01-01,PMT,23.5
GFI,M,2026-09-01,TD25,2027-01-01,PMT,53.4
GFI,M,2026-09-01,TD22,2027-01-01,LSM,22.25
GFI,M,2026-09-01,TD19,2027-01-01,PMT,15.75
GFI,M,2026-09-01,TD3,2027-02-01,PMT,86.5
GFI,M,2026-09-01,TD20,2027-02-01,PMT,33.5
GFI,M,2026-09-01,TD7,2027-02-01,PMT,15.8
GFI,M,2026-09-01,TD8,2027-02-01,PMT,22.5
GFI,M,2026-09-01,TD25,2027-02-01,PMT,53.4
GFI,M,2026-09-01,TD22,2027-02-01,LSM,22.0
GFI,M,2026-09-01,TD19,2027-02-01,PMT,14.75
GFI,M,2026-09-01,TD3,2027-03-01,PMT,83.0
GFI,M,2026-09-01,TD20,2027-03-01,PMT,30.0
GFI,M,2026-09-01,TD7,2027-03-01,PMT,15.3
GFI,M,2026-09-01,TD8,2027-03-01,PMT,21.5
GFI,M,2026-09-01,TD25,2027-03-01,PMT,53.4
GFI,M,2026-09-01,TD22,2027-03-01,LSM,21.75
GFI,M,2026-09-01,TD19,2027-03-01,PMT,13.75
GFI,M,2026-09-01,TD3,2027-04-01,PMT,68.5
GFI,M,2026-09-01,TD20,2027-04-01,PMT,27.25
GFI,M,2026-09-01,TD7,2027-04-01,PMT,14.6
GFI,M,2026-09-01,TD8,2027-04-01,PMT,20.5
GFI,M,2026-09-01,TD25,2027-04-01,PMT,44.2
GFI,M,2026-09-01,TD22,2027-04-01,LSM,20.0
GFI,M,2026-09-01,TD19,2027-04-01,PMT,13.25
GFI,Q,2026-09-01,TD3,2026-10-01,WSC,570.0
GFI,Q,2026-09-01,TD20,2026-10-01,WSC,225.0
GFI,Q,2026-09-01,TD7,2026-10-01,WSC,182.5
GFI,Q,2026-09-01,TD8,2026-10-01,WSC,260.0
GFI,Q,2026-09-01,TD25,2026-10-01,WSC,299.666667
GFI,Q,2026-09-01,TD22,2026-10-01,LSM,23.25
GFI,Q,2026-09-01,TD19,2026-10-01,WSC,156.0
GFI,Q,2026-09-01,TD3,2027-01-01,PMT,86.5
GFI,Q,2026-09-01,TD20,2027-01-01,PMT,33.5
GFI,Q,2026-09-01,TD7,2027-01-01,PMT,15.8
GFI,Q,2026-09-01,TD8,2027-01-01,PMT,22.5
GFI,Q,2026-09-01,TD25,2027-01-01,PMT,53.4
GFI,Q,2026-09-01,TD22,2027-01-01,LSM,22.0
GFI,Q,2026-09-01,TD19,2027-01-01,PMT,14.75
GFI,Q,2026-09-01,TD3,2027-04-01,PMT,68.5
GFI,Q,2026-09-01,TD20,2027-04-01,PMT,27.25
GFI,Q,2026-09-01,TD7,2027-04-01,PMT,14.6
GFI,Q,2026-09-01,TD8,2027-04-01,PMT,20.5
GFI,Q,2026-09-01,TD25,2027-04-01,PMT,44.2
GFI,Q,2026-09-01,TD22,2027-04-01,LSM,20.0
GFI,Q,2026-09-01,TD19,2027-04-01,PMT,13.25
GFI,Q,2026-09-01,TD3,2027-07-01,PMT,52.0
GFI,Q,2026-09-01,TD20,2027-07-01,PMT,21.75
GFI,Q,2026-09-01,TD7,2027-07-01,PMT,14.0
GFI,Q,2026-09-01,TD8,2027-07-01,PMT,19.1
GFI,Q,2026-09-01,TD25,2027-07-01,PMT,40.0
GFI,Q,2026-09-01,TD22,2027-07-01,LSM,15.0
GFI,Q,2026-09-01,TD19,2027-07-01,PMT,13.0
GFI,Q,2026-09-01,TD3,2027-10-01,PMT,45.0
GFI,Q,2026-09-01,TD20,2027-10-01,PMT,23.5
GFI,Q,2026-09-01,TD7,2027-10-01,PMT,15.2
GFI,Q,2026-09-01,TD8,2027-10-01,PMT,21.2
GFI,Q,2026-09-01,TD25,2027-10-01,PMT,44.5
GFI,Q,2026-09-01,TD22,2027-10-01,LSM,16.0
GFI,Q,2026-09-01,TD19,2027-10-01,PMT,15.0
GFI,Q,2026-09-01,TD3,2028-01-01,PMT,29.85
GFI,Q,2026-09-01,TD20,2028-01-01,PMT,20.75
GFI,Q,2026-09-01,TD7,2028-01-01,PMT,15.0
GFI,Q,2026-09-01,TD8,2028-01-01,PMT,22.25
GFI,Q,2026-09-01,TD25,2028-01-01,PMT,38.25
GFI,Q,2026-09-01,TD22,2028-01-01,LSM,15.0
GFI,Q,2026-09-01,TD19,2028-01-01,PMT,15.55
GFI,Q,2026-09-01,TD3,2028-04-01,PMT,27.85
GFI,Q,2026-09-01,TD20,2028-04-01,PMT,18.75
GFI,Q,2026-09-01,TD7,2028-04-01,PMT,13.0
GFI,Q,2026-09-01,TD8,2028-04-01,PMT,20.25
GFI,Q,2026-09-01,TD25,2028-04-01,PMT,36.25
GFI,Q,2026-09-01,TD22,2028-04-01,LSM,13.0
GFI,Q,2026-09-01,TD19,2028-04-01,PMT,13.55
GFI,A,2026-09-01,TD3,2027-01-01,PMT,63.0
GFI,A,2026-09-01,TD20,2027-01-01,PMT,26.5
GFI,A,2026-09-01,TD7,2027-01-01,PMT,14.9
GFI,A,2026-09-01,TD8,2027-01-01,PMT,20.825
GFI,A,2026-09-01,TD25,2027-01-01,PMT,45.525
GFI,A,2026-09-01,TD22,2027-01-01,LSM,18.25
GFI,A,2026-09-01,TD19,2027-01-01,PMT,14.0
GFI,A,2026-09-01,TD3,2028-01-01,PMT,27.85
GFI,A,2026-09-01,TD20,2028-01-01,PMT,18.75
GFI,A,2026-09-01,TD7,2028-01-01,PMT,13.0
GFI,A,2026-09-01,TD8,2028-01-01,PMT,20.25
GFI,A,2026-09-01,TD25,2028-01-01,PMT,36.25
GFI,A,2026-09-01,TD22,2028-01-01,LSM,13.0
GFI,A,2026-09-01,TD19,2028-01-01,PMT,13.55
GFI,A,2026-09-01,TD3,2029-01-01,PMT,19.0
GFI,A,2026-09-01,TD20,2029-01-01,PMT,16.5
GFI,A,2026-09-01,TD7,2029-01-01,PMT,12.9
GFI,A,2026-09-01,TD8,2029-01-01,PMT,19.7
GFI,A,2026-09-01,TD25,2029-01-01,PMT,33.0
GFI,A,2026-09-01,TD22,2029-01-01,LSM,12.5
GFI,A,2026-09-01,TD19,2029-01-01,PMT,13.25
GFI,MTD,2026-08-03,TD3,2026-08-01,WSC,429.44
GFI,MTD,2026-08-03,TD20,2026-08-01,WSC,207.5
GFI,MTD,2026-08-03,TD7,2026-08-01,WSC,213.33
GFI,MTD,2026-08-03,TD8,2026-08-01,WSC,310.67
GFI,MTD,2026-08-03,TD25,2026-08-01,WSC,380.56
GFI,MTD,2026-08-03,TD22,2026-08-01,LSM,19.444444
GFI,MTD,2026-08-03,TD19,2026-08-01,WSC,243.06
GFI,MTD,2026-08-04,TD3,2026-08-01,WSC,429.44
GFI,MTD,2026-08-04,TD20,2026-08-01,WSC,192.22
GFI,MTD,2026-08-04,TD7,2026-08-01,WSC,212.71
GFI,MTD,2026-08-04,TD8,2026-08-01,WSC,313.05
GFI,MTD,2026-08-04,TD25,2026-08-01,WSC,375.0
GFI,MTD,2026-08-04,TD22,2026-08-01,LSM,19.3055555
GFI,MTD,2026-08-04,TD19,2026-08-01,WSC,243.69
GFI,MTD,2026-08-05,TD3,2026-08-01,WSC,430.37
GFI,MTD,2026-08-05,TD20,2026-08-01,WSC,185.65
GFI,MTD,2026-08-05,TD7,2026-08-01,WSC,212.64
GFI,MTD,2026-08-05,TD8,2026-08-01,WSC,314.7
GFI,MTD,2026-08-05,TD25,2026-08-01,WSC,363.89
GFI,MTD,2026-08-05,TD22,2026-08-01,LSM,19.18333333
GFI,MTD,2026-08-05,TD19,2026-08-01,WSC,243.7
GFI,MTD,2026-08-06,TD3,2026-08-01,WSC,441.67
GFI,MTD,2026-08-06,TD20,2026-08-01,WSC,182.29
GFI,MTD,2026-08-06,TD7,2026-08-01,WSC,212.71
GFI,MTD,2026-08-06,TD8,2026-08-01,WSC,315.92
GFI,MTD,2026-08-06,TD25,2026-08-01,WSC,349.58
GFI,MTD,2026-08-06,TD22,2026-08-01,LSM,19.07916675
GFI,MTD,2026-08-06,TD19,2026-08-01,WSC,243.25
GFI,MTD,2026-08-07,TD3,2026-08-01,WSC,451.33
GFI,MTD,2026-08-07,TD20,2026-08-01,WSC,181.33
GFI,MTD,2026-08-07,TD7,2026-08-01,WSC,212.75
GFI,MTD,2026-08-07,TD8,2026-08-01,WSC,329.88
GFI,MTD,2026-08-07,TD25,2026-08-01,WSC,342.11
GFI,MTD,2026-08-07,TD22,2026-08-01,LSM,19.0011112
GFI,MTD,2026-08-07,TD19,2026-08-01,WSC,242.71
GFI,MTD,2026-08-10,TD3,2026-08-01,WSC,457.41
GFI,MTD,2026-08-10,TD20,2026-08-01,WSC,181.62
GFI,MTD,2026-08-10,TD7,2026-08-01,WSC,211.94
GFI,MTD,2026-08-10,TD8,2026-08-01,WSC,329.88
GFI,MTD,2026-08-10,TD25,2026-08-01,WSC,338.7
GFI,MTD,2026-08-10,TD22,2026-08-01,LSM,18.94027783
GFI,MTD,2026-08-10,TD19,2026-08-01,WSC,237.77
GFI,MTD,2026-08-11,TD3,2026-08-01,WSC,460.87
GFI,MTD,2026-08-11,TD20,2026-08-01,WSC,183.57
GFI,MTD,2026-08-11,TD7,2026-08-01,WSC,210.71
GFI,MTD,2026-08-11,TD8,2026-08-01,WSC,329.55
GFI,MTD,2026-08-11,TD25,2026-08-01,WSC,336.55
GFI,MTD,2026-08-11,TD22,2026-08-01,LSM,18.89484129
GFI,MTD,2026-08-11,TD19,2026-08-01,WSC,233.53
GFI,MTD,2026-08-12,TD3,2026-08-01,WSC,463.19
GFI,MTD,2026-08-12,TD20,2026-08-01,WSC,188.54
GFI,MTD,2026-08-12,TD7,2026-08-01,WSC,209.38
GFI,MTD,2026-08-12,TD8,2026-08-01,WSC,329.67
GFI,MTD,2026-08-12,TD25,2026-08-01,WSC,336.56
GFI,MTD,2026-08-12,TD22,2026-08-01,LSM,18.84841663
GFI,MTD,2026-08-12,TD19,2026-08-01,WSC,229.86
GFI,MTD,2026-08-13,TD3,2026-08-01,WSC,465.0
GFI,MTD,2026-08-13,TD20,2026-08-01,WSC,192.84
GFI,MTD,2026-08-13,TD7,2026-08-01,WSC,208.52
GFI,MTD,2026-08-13,TD8,2026-08-01,WSC,330.08
GFI,MTD,2026-08-13,TD25,2026-08-01,WSC,337.99
GFI,MTD,2026-08-13,TD22,2026-08-01,LSM,18.801061670000003
GFI,MTD,2026-08-13,TD19,2026-08-01,WSC,228.92
GFI,MTD,2026-08-14,TD3,2026-08-01,WSC,466.67
GFI,MTD,2026-08-14,TD20,2026-08-01,WSC,199.54
GFI,MTD,2026-08-14,TD7,2026-08-01,WSC,207.83
GFI,MTD,2026-08-14,TD8,2026-08-01,WSC,330.63
GFI,MTD,2026-08-14,TD25,2026-08-01,WSC,341.14
GFI,MTD,2026-08-14,TD22,2026-08-01,LSM,18.7759555
GFI,MTD,2026-08-14,TD19,2026-08-01,WSC,228.55
GFI,MTD,2026-08-17,TD3,2026-08-01,WSC,469.85
GFI,MTD,2026-08-17,TD20,2026-08-01,WSC,209.73
GFI,MTD,2026-08-17,TD7,2026-08-01,WSC,207.31
GFI,MTD,2026-08-17,TD8,2026-08-01,WSC,330.26
GFI,MTD,2026-08-17,TD25,2026-08-01,WSC,344.42
GFI,MTD,2026-08-17,TD22,2026-08-01,LSM,18.77738382
GFI,MTD,2026-08-17,TD19,2026-08-01,WSC,228.32
GFI,MTD,2026-08-18,TD3,2026-08-01,WSC,473.56
GFI,MTD,2026-08-18,TD20,2026-08-01,WSC,219.62
GFI,MTD,2026-08-18,TD7,2026-08-01,WSC,206.88
GFI,MTD,2026-08-18,TD8,2026-08-01,WSC,329.71
GFI,MTD,2026-08-18,TD25,2026-08-01,WSC,345.86
GFI,MTD,2026-08-18,TD22,2026-08-01,LSM,18.906120329999997
GFI,MTD,2026-08-18,TD19,2026-08-01,WSC,228.25
GFI,MTD,2026-08-19,TD3,2026-08-01,WSC,479.16
GFI,MTD,2026-08-19,TD20,2026-08-01,WSC,228.41
GFI,MTD,2026-08-19,TD7,2026-08-01,WSC,206.54
GFI,MTD,2026-08-19,TD8,2026-08-01,WSC,328.72
GFI,MTD,2026-08-19,TD25,2026-08-01,WSC,344.85
GFI,MTD,2026-08-19,TD22,2026-08-01,LSM,19.14752985
GFI,MTD,2026-08-19,TD19,2026-08-01,WSC,229.35
GFI,MTD,2026-08-20,TD3,2026-08-01,WSC,485.64
GFI,MTD,2026-08-20,TD20,2026-08-01,WSC,235.58
GFI,MTD,2026-08-20,TD7,2026-08-01,WSC,206.28
GFI,MTD,2026-08-20,TD8,2026-08-01,WSC,328.5
GFI,MTD,2026-08-20,TD25,2026-08-01,WSC,343.63
GFI,MTD,2026-08-20,TD22,2026-08-01,LSM,19.55762693
GFI,MTD,2026-08-20,TD19,2026-08-01,WSC,230.72
GFI,MTD,2026-08-21,TD3,2026-08-01,WSC,492.39
GFI,MTD,2026-08-21,TD20,2026-08-01,WSC,241.47
GFI,MTD,2026-08-21,TD7,2026-08-01,WSC,206.06
GFI,MTD,2026-08-21,TD8,2026-08-01,WSC,328.99
GFI,MTD,2026-08-21,TD25,2026-08-01,WSC,341.98
GFI,MTD,2026-08-21,TD22,2026-08-01,LSM,19.96119253
GFI,MTD,2026-08-21,TD19,2026-08-01,WSC,232.48
GFI,MTD,2026-08-24,TD3,2026-08-01,WSC,499.47
GFI,MTD,2026-08-24,TD20,2026-08-01,WSC,245.46
GFI,MTD,2026-08-24,TD7,2026-08-01,WSC,206.02
GFI,MTD,2026-08-24,TD8,2026-08-01,WSC,330.25
GFI,MTD,2026-08-24,TD25,2026-08-01,WSC,339.95
GFI,MTD,2026-08-24,TD22,2026-08-01,LSM,20.23584025
GFI,MTD,2026-08-24,TD19,2026-08-01,WSC,234.35
GFI,MTD,2026-08-25,TD3,2026-08-01,WSC,505.94
GFI,MTD,2026-08-25,TD20,2026-08-01,WSC,247.16
GFI,MTD,2026-08-25,TD7,2026-08-01,WSC,206.5
GFI,MTD,2026-08-25,TD8,2026-08-01,WSC,332.01
GFI,MTD,2026-08-25,TD25,2026-08-01,WSC,335.74
GFI,MTD,2026-08-25,TD22,2026-08-01,LSM,20.516084940000002
GFI,MTD,2026-08-25,TD19,2026-08-01,WSC,236.37
GFI,MTD,2026-08-26,TD3,2026-08-01,WSC,512.24
GFI,MTD,2026-08-26,TD20,2026-08-01,WSC,248.11
GFI,MTD,2026-08-26,TD7,2026-08-01,WSC,207.04
GFI,MTD,2026-08-26,TD8,2026-08-01,WSC,333.56
GFI,MTD,2026-08-26,TD25,2026-08-01,WSC,329.88
GFI,MTD,2026-08-26,TD22,2026-08-01,LSM,20.756858
GFI,MTD,2026-08-26,TD19,2026-08-01,WSC,238.25
GFI,MTD,2026-08-27,TD3,2026-08-01,WSC,518.09
GFI,MTD,2026-08-27,TD20,2026-08-01,WSC,247.56
GFI,MTD,2026-08-27,TD7,2026-08-01,WSC,207.39
GFI,MTD,2026-08-27,TD8,2026-08-01,WSC,335.05
GFI,MTD,2026-08-27,TD25,2026-08-01,WSC,323.13
GFI,MTD,2026-08-27,TD22,2026-08-01,LSM,20.95912863
GFI,MTD,2026-08-27,TD19,2026-08-01,WSC,239.81
GFI,MTD,2026-08-28,TD3,2026-08-01,WSC,523.77
GFI,MTD,2026-08-28,TD20,2026-08-01,WSC,245.82
GFI,MTD,2026-08-28,TD7,2026-08-01,WSC,207.58
GFI,MTD,2026-08-28,TD8,2026-08-01,WSC,336.36
GFI,MTD,2026-08-28,TD25,2026-08-01,WSC,317.81
GFI,MTD,2026-08-28,TD22,2026-08-01,LSM,21.12783885
GFI,MTD,2026-08-28,TD19,2026-08-01,WSC,241.1
GFI,MTD,2026-09-01,TD3,2026-08-01,WSC,651.67
GFI,MTD,2026-09-01,TD20,2026-08-01,WSC,186.39
GFI,MTD,2026-09-01,TD7,2026-08-01,WSC,208.33
GFI,MTD,2026-09-01,TD8,2026-08-01,WSC,359.17
GFI,MTD,2026-09-01,TD25,2026-08-01,WSC,219.44
GFI,MTD,2026-09-01,TD22,2026-08-01,LSM,24.527778
GFI,MTD,2026-09-01,TD19,2026-08-01,WSC,235.44
