source,periodType,date,instrument,period,uom,value
GFI,BITR,2026-06-29,TD3,2026-06-01,WSC,309.44
GFI,BITR,2026-06-29,TD20,2026-06-01,WSC,234.44
GFI,BITR,2026-06-29,TD7,2026-06-01,WSC,144.17
GFI,BITR,2026-06-29,TD8,2026-06-01,WSC,317.86
GFI,BITR,2026-06-29,TD25,2026-06-01,WSC,196.11
GFI,BITR,2026-06-29,TD22,2026-06-01,LSM,19.133333
GFI,BITR,2026-06-29,TD19,2026-06-01,WSC,153.17
GFI,M,2026-06-29,TD3,2026-06-01,WSC,402.85
GFI,M,2026-06-29,TD20,2026-06-01,WSC,181.0
GFI,M,2026-06-29,TD7,2026-06-01,WSC,146.75
GFI,M,2026-06-29,TD8,2026-06-01,WSC,311.0
GFI,M,2026-06-29,TD25,2026-06-01,WSC,202.0
GFI,M,2026-06-29,TD22,2026-06-01,LSM,18.2
GFI,M,2026-06-29,TD19,2026-06-01,WSC,191.25
GFI,M,2026-06-29,TD3,2026-07-01,WSC,280.0
GFI,M,2026-06-29,TD20,2026-07-01,WSC,205.0
GFI,M,2026-06-29,TD7,2026-07-01,WSC,145.0
GFI,M,2026-06-29,TD8,2026-07-01,WSC,202.0
GFI,M,2026-06-29,TD25,2026-07-01,WSC,186.5
GFI,M,2026-06-29,TD22,2026-07-01,LSM,15.5
GFI,M,2026-06-29,TD19,2026-07-01,WSC,160.0
GFI,M,2026-06-29,TD3,2026-08-01,WSC,232.0
GFI,M,2026-06-29,TD20,2026-08-01,WSC,160.0
GFI,M,2026-06-29,TD7,2026-08-01,WSC,140.0
GFI,M,2026-06-29,TD8,2026-08-01,WSC,177.0
GFI,M,2026-06-29,TD25,2026-08-01,WSC,190.0
GFI,M,2026-06-29,TD22,2026-08-01,LSM,14.25
GFI,M,2026-06-29,TD19,2026-08-01,WSC,145.0
GFI,M,2026-06-29,TD3,2026-09-01,WSC,212.0
GFI,M,2026-06-29,TD20,2026-09-01,WSC,150.0
GFI,M,2026-06-29,TD7,2026-09-01,WSC,135.0
GFI,M,2026-06-29,TD8,2026-09-01,WSC,177.0
GFI,M,2026-06-29,TD25,2026-09-01,WSC,187.5
GFI,M,2026-06-29,TD22,2026-09-01,LSM,13.5
GFI,M,2026-06-29,TD19,2026-09-01,WSC,135.0
GFI,M,2026-06-29,TD3,2026-10-01,WSC,202.5
GFI,M,2026-06-29,TD20,2026-10-01,WSC,150.0
GFI,M,2026-06-29,TD7,2026-10-01,WSC,145.0
GFI,M,2026-06-29,TD8,2026-10-01,WSC,190.0
GFI,M,2026-06-29,TD25,2026-10-01,WSC,188.0
GFI,M,2026-06-29,TD22,2026-10-01,LSM,13.3
GFI,M,2026-06-29,TD19,2026-10-01,WSC,135.0
GFI,M,2026-06-29,TD3,2026-11-01,WSC,202.5
GFI,M,2026-06-29,TD20,2026-11-01,WSC,160.0
GFI,M,2026-06-29,TD7,2026-11-01,WSC,155.0
GFI,M,2026-06-29,TD8,2026-11-01,WSC,200.0
GFI,M,2026-06-29,TD25,2026-11-01,WSC,196.0
GFI,M,2026-06-29,TD22,2026-11-01,LSM,14.1
GFI,M,2026-06-29,TD19,2026-11-01,WSC,145.0
GFI,M,2026-06-29,TD3,2026-12-01,WSC,202.5
GFI,M,2026-06-29,TD20,2026-12-01,WSC,170.0
GFI,M,2026-06-29,TD7,2026-12-01,WSC,165.0
GFI,M,2026-06-29,TD8,2026-12-01,WSC,205.0
GFI,M,2026-06-29,TD25,2026-12-01,WSC,204.0
GFI,M,2026-06-29,TD22,2026-12-01,LSM,14.6
GFI,M,2026-06-29,TD19,2026-12-01,WSC,150.0
GFI,M,2026-06-29,TD3,2027-01-01,WSC,145.472538
GFI,M,2026-06-29,TD20,2027-01-01,WSC,128.668172
GFI,M,2026-06-29,TD7,2027-01-01,WSC,138.203356
GFI,M,2026-06-29,TD8,2027-01-01,WSC,160.829164
GFI,M,2026-06-29,TD25,2027-01-01,WSC,181.648812
GFI,M,2026-06-29,TD22,2027-01-01,LSM,12.0
GFI,M,2026-06-29,TD19,2027-01-01,WSC,122.508306
GFI,Q,2026-06-29,TD3,2026-07-01,WSC,241.333333
GFI,Q,2026-06-29,TD20,2026-07-01,WSC,171.666667
GFI,Q,2026-06-29,TD7,2026-07-01,WSC,140.0
GFI,Q,2026-06-29,TD8,2026-07-01,WSC,185.333333
GFI,Q,2026-06-29,TD25,2026-07-01,WSC,188.0
GFI,Q,2026-06-29,TD22,2026-07-01,LSM,14.416667
GFI,Q,2026-06-29,TD19,2026-07-01,WSC,146.666667
GFI,Q,2026-06-29,TD3,2026-10-01,WSC,202.5
GFI,Q,2026-06-29,TD20,2026-10-01,WSC,160.0
GFI,Q,2026-06-29,TD7,2026-10-01,WSC,155.0
GFI,Q,2026-06-29,TD8,2026-10-01,WSC,198.333333
GFI,Q,2026-06-29,TD25,2026-10-01,WSC,196.0
GFI,Q,2026-06-29,TD22,2026-10-01,LSM,14.0
GFI,Q,2026-06-29,TD19,2026-10-01,WSC,143.333333
GFI,Q,2026-06-29,TD3,2027-01-01,PMT,29.4
GFI,Q,2026-06-29,TD20,2027-01-01,PMT,22.8
GFI,Q,2026-06-29,TD7,2027-01-01,PMT,14.0
GFI,Q,2026-06-29,TD8,2027-01-01,PMT,22.5
GFI,Q,2026-06-29,TD25,2027-01-01,PMT,39.0
GFI,Q,2026-06-29,TD22,2027-01-01,LSM,12.0
GFI,Q,2026-06-29,TD19,2027-01-01,PMT,14.75
GFI,Q,2026-06-29,TD3,2027-04-01,PMT,20.65
GFI,Q,2026-06-29,TD20,2027-04-01,PMT,17.4
GFI,Q,2026-06-29,TD7,2027-04-01,PMT,13.0
GFI,Q,2026-06-29,TD8,2027-04-01,PMT,20.5
GFI,Q,2026-06-29,TD25,2027-04-01,PMT,34.25
GFI,Q,2026-06-29,TD22,2027-04-01,LSM,10.0
GFI,Q,2026-06-29,TD19,2027-04-01,PMT,13.25
GFI,Q,2026-06-29,TD3,2027-07-01,PMT,15.15
GFI,Q,2026-06-29,TD20,2027-07-01,PMT,15.1
GFI,Q,2026-06-29,TD7,2027-07-01,PMT,12.3
GFI,Q,2026-06-29,TD8,2027-07-01,PMT,19.1
GFI,Q,2026-06-29,TD25,2027-07-01,PMT,29.25
GFI,Q,2026-06-29,TD22,2027-07-01,LSM,9.0
GFI,Q,2026-06-29,TD19,2027-07-01,PMT,13.0
GFI,Q,2026-06-29,TD3,2027-10-01,PMT,17.2
GFI,Q,2026-06-29,TD20,2027-10-01,PMT,17.1
GFI,Q,2026-06-29,TD7,2027-10-01,PMT,13.0
GFI,Q,2026-06-29,TD8,2027-10-01,PMT,21.2
GFI,Q,2026-06-29,TD25,2027-10-01,PMT,34.0
GFI,Q,2026-06-29,TD22,2027-10-01,LSM,10.0
GFI,Q,2026-06-29,TD19,2027-10-01,PMT,15.0
GFI,Q,2026-06-29,TD3,2028-01-01,PMT,17.0
GFI,Q,2026-06-29,TD20,2028-01-01,PMT,17.2
GFI,Q,2026-06-29,TD7,2028-01-01,PMT,14.7
GFI,Q,2026-06-29,TD8,2028-01-01,PMT,22.25
GFI,Q,2026-06-29,TD25,2028-01-01,PMT,32.75
GFI,Q,2026-06-29,TD22,2028-01-01,LSM,9.35
GFI,Q,2026-06-29,TD19,2028-01-01,PMT,15.55
GFI,A,2026-06-29,TD3,2027-01-01,PMT,20.6
GFI,A,2026-06-29,TD20,2027-01-01,PMT,18.1
GFI,A,2026-06-29,TD7,2027-01-01,PMT,13.075
GFI,A,2026-06-29,TD8,2027-01-01,PMT,20.825
GFI,A,2026-06-29,TD25,2027-01-01,PMT,34.125
GFI,A,2026-06-29,TD22,2027-01-01,LSM,10.25
GFI,A,2026-06-29,TD19,2027-01-01,PMT,14.0
GFI,A,2026-06-29,TD3,2028-01-01,PMT,15.0
GFI,A,2026-06-29,TD20,2028-01-01,PMT,15.2
GFI,A,2026-06-29,TD7,2028-01-01,PMT,12.7
GFI,A,2026-06-29,TD8,2028-01-01,PMT,20.25
GFI,A,2026-06-29,TD25,2028-01-01,PMT,30.75
GFI,A,2026-06-29,TD22,2028-01-01,LSM,7.35
GFI,A,2026-06-29,TD19,2028-01-01,PMT,13.55
GFI,A,2026-06-29,TD3,2029-01-01,PMT,13.8
GFI,A,2026-06-29,TD20,2029-01-01,PMT,14.2
GFI,A,2026-06-29,TD7,2029-01-01,PMT,12.6
GFI,A,2026-06-29,TD8,2029-01-01,PMT,19.7
GFI,A,2026-06-29,TD25,2029-01-01,PMT,29.25
GFI,A,2026-06-29,TD22,2029-01-01,LSM,7.15
GFI,A,2026-06-29,TD19,2029-01-01,PMT,13.25
GFI,BITR,2026-06-30,TD3,2026-06-01,WSC,298.89
GFI,BITR,2026-06-30,TD20,2026-06-01,WSC,236.94
GFI,BITR,2026-06-30,TD7,2026-06-01,WSC,141.67
GFI,BITR,2026-06-30,TD8,2026-06-01,WSC,307.86
GFI,BITR,2026-06-30,TD25,2026-06-01,WSC,191.67
GFI,BITR,2026-06-30,TD22,2026-06-01,LSM,18.522222
GFI,BITR,2026-06-30,TD19,2026-06-01,WSC,152.72
GFI,M,2026-06-30,TD3,2026-06-01,WSC,402.85
GFI,M,2026-06-30,TD20,2026-06-01,WSC,181.0
GFI,M,2026-06-30,TD7,2026-06-01,WSC,146.75
GFI,M,2026-06-30,TD8,2026-06-01,WSC,311.0
GFI,M,2026-06-30,TD25,2026-06-01,WSC,202.0
GFI,M,2026-06-30,TD22,2026-06-01,LSM,18.2
GFI,M,2026-06-30,TD19,2026-06-01,WSC,191.25
GFI,M,2026-06-30,TD3,2026-07-01,WSC,260.0
GFI,M,2026-06-30,TD20,2026-07-01,WSC,207.5
GFI,M,2026-06-30,TD7,2026-07-01,WSC,145.0
GFI,M,2026-06-30,TD8,2026-07-01,WSC,230.0
GFI,M,2026-06-30,TD25,2026-07-01,WSC,187.5
GFI,M,2026-06-30,TD22,2026-07-01,LSM,16.5
GFI,M,2026-06-30,TD19,2026-07-01,WSC,160.0
GFI,M,2026-06-30,TD3,2026-08-01,WSC,212.5
GFI,M,2026-06-30,TD20,2026-08-01,WSC,166.0
GFI,M,2026-06-30,TD7,2026-08-01,WSC,140.0
GFI,M,2026-06-30,TD8,2026-08-01,WSC,196.0
GFI,M,2026-06-30,TD25,2026-08-01,WSC,200.0
GFI,M,2026-06-30,TD22,2026-08-01,LSM,15.0
GFI,M,2026-06-30,TD19,2026-08-01,WSC,145.0
GFI,M,2026-06-30,TD3,2026-09-01,WSC,200.0
GFI,M,2026-06-30,TD20,2026-09-01,WSC,150.0
GFI,M,2026-06-30,TD7,2026-09-01,WSC,135.0
GFI,M,2026-06-30,TD8,2026-09-01,WSC,177.0
GFI,M,2026-06-30,TD25,2026-09-01,WSC,192.25
GFI,M,2026-06-30,TD22,2026-09-01,LSM,13.5
GFI,M,2026-06-30,TD19,2026-09-01,WSC,135.0
GFI,M,2026-06-30,TD3,2026-10-01,WSC,197.5
GFI,M,2026-06-30,TD20,2026-10-01,WSC,150.0
GFI,M,2026-06-30,TD7,2026-10-01,WSC,145.0
GFI,M,2026-06-30,TD8,2026-10-01,WSC,190.0
GFI,M,2026-06-30,TD25,2026-10-01,WSC,188.0
GFI,M,2026-06-30,TD22,2026-10-01,LSM,13.3
GFI,M,2026-06-30,TD19,2026-10-01,WSC,135.0
GFI,M,2026-06-30,TD3,2026-11-01,WSC,198.5
GFI,M,2026-06-30,TD20,2026-11-01,WSC,160.0
GFI,M,2026-06-30,TD7,2026-11-01,WSC,155.0
GFI,M,2026-06-30,TD8,2026-11-01,WSC,200.0
GFI,M,2026-06-30,TD25,2026-11-01,WSC,196.0
GFI,M,2026-06-30,TD22,2026-11-01,LSM,14.1
GFI,M,2026-06-30,TD19,2026-11-01,WSC,145.0
GFI,M,2026-06-30,TD3,2026-12-01,WSC,199.5
GFI,M,2026-06-30,TD20,2026-12-01,WSC,170.0
GFI,M,2026-06-30,TD7,2026-12-01,WSC,165.0
GFI,M,2026-06-30,TD8,2026-12-01,WSC,205.0
GFI,M,2026-06-30,TD25,2026-12-01,WSC,204.0
GFI,M,2026-06-30,TD22,2026-12-01,LSM,14.6
GFI,M,2026-06-30,TD19,2026-12-01,WSC,150.0
GFI,M,2026-06-30,TD3,2027-01-01,WSC,143.49332
GFI,M,2026-06-30,TD20,2027-01-01,WSC,130.925508
GFI,M,2026-06-30,TD7,2027-01-01,WSC,138.203356
GFI,M,2026-06-30,TD8,2027-01-01,WSC,160.829164
GFI,M,2026-06-30,TD25,2027-01-01,WSC,181.648812
GFI,M,2026-06-30,TD22,2027-01-01,LSM,12.0
GFI,M,2026-06-30,TD19,2027-01-01,WSC,122.508306
GFI,Q,2026-06-30,TD3,2026-07-01,WSC,224.166667
GFI,Q,2026-06-30,TD20,2026-07-01,WSC,174.5
GFI,Q,2026-06-30,TD7,2026-07-01,WSC,140.0
GFI,Q,2026-06-30,TD8,2026-07-01,WSC,201.0
GFI,Q,2026-06-30,TD25,2026-07-01,WSC,193.25
GFI,Q,2026-06-30,TD22,2026-07-01,LSM,15.0
GFI,Q,2026-06-30,TD19,2026-07-01,WSC,146.666667
GFI,Q,2026-06-30,TD3,2026-10-01,WSC,198.5
GFI,Q,2026-06-30,TD20,2026-10-01,WSC,160.0
GFI,Q,2026-06-30,TD7,2026-10-01,WSC,155.0
GFI,Q,2026-06-30,TD8,2026-10-01,WSC,198.333333
GFI,Q,2026-06-30,TD25,2026-10-01,WSC,196.0
GFI,Q,2026-06-30,TD22,2026-10-01,LSM,14.0
GFI,Q,2026-06-30,TD19,2026-10-01,WSC,143.333333
GFI,Q,2026-06-30,TD3,2027-01-01,PMT,29.0
GFI,Q,2026-06-30,TD20,2027-01-01,PMT,23.2
GFI,Q,2026-06-30,TD7,2027-01-01,PMT,14.0
GFI,Q,2026-06-30,TD8,2027-01-01,PMT,22.5
GFI,Q,2026-06-30,TD25,2027-01-01,PMT,39.0
GFI,Q,2026-06-30,TD22,2027-01-01,LSM,12.0
GFI,Q,2026-06-30,TD19,2027-01-01,PMT,14.75
GFI,Q,2026-06-30,TD3,2027-04-01,PMT,21.1
GFI,Q,2026-06-30,TD20,2027-04-01,PMT,17.4
GFI,Q,2026-06-30,TD7,2027-04-01,PMT,13.0
GFI,Q,2026-06-30,TD8,2027-04-01,PMT,20.5
GFI,Q,2026-06-30,TD25,2027-04-01,PMT,33.75
GFI,Q,2026-06-30,TD22,2027-04-01,LSM,10.0
GFI,Q,2026-06-30,TD19,2027-04-01,PMT,13.25
GFI,Q,2026-06-30,TD3,2027-07-01,PMT,15.55
GFI,Q,2026-06-30,TD20,2027-07-01,PMT,15.1
GFI,Q,2026-06-30,TD7,2027-07-01,PMT,12.3
GFI,Q,2026-06-30,TD8,2027-07-01,PMT,19.1
GFI,Q,2026-06-30,TD25,2027-07-01,PMT,28.75
GFI,Q,2026-06-30,TD22,2027-07-01,LSM,9.0
GFI,Q,2026-06-30,TD19,2027-07-01,PMT,13.0
GFI,Q,2026-06-30,TD3,2027-10-01,PMT,17.55
GFI,Q,2026-06-30,TD20,2027-10-01,PMT,17.1
GFI,Q,2026-06-30,TD7,2027-10-01,PMT,13.0
GFI,Q,2026-06-30,TD8,2027-10-01,PMT,21.2
GFI,Q,2026-06-30,TD25,2027-10-01,PMT,33.75
GFI,Q,2026-06-30,TD22,2027-10-01,LSM,10.0
GFI,Q,2026-06-30,TD19,2027-10-01,PMT,15.0
GFI,Q,2026-06-30,TD3,2028-01-01,PMT,17.0
GFI,Q,2026-06-30,TD20,2028-01-01,PMT,17.2
GFI,Q,2026-06-30,TD7,2028-01-01,PMT,14.7
GFI,Q,2026-06-30,TD8,2028-01-01,PMT,22.25
GFI,Q,2026-06-30,TD25,2028-01-01,PMT,32.75
GFI,Q,2026-06-30,TD22,2028-01-01,LSM,9.35
GFI,Q,2026-06-30,TD19,2028-01-01,PMT,15.55
GFI,A,2026-06-30,TD3,2027-01-01,PMT,20.8
GFI,A,2026-06-30,TD20,2027-01-01,PMT,18.2
GFI,A,2026-06-30,TD7,2027-01-01,PMT,13.075
GFI,A,2026-06-30,TD8,2027-01-01,PMT,20.825
GFI,A,2026-06-30,TD25,2027-01-01,PMT,33.8125
GFI,A,2026-06-30,TD22,2027-01-01,LSM,10.25
GFI,A,2026-06-30,TD19,2027-01-01,PMT,14.0
GFI,A,2026-06-30,TD3,2028-01-01,PMT,15.0
GFI,A,2026-06-30,TD20,2028-01-01,PMT,15.2
GFI,A,2026-06-30,TD7,2028-01-01,PMT,12.7
GFI,A,2026-06-30,TD8,2028-01-01,PMT,20.25
GFI,A,2026-06-30,TD25,2028-01-01,PMT,30.75
GFI,A,2026-06-30,TD22,2028-01-01,LSM,7.35
GFI,A,2026-06-30,TD19,2028-01-01,PMT,13.55
GFI,A,2026-06-30,TD3,2029-01-01,PMT,13.8
GFI,A,2026-06-30,TD20,2029-01-01,PMT,14.2
GFI,A,2026-06-30,TD7,2029-01-01,PMT,12.6
GFI,A,2026-06-30,TD8,2029-01-01,PMT,19.7
GFI,A,2026-06-30,TD25,2029-01-01,PMT,29.25
GFI,A,2026-06-30,TD22,2029-01-01,LSM,7.15
GFI,A,2026-06-30,TD19,2029-01-01,PMT,13.25
GFI,BITR,2026-07-01,TD3,2026-07-01,WSC,293.89
GFI,BITR,2026-07-01,TD20,2026-07-01,WSC,243.33
GFI,BITR,2026-07-01,TD7,2026-07-01,WSC,136.67
GFI,BITR,2026-07-01,TD8,2026-07-01,WSC,302.86
GFI,BITR,2026-07-01,TD25,2026-07-01,WSC,168.06
GFI,BITR,2026-07-01,TD22,2026-07-01,LSM,18.027778
GFI,BITR,2026-07-01,TD19,2026-07-01,WSC,150.11
GFI,M,2026-07-01,TD3,2026-07-01,WSC,263.0
GFI,M,2026-07-01,TD20,2026-07-01,WSC,201.0
GFI,M,2026-07-01,TD7,2026-07-01,WSC,145.0
GFI,M,2026-07-01,TD8,2026-07-01,WSC,230.0
GFI,M,2026-07-01,TD25,2026-07-01,WSC,175.0
GFI,M,2026-07-01,TD22,2026-07-01,LSM,16.5
GFI,M,2026-07-01,TD19,2026-07-01,WSC,160.0
GFI,M,2026-07-01,TD3,2026-08-01,WSC,216.0
GFI,M,2026-07-01,TD20,2026-08-01,WSC,168.0
GFI,M,2026-07-01,TD7,2026-08-01,WSC,140.0
GFI,M,2026-07-01,TD8,2026-08-01,WSC,196.0
GFI,M,2026-07-01,TD25,2026-08-01,WSC,190.0
GFI,M,2026-07-01,TD22,2026-08-01,LSM,15.0
GFI,M,2026-07-01,TD19,2026-08-01,WSC,145.0
GFI,M,2026-07-01,TD3,2026-09-01,WSC,205.0
GFI,M,2026-07-01,TD20,2026-09-01,WSC,153.0
GFI,M,2026-07-01,TD7,2026-09-01,WSC,135.0
GFI,M,2026-07-01,TD8,2026-09-01,WSC,177.0
GFI,M,2026-07-01,TD25,2026-09-01,WSC,191.0
GFI,M,2026-07-01,TD22,2026-09-01,LSM,13.5
GFI,M,2026-07-01,TD19,2026-09-01,WSC,135.0
GFI,M,2026-07-01,TD3,2026-10-01,WSC,196.0
GFI,M,2026-07-01,TD20,2026-10-01,WSC,145.0
GFI,M,2026-07-01,TD7,2026-10-01,WSC,145.0
GFI,M,2026-07-01,TD8,2026-10-01,WSC,190.0
GFI,M,2026-07-01,TD25,2026-10-01,WSC,190.0
GFI,M,2026-07-01,TD22,2026-10-01,LSM,13.3
GFI,M,2026-07-01,TD19,2026-10-01,WSC,135.0
GFI,M,2026-07-01,TD3,2026-11-01,WSC,197.0
GFI,M,2026-07-01,TD20,2026-11-01,WSC,155.0
GFI,M,2026-07-01,TD7,2026-11-01,WSC,155.0
GFI,M,2026-07-01,TD8,2026-11-01,WSC,200.0
GFI,M,2026-07-01,TD25,2026-11-01,WSC,195.0
GFI,M,2026-07-01,TD22,2026-11-01,LSM,14.1
GFI,M,2026-07-01,TD19,2026-11-01,WSC,145.0
GFI,M,2026-07-01,TD3,2026-12-01,WSC,198.0
GFI,M,2026-07-01,TD20,2026-12-01,WSC,165.0
GFI,M,2026-07-01,TD7,2026-12-01,WSC,165.0
GFI,M,2026-07-01,TD8,2026-12-01,WSC,205.0
GFI,M,2026-07-01,TD25,2026-12-01,WSC,200.0
GFI,M,2026-07-01,TD22,2026-12-01,LSM,14.6
GFI,M,2026-07-01,TD19,2026-12-01,WSC,150.0
GFI,M,2026-07-01,TD3,2027-01-01,PMT,29.25
GFI,M,2026-07-01,TD20,2027-01-01,PMT,23.5
GFI,M,2026-07-01,TD7,2027-01-01,PMT,14.0
GFI,M,2026-07-01,TD8,2027-01-01,PMT,22.5
GFI,M,2026-07-01,TD25,2027-01-01,PMT,38.8
GFI,M,2026-07-01,TD22,2027-01-01,LSM,12.0
GFI,M,2026-07-01,TD19,2027-01-01,PMT,14.75
GFI,M,2026-07-01,TD3,2027-02-01,PMT,29.25
GFI,M,2026-07-01,TD20,2027-02-01,PMT,23.5
GFI,M,2026-07-01,TD7,2027-02-01,PMT,14.0
GFI,M,2026-07-01,TD8,2027-02-01,PMT,22.5
GFI,M,2026-07-01,TD25,2027-02-01,PMT,38.8
GFI,M,2026-07-01,TD22,2027-02-01,LSM,12.0
GFI,M,2026-07-01,TD19,2027-02-01,PMT,14.75
GFI,Q,2026-07-01,TD3,2026-07-01,WSC,228.0
GFI,Q,2026-07-01,TD20,2026-07-01,WSC,174.0
GFI,Q,2026-07-01,TD7,2026-07-01,WSC,140.0
GFI,Q,2026-07-01,TD8,2026-07-01,WSC,201.0
GFI,Q,2026-07-01,TD25,2026-07-01,WSC,185.333333
GFI,Q,2026-07-01,TD22,2026-07-01,LSM,15.0
GFI,Q,2026-07-01,TD19,2026-07-01,WSC,146.666667
GFI,Q,2026-07-01,TD3,2026-10-01,WSC,197.0
GFI,Q,2026-07-01,TD20,2026-10-01,WSC,155.0
GFI,Q,2026-07-01,TD7,2026-10-01,WSC,155.0
GFI,Q,2026-07-01,TD8,2026-10-01,WSC,198.333333
GFI,Q,2026-07-01,TD25,2026-10-01,WSC,195.0
GFI,Q,2026-07-01,TD22,2026-10-01,LSM,14.0
GFI,Q,2026-07-01,TD19,2026-10-01,WSC,143.333333
GFI,Q,2026-07-01,TD3,2027-01-01,PMT,29.25
GFI,Q,2026-07-01,TD20,2027-01-01,PMT,23.5
GFI,Q,2026-07-01,TD7,2027-01-01,PMT,14.0
GFI,Q,2026-07-01,TD8,2027-01-01,PMT,22.5
GFI,Q,2026-07-01,TD25,2027-01-01,PMT,38.8
GFI,Q,2026-07-01,TD22,2027-01-01,LSM,12.0
GFI,Q,2026-07-01,TD19,2027-01-01,PMT,14.75
GFI,Q,2026-07-01,TD3,2027-04-01,PMT,20.95
GFI,Q,2026-07-01,TD20,2027-04-01,PMT,19.0
GFI,Q,2026-07-01,TD7,2027-04-01,PMT,13.0
GFI,Q,2026-07-01,TD8,2027-04-01,PMT,20.5
GFI,Q,2026-07-01,TD25,2027-04-01,PMT,33.7
GFI,Q,2026-07-01,TD22,2027-04-01,LSM,10.0
GFI,Q,2026-07-01,TD19,2027-04-01,PMT,13.25
GFI,Q,2026-07-01,TD3,2027-07-01,PMT,15.65
GFI,Q,2026-07-01,TD20,2027-07-01,PMT,16.0
GFI,Q,2026-07-01,TD7,2027-07-01,PMT,12.3
GFI,Q,2026-07-01,TD8,2027-07-01,PMT,19.1
GFI,Q,2026-07-01,TD25,2027-07-01,PMT,28.55
GFI,Q,2026-07-01,TD22,2027-07-01,LSM,9.0
GFI,Q,2026-07-01,TD19,2027-07-01,PMT,13.0
GFI,Q,2026-07-01,TD3,2027-10-01,PMT,17.65
GFI,Q,2026-07-01,TD20,2027-10-01,PMT,19.5
GFI,Q,2026-07-01,TD7,2027-10-01,PMT,13.0
GFI,Q,2026-07-01,TD8,2027-10-01,PMT,21.2
GFI,Q,2026-07-01,TD25,2027-10-01,PMT,33.55
GFI,Q,2026-07-01,TD22,2027-10-01,LSM,10.0
GFI,Q,2026-07-01,TD19,2027-10-01,PMT,15.0
GFI,Q,2026-07-01,TD3,2028-01-01,PMT,17.0
GFI,Q,2026-07-01,TD20,2028-01-01,PMT,17.2
GFI,Q,2026-07-01,TD7,2028-01-01,PMT,14.7
GFI,Q,2026-07-01,TD8,2028-01-01,PMT,22.25
GFI,Q,2026-07-01,TD25,2028-01-01,PMT,32.25
GFI,Q,2026-07-01,TD22,2028-01-01,LSM,9.35
GFI,Q,2026-07-01,TD19,2028-01-01,PMT,15.55
GFI,A,2026-07-01,TD3,2027-01-01,PMT,20.875
GFI,A,2026-07-01,TD20,2027-01-01,PMT,19.5
GFI,A,2026-07-01,TD7,2027-01-01,PMT,13.075
GFI,A,2026-07-01,TD8,2027-01-01,PMT,20.825
GFI,A,2026-07-01,TD25,2027-01-01,PMT,33.65
GFI,A,2026-07-01,TD22,2027-01-01,LSM,10.25
GFI,A,2026-07-01,TD19,2027-01-01,PMT,14.0
GFI,A,2026-07-01,TD3,2028-01-01,PMT,15.0
GFI,A,2026-07-01,TD20,2028-01-01,PMT,15.2
GFI,A,2026-07-01,TD7,2028-01-01,PMT,12.7
GFI,A,2026-07-01,TD8,2028-01-01,PMT,20.25
GFI,A,2026-07-01,TD25,2028-01-01,PMT,30.25
GFI,A,2026-07-01,TD22,2028-01-01,LSM,7.35
GFI,A,2026-07-01,TD19,2028-01-01,PMT,13.55
GFI,A,2026-07-01,TD3,2029-01-01,PMT,13.8
GFI,A,2026-07-01,TD20,2029-01-01,PMT,14.2
GFI,A,2026-07-01,TD7,2029-01-01,PMT,12.6
GFI,A,2026-07-01,TD8,2029-01-01,PMT,19.7
GFI,A,2026-07-01,TD25,2029-01-01,PMT,28.75
GFI,A,2026-07-01,TD22,2029-01-01,LSM,7.15
GFI,A,2026-07-01,TD19,2029-01-01,PMT,13.25
GFI,BITR,2026-07-02,TD3,2026-07-01,WSC,293.89
GFI,BITR,2026-07-02,TD20,2026-07-01,WSC,243.06
GFI,BITR,2026-07-02,TD7,2026-07-01,WSC,135.0
GFI,BITR,2026-07-02,TD8,2026-07-01,WSC,297.86
GFI,BITR,2026-07-02,TD25,2026-07-01,WSC,170.56
GFI,BITR,2026-07-02,TD22,2026-07-01,LSM,17.680556
GFI,BITR,2026-07-02,TD19,2026-07-01,WSC,150.72
GFI,M,2026-07-02,TD3,2026-07-01,WSC,300.0
GFI,M,2026-07-02,TD20,2026-07-01,WSC,210.0
GFI,M,2026-07-02,TD7,2026-07-01,WSC,140.0
GFI,M,2026-07-02,TD8,2026-07-01,WSC,230.0
GFI,M,2026-07-02,TD25,2026-07-01,WSC,173.0
GFI,M,2026-07-02,TD22,2026-07-01,LSM,16.5
GFI,M,2026-07-02,TD19,2026-07-01,WSC,160.0
GFI,M,2026-07-02,TD3,2026-08-01,WSC,250.0
GFI,M,2026-07-02,TD20,2026-08-01,WSC,170.0
GFI,M,2026-07-02,TD7,2026-08-01,WSC,137.5
GFI,M,2026-07-02,TD8,2026-08-01,WSC,196.0
GFI,M,2026-07-02,TD25,2026-08-01,WSC,192.0
GFI,M,2026-07-02,TD22,2026-08-01,LSM,15.0
GFI,M,2026-07-02,TD19,2026-08-01,WSC,145.0
GFI,M,2026-07-02,TD3,2026-09-01,WSC,235.0
GFI,M,2026-07-02,TD20,2026-09-01,WSC,154.0
GFI,M,2026-07-02,TD7,2026-09-01,WSC,135.0
GFI,M,2026-07-02,TD8,2026-09-01,WSC,177.0
GFI,M,2026-07-02,TD25,2026-09-01,WSC,190.0
GFI,M,2026-07-02,TD22,2026-09-01,LSM,13.5
GFI,M,2026-07-02,TD19,2026-09-01,WSC,135.0
GFI,M,2026-07-02,TD3,2026-10-01,WSC,230.0
GFI,M,2026-07-02,TD20,2026-10-01,WSC,157.0
GFI,M,2026-07-02,TD7,2026-10-01,WSC,150.0
GFI,M,2026-07-02,TD8,2026-10-01,WSC,190.0
GFI,M,2026-07-02,TD25,2026-10-01,WSC,200.0
GFI,M,2026-07-02,TD22,2026-10-01,LSM,13.3
GFI,M,2026-07-02,TD19,2026-10-01,WSC,135.0
GFI,M,2026-07-02,TD3,2026-11-01,WSC,232.0
GFI,M,2026-07-02,TD20,2026-11-01,WSC,162.0
GFI,M,2026-07-02,TD7,2026-11-01,WSC,165.0
GFI,M,2026-07-02,TD8,2026-11-01,WSC,200.0
GFI,M,2026-07-02,TD25,2026-11-01,WSC,205.0
GFI,M,2026-07-02,TD22,2026-11-01,LSM,14.1
GFI,M,2026-07-02,TD19,2026-11-01,WSC,145.0
GFI,M,2026-07-02,TD3,2026-12-01,WSC,239.0
GFI,M,2026-07-02,TD20,2026-12-01,WSC,167.0
GFI,M,2026-07-02,TD7,2026-12-01,WSC,180.0
GFI,M,2026-07-02,TD8,2026-12-01,WSC,205.0
GFI,M,2026-07-02,TD25,2026-12-01,WSC,210.0
GFI,M,2026-07-02,TD22,2026-12-01,LSM,14.6
GFI,M,2026-07-02,TD19,2026-12-01,WSC,150.0
GFI,M,2026-07-02,TD3,2027-01-01,PMT,30.0
GFI,M,2026-07-02,TD20,2027-01-01,PMT,24.0
GFI,M,2026-07-02,TD7,2027-01-01,PMT,14.0
GFI,M,2026-07-02,TD8,2027-01-01,PMT,22.5
GFI,M,2026-07-02,TD25,2027-01-01,PMT,38.5
GFI,M,2026-07-02,TD22,2027-01-01,LSM,12.0
GFI,M,2026-07-02,TD19,2027-01-01,PMT,14.75
GFI,M,2026-07-02,TD3,2027-02-01,PMT,30.0
GFI,M,2026-07-02,TD20,2027-02-01,PMT,24.0
GFI,M,2026-07-02,TD7,2027-02-01,PMT,14.0
GFI,M,2026-07-02,TD8,2027-02-01,PMT,22.5
GFI,M,2026-07-02,TD25,2027-02-01,PMT,38.5
GFI,M,2026-07-02,TD22,2027-02-01,LSM,12.0
GFI,M,2026-07-02,TD19,2027-02-01,PMT,14.75
GFI,Q,2026-07-02,TD3,2026-07-01,WSC,261.666667
GFI,Q,2026-07-02,TD20,2026-07-01,WSC,178.0
GFI,Q,2026-07-02,TD7,2026-07-01,WSC,137.5
GFI,Q,2026-07-02,TD8,2026-07-01,WSC,201.0
GFI,Q,2026-07-02,TD25,2026-07-01,WSC,185.0
GFI,Q,2026-07-02,TD22,2026-07-01,LSM,15.0
GFI,Q,2026-07-02,TD19,2026-07-01,WSC,146.666667
GFI,Q,2026-07-02,TD3,2026-10-01,WSC,233.666667
GFI,Q,2026-07-02,TD20,2026-10-01,WSC,162.0
GFI,Q,2026-07-02,TD7,2026-10-01,WSC,165.0
GFI,Q,2026-07-02,TD8,2026-10-01,WSC,198.333333
GFI,Q,2026-07-02,TD25,2026-10-01,WSC,205.0
GFI,Q,2026-07-02,TD22,2026-10-01,LSM,14.0
GFI,Q,2026-07-02,TD19,2026-10-01,WSC,143.333333
GFI,Q,2026-07-02,TD3,2027-01-01,PMT,30.0
GFI,Q,2026-07-02,TD20,2027-01-01,PMT,24.0
GFI,Q,2026-07-02,TD7,2027-01-01,PMT,14.0
GFI,Q,2026-07-02,TD8,2027-01-01,PMT,22.5
GFI,Q,2026-07-02,TD25,2027-01-01,PMT,38.5
GFI,Q,2026-07-02,TD22,2027-01-01,LSM,12.0
GFI,Q,2026-07-02,TD19,2027-01-01,PMT,14.75
GFI,Q,2026-07-02,TD3,2027-04-01,PMT,21.3
GFI,Q,2026-07-02,TD20,2027-04-01,PMT,18.75
GFI,Q,2026-07-02,TD7,2027-04-01,PMT,13.0
GFI,Q,2026-07-02,TD8,2027-04-01,PMT,20.5
GFI,Q,2026-07-02,TD25,2027-04-01,PMT,34.0
GFI,Q,2026-07-02,TD22,2027-04-01,LSM,10.0
GFI,Q,2026-07-02,TD19,2027-04-01,PMT,13.25
GFI,Q,2026-07-02,TD3,2027-07-01,PMT,15.75
GFI,Q,2026-07-02,TD20,2027-07-01,PMT,15.75
GFI,Q,2026-07-02,TD7,2027-07-01,PMT,12.3
GFI,Q,2026-07-02,TD8,2027-07-01,PMT,19.1
GFI,Q,2026-07-02,TD25,2027-07-01,PMT,29.5
GFI,Q,2026-07-02,TD22,2027-07-01,LSM,9.0
GFI,Q,2026-07-02,TD19,2027-07-01,PMT,13.0
GFI,Q,2026-07-02,TD3,2027-10-01,PMT,17.75
GFI,Q,2026-07-02,TD20,2027-10-01,PMT,19.5
GFI,Q,2026-07-02,TD7,2027-10-01,PMT,13.0
GFI,Q,2026-07-02,TD8,2027-10-01,PMT,21.2
GFI,Q,2026-07-02,TD25,2027-10-01,PMT,34.5
GFI,Q,2026-07-02,TD22,2027-10-01,LSM,10.0
GFI,Q,2026-07-02,TD19,2027-10-01,PMT,15.0
GFI,Q,2026-07-02,TD3,2028-01-01,PMT,17.0
GFI,Q,2026-07-02,TD20,2028-01-01,PMT,17.2
GFI,Q,2026-07-02,TD7,2028-01-01,PMT,14.7
GFI,Q,2026-07-02,TD8,2028-01-01,PMT,22.25
GFI,Q,2026-07-02,TD25,2028-01-01,PMT,32.5
GFI,Q,2026-07-02,TD22,2028-01-01,LSM,9.35
GFI,Q,2026-07-02,TD19,2028-01-01,PMT,15.55
GFI,A,2026-07-02,TD3,2027-01-01,PMT,21.2
GFI,A,2026-07-02,TD20,2027-01-01,PMT,19.5
GFI,A,2026-07-02,TD7,2027-01-01,PMT,13.075
GFI,A,2026-07-02,TD8,2027-01-01,PMT,20.825
GFI,A,2026-07-02,TD25,2027-01-01,PMT,34.125
GFI,A,2026-07-02,TD22,2027-01-01,LSM,10.25
GFI,A,2026-07-02,TD19,2027-01-01,PMT,14.0
GFI,A,2026-07-02,TD3,2028-01-01,PMT,15.0
GFI,A,2026-07-02,TD20,2028-01-01,PMT,15.2
GFI,A,2026-07-02,TD7,2028-01-01,PMT,12.7
GFI,A,2026-07-02,TD8,2028-01-01,PMT,20.25
GFI,A,2026-07-02,TD25,2028-01-01,PMT,30.5
GFI,A,2026-07-02,TD22,2028-01-01,LSM,7.35
GFI,A,2026-07-02,TD19,2028-01-01,PMT,13.55
GFI,A,2026-07-02,TD3,2029-01-01,PMT,13.8
GFI,A,2026-07-02,TD20,2029-01-01,PMT,14.2
GFI,A,2026-07-02,TD7,2029-01-01,PMT,12.6
GFI,A,2026-07-02,TD8,2029-01-01,PMT,19.7
GFI,A,2026-07-02,TD25,2029-01-01,PMT,29.5
GFI,A,2026-07-02,TD22,2029-01-01,LSM,7.15
GFI,A,2026-07-02,TD19,2029-01-01,PMT,13.25
GFI,BITR,2026-07-03,TD3,2026-07-01,WSC,297.22
GFI,BITR,2026-07-03,TD20,2026-07-01,WSC,241.39
GFI,BITR,2026-07-03,TD7,2026-07-01,WSC,135.0
GFI,BITR,2026-07-03,TD8,2026-07-01,WSC,297.14
GFI,BITR,2026-07-03,TD25,2026-07-01,WSC,0.0
GFI,BITR,2026-07-03,TD22,2026-07-01,LSM,17.7125
GFI,BITR,2026-07-03,TD19,2026-07-01,WSC,159.33
GFI,M,2026-07-03,TD3,2026-07-01,WSC,300.0
GFI,M,2026-07-03,TD20,2026-07-01,WSC,210.0
GFI,M,2026-07-03,TD7,2026-07-01,WSC,140.0
GFI,M,2026-07-03,TD8,2026-07-01,WSC,230.0
GFI,M,2026-07-03,TD25,2026-07-01,WSC,182.0
GFI,M,2026-07-03,TD22,2026-07-01,LSM,16.5
GFI,M,2026-07-03,TD19,2026-07-01,WSC,160.0
GFI,M,2026-07-03,TD3,2026-08-01,WSC,255.0
GFI,M,2026-07-03,TD20,2026-08-01,WSC,170.0
GFI,M,2026-07-03,TD7,2026-08-01,WSC,137.5
GFI,M,2026-07-03,TD8,2026-08-01,WSC,196.0
GFI,M,2026-07-03,TD25,2026-08-01,WSC,192.0
GFI,M,2026-07-03,TD22,2026-08-01,LSM,15.0
GFI,M,2026-07-03,TD19,2026-08-01,WSC,145.0
GFI,M,2026-07-03,TD3,2026-09-01,WSC,237.0
GFI,M,2026-07-03,TD20,2026-09-01,WSC,154.0
GFI,M,2026-07-03,TD7,2026-09-01,WSC,135.0
GFI,M,2026-07-03,TD8,2026-09-01,WSC,177.0
GFI,M,2026-07-03,TD25,2026-09-01,WSC,190.0
GFI,M,2026-07-03,TD22,2026-09-01,LSM,13.5
GFI,M,2026-07-03,TD19,2026-09-01,WSC,135.0
GFI,M,2026-07-03,TD3,2026-10-01,WSC,232.0
GFI,M,2026-07-03,TD20,2026-10-01,WSC,160.0
GFI,M,2026-07-03,TD7,2026-10-01,WSC,150.0
GFI,M,2026-07-03,TD8,2026-10-01,WSC,190.0
GFI,M,2026-07-03,TD25,2026-10-01,WSC,205.0
GFI,M,2026-07-03,TD22,2026-10-01,LSM,13.3
GFI,M,2026-07-03,TD19,2026-10-01,WSC,135.0
GFI,M,2026-07-03,TD3,2026-11-01,WSC,231.0
GFI,M,2026-07-03,TD20,2026-11-01,WSC,165.0
GFI,M,2026-07-03,TD7,2026-11-01,WSC,165.0
GFI,M,2026-07-03,TD8,2026-11-01,WSC,200.0
GFI,M,2026-07-03,TD25,2026-11-01,WSC,210.0
GFI,M,2026-07-03,TD22,2026-11-01,LSM,14.1
GFI,M,2026-07-03,TD19,2026-11-01,WSC,145.0
GFI,M,2026-07-03,TD3,2026-12-01,WSC,236.0
GFI,M,2026-07-03,TD20,2026-12-01,WSC,170.0
GFI,M,2026-07-03,TD7,2026-12-01,WSC,180.0
GFI,M,2026-07-03,TD8,2026-12-01,WSC,205.0
GFI,M,2026-07-03,TD25,2026-12-01,WSC,215.0
GFI,M,2026-07-03,TD22,2026-12-01,LSM,14.6
GFI,M,2026-07-03,TD19,2026-12-01,WSC,150.0
GFI,M,2026-07-03,TD3,2027-01-01,PMT,30.5
GFI,M,2026-07-03,TD20,2027-01-01,PMT,24.2
GFI,M,2026-07-03,TD7,2027-01-01,PMT,14.0
GFI,M,2026-07-03,TD8,2027-01-01,PMT,22.5
GFI,M,2026-07-03,TD25,2027-01-01,PMT,38.5
GFI,M,2026-07-03,TD22,2027-01-01,LSM,12.0
GFI,M,2026-07-03,TD19,2027-01-01,PMT,14.75
GFI,M,2026-07-03,TD3,2027-02-01,PMT,30.5
GFI,M,2026-07-03,TD20,2027-02-01,PMT,24.2
GFI,M,2026-07-03,TD7,2027-02-01,PMT,14.0
GFI,M,2026-07-03,TD8,2027-02-01,PMT,22.5
GFI,M,2026-07-03,TD25,2027-02-01,PMT,38.5
GFI,M,2026-07-03,TD22,2027-02-01,LSM,12.0
GFI,M,2026-07-03,TD19,2027-02-01,PMT,14.75
GFI,Q,2026-07-03,TD3,2026-07-01,WSC,264.0
GFI,Q,2026-07-03,TD20,2026-07-01,WSC,178.0
GFI,Q,2026-07-03,TD7,2026-07-01,WSC,137.5
GFI,Q,2026-07-03,TD8,2026-07-01,WSC,201.0
GFI,Q,2026-07-03,TD25,2026-07-01,WSC,188.0
GFI,Q,2026-07-03,TD22,2026-07-01,LSM,15.0
GFI,Q,2026-07-03,TD19,2026-07-01,WSC,146.666667
GFI,Q,2026-07-03,TD3,2026-10-01,WSC,233.0
GFI,Q,2026-07-03,TD20,2026-10-01,WSC,165.0
GFI,Q,2026-07-03,TD7,2026-10-01,WSC,165.0
GFI,Q,2026-07-03,TD8,2026-10-01,WSC,198.333333
GFI,Q,2026-07-03,TD25,2026-10-01,WSC,210.0
GFI,Q,2026-07-03,TD22,2026-10-01,LSM,14.0
GFI,Q,2026-07-03,TD19,2026-10-01,WSC,143.333333
GFI,Q,2026-07-03,TD3,2027-01-01,PMT,30.5
GFI,Q,2026-07-03,TD20,2027-01-01,PMT,24.2
GFI,Q,2026-07-03,TD7,2027-01-01,PMT,14.0
GFI,Q,2026-07-03,TD8,2027-01-01,PMT,22.5
GFI,Q,2026-07-03,TD25,2027-01-01,PMT,38.5
GFI,Q,2026-07-03,TD22,2027-01-01,LSM,12.0
GFI,Q,2026-07-03,TD19,2027-01-01,PMT,14.75
GFI,Q,2026-07-03,TD3,2027-04-01,PMT,21.5
GFI,Q,2026-07-03,TD20,2027-04-01,PMT,18.65
GFI,Q,2026-07-03,TD7,2027-04-01,PMT,13.0
GFI,Q,2026-07-03,TD8,2027-04-01,PMT,20.5
GFI,Q,2026-07-03,TD25,2027-04-01,PMT,34.0
GFI,Q,2026-07-03,TD22,2027-04-01,LSM,10.0
GFI,Q,2026-07-03,TD19,2027-04-01,PMT,13.25
GFI,Q,2026-07-03,TD3,2027-07-01,PMT,16.0
GFI,Q,2026-07-03,TD20,2027-07-01,PMT,15.65
GFI,Q,2026-07-03,TD7,2027-07-01,PMT,12.3
GFI,Q,2026-07-03,TD8,2027-07-01,PMT,19.1
GFI,Q,2026-07-03,TD25,2027-07-01,PMT,29.5
GFI,Q,2026-07-03,TD22,2027-07-01,LSM,9.0
GFI,Q,2026-07-03,TD19,2027-07-01,PMT,13.0
GFI,Q,2026-07-03,TD3,2027-10-01,PMT,18.0
GFI,Q,2026-07-03,TD20,2027-10-01,PMT,19.5
GFI,Q,2026-07-03,TD7,2027-10-01,PMT,13.0
GFI,Q,2026-07-03,TD8,2027-10-01,PMT,21.2
GFI,Q,2026-07-03,TD25,2027-10-01,PMT,34.5
GFI,Q,2026-07-03,TD22,2027-10-01,LSM,10.0
GFI,Q,2026-07-03,TD19,2027-10-01,PMT,15.0
GFI,Q,2026-07-03,TD3,2028-01-01,PMT,17.0
GFI,Q,2026-07-03,TD20,2028-01-01,PMT,17.2
GFI,Q,2026-07-03,TD7,2028-01-01,PMT,14.7
GFI,Q,2026-07-03,TD8,2028-01-01,PMT,22.25
GFI,Q,2026-07-03,TD25,2028-01-01,PMT,32.5
GFI,Q,2026-07-03,TD22,2028-01-01,LSM,9.35
GFI,Q,2026-07-03,TD19,2028-01-01,PMT,15.55
GFI,A,2026-07-03,TD3,2027-01-01,PMT,21.5
GFI,A,2026-07-03,TD20,2027-01-01,PMT,19.5
GFI,A,2026-07-03,TD7,2027-01-01,PMT,13.075
GFI,A,2026-07-03,TD8,2027-01-01,PMT,20.825
GFI,A,2026-07-03,TD25,2027-01-01,PMT,34.125
GFI,A,2026-07-03,TD22,2027-01-01,LSM,10.25
GFI,A,2026-07-03,TD19,2027-01-01,PMT,14.0
GFI,A,2026-07-03,TD3,2028-01-01,PMT,15.0
GFI,A,2026-07-03,TD20,2028-01-01,PMT,15.2
GFI,A,2026-07-03,TD7,2028-01-01,PMT,12.7
GFI,A,2026-07-03,TD8,2028-01-01,PMT,20.25
GFI,A,2026-07-03,TD25,2028-01-01,PMT,30.5
GFI,A,2026-07-03,TD22,2028-01-01,LSM,7.35
GFI,A,2026-07-03,TD19,2028-01-01,PMT,13.55
GFI,A,2026-07-03,TD3,2029-01-01,PMT,13.8
GFI,A,2026-07-03,TD20,2029-01-01,PMT,14.2
GFI,A,2026-07-03,TD7,2029-01-01,PMT,12.6
GFI,A,2026-07-03,TD8,2029-01-01,PMT,19.7
GFI,A,2026-07-03,TD25,2029-01-01,PMT,29.5
GFI,A,2026-07-03,TD22,2029-01-01,LSM,7.15
GFI,A,2026-07-03,TD19,2029-01-01,PMT,13.25
GFI,BITR,2026-07-06,TD3,2026-07-01,WSC,301.39
GFI,BITR,2026-07-06,TD20,2026-07-01,WSC,239.72
GFI,BITR,2026-07-06,TD7,2026-07-01,WSC,136.67
GFI,BITR,2026-07-06,TD8,2026-07-01,WSC,297.14
GFI,BITR,2026-07-06,TD25,2026-07-01,WSC,171.67
GFI,BITR,2026-07-06,TD22,2026-07-01,LSM,17.461111
GFI,BITR,2026-07-06,TD19,2026-07-01,WSC,171.39
GFI,M,2026-07-06,TD3,2026-07-01,WSC,285.0
GFI,M,2026-07-06,TD20,2026-07-01,WSC,215.0
GFI,M,2026-07-06,TD7,2026-07-01,WSC,140.0
GFI,M,2026-07-06,TD8,2026-07-01,WSC,230.0
GFI,M,2026-07-06,TD25,2026-07-01,WSC,178.5
GFI,M,2026-07-06,TD22,2026-07-01,LSM,16.5
GFI,M,2026-07-06,TD19,2026-07-01,WSC,160.0
GFI,M,2026-07-06,TD3,2026-08-01,WSC,250.0
GFI,M,2026-07-06,TD20,2026-08-01,WSC,170.0
GFI,M,2026-07-06,TD7,2026-08-01,WSC,137.5
GFI,M,2026-07-06,TD8,2026-08-01,WSC,196.0
GFI,M,2026-07-06,TD25,2026-08-01,WSC,195.0
GFI,M,2026-07-06,TD22,2026-08-01,LSM,15.0
GFI,M,2026-07-06,TD19,2026-08-01,WSC,145.0
GFI,M,2026-07-06,TD3,2026-09-01,WSC,230.0
GFI,M,2026-07-06,TD20,2026-09-01,WSC,154.0
GFI,M,2026-07-06,TD7,2026-09-01,WSC,135.0
GFI,M,2026-07-06,TD8,2026-09-01,WSC,177.0
GFI,M,2026-07-06,TD25,2026-09-01,WSC,195.0
GFI,M,2026-07-06,TD22,2026-09-01,LSM,13.5
GFI,M,2026-07-06,TD19,2026-09-01,WSC,135.0
GFI,M,2026-07-06,TD3,2026-10-01,WSC,224.0
GFI,M,2026-07-06,TD20,2026-10-01,WSC,160.0
GFI,M,2026-07-06,TD7,2026-10-01,WSC,150.0
GFI,M,2026-07-06,TD8,2026-10-01,WSC,190.0
GFI,M,2026-07-06,TD25,2026-10-01,WSC,207.0
GFI,M,2026-07-06,TD22,2026-10-01,LSM,13.3
GFI,M,2026-07-06,TD19,2026-10-01,WSC,135.0
GFI,M,2026-07-06,TD3,2026-11-01,WSC,223.0
GFI,M,2026-07-06,TD20,2026-11-01,WSC,165.0
GFI,M,2026-07-06,TD7,2026-11-01,WSC,165.0
GFI,M,2026-07-06,TD8,2026-11-01,WSC,200.0
GFI,M,2026-07-06,TD25,2026-11-01,WSC,213.5
GFI,M,2026-07-06,TD22,2026-11-01,LSM,14.1
GFI,M,2026-07-06,TD19,2026-11-01,WSC,145.0
GFI,M,2026-07-06,TD3,2026-12-01,WSC,230.0
GFI,M,2026-07-06,TD20,2026-12-01,WSC,170.0
GFI,M,2026-07-06,TD7,2026-12-01,WSC,180.0
GFI,M,2026-07-06,TD8,2026-12-01,WSC,205.0
GFI,M,2026-07-06,TD25,2026-12-01,WSC,220.0
GFI,M,2026-07-06,TD22,2026-12-01,LSM,14.6
GFI,M,2026-07-06,TD19,2026-12-01,WSC,150.0
GFI,M,2026-07-06,TD3,2027-01-01,PMT,29.5
GFI,M,2026-07-06,TD20,2027-01-01,PMT,24.2
GFI,M,2026-07-06,TD7,2027-01-01,PMT,14.0
GFI,M,2026-07-06,TD8,2027-01-01,PMT,22.5
GFI,M,2026-07-06,TD25,2027-01-01,PMT,38.9
GFI,M,2026-07-06,TD22,2027-01-01,LSM,12.0
GFI,M,2026-07-06,TD19,2027-01-01,PMT,14.75
GFI,M,2026-07-06,TD3,2027-02-01,PMT,29.5
GFI,M,2026-07-06,TD20,2027-02-01,PMT,24.2
GFI,M,2026-07-06,TD7,2027-02-01,PMT,14.0
GFI,M,2026-07-06,TD8,2027-02-01,PMT,22.5
GFI,M,2026-07-06,TD25,2027-02-01,PMT,38.9
GFI,M,2026-07-06,TD22,2027-02-01,LSM,12.0
GFI,M,2026-07-06,TD19,2027-02-01,PMT,14.75
GFI,Q,2026-07-06,TD3,2026-07-01,WSC,255.0
GFI,Q,2026-07-06,TD20,2026-07-01,WSC,179.666667
GFI,Q,2026-07-06,TD7,2026-07-01,WSC,137.5
GFI,Q,2026-07-06,TD8,2026-07-01,WSC,201.0
GFI,Q,2026-07-06,TD25,2026-07-01,WSC,189.5
GFI,Q,2026-07-06,TD22,2026-07-01,LSM,15.0
GFI,Q,2026-07-06,TD19,2026-07-01,WSC,146.666667
GFI,Q,2026-07-06,TD3,2026-10-01,WSC,225.666667
GFI,Q,2026-07-06,TD20,2026-10-01,WSC,165.0
GFI,Q,2026-07-06,TD7,2026-10-01,WSC,165.0
GFI,Q,2026-07-06,TD8,2026-10-01,WSC,198.333333
GFI,Q,2026-07-06,TD25,2026-10-01,WSC,213.5
GFI,Q,2026-07-06,TD22,2026-10-01,LSM,14.0
GFI,Q,2026-07-06,TD19,2026-10-01,WSC,143.333333
GFI,Q,2026-07-06,TD3,2027-01-01,PMT,29.5
GFI,Q,2026-07-06,TD20,2027-01-01,PMT,24.2
GFI,Q,2026-07-06,TD7,2027-01-01,PMT,14.0
GFI,Q,2026-07-06,TD8,2027-01-01,PMT,22.5
GFI,Q,2026-07-06,TD25,2027-01-01,PMT,38.9
GFI,Q,2026-07-06,TD22,2027-01-01,LSM,12.0
GFI,Q,2026-07-06,TD19,2027-01-01,PMT,14.75
GFI,Q,2026-07-06,TD3,2027-04-01,PMT,21.5
GFI,Q,2026-07-06,TD20,2027-04-01,PMT,18.65
GFI,Q,2026-07-06,TD7,2027-04-01,PMT,13.0
GFI,Q,2026-07-06,TD8,2027-04-01,PMT,20.5
GFI,Q,2026-07-06,TD25,2027-04-01,PMT,34.5
GFI,Q,2026-07-06,TD22,2027-04-01,LSM,10.0
GFI,Q,2026-07-06,TD19,2027-04-01,PMT,13.25
GFI,Q,2026-07-06,TD3,2027-07-01,PMT,16.0
GFI,Q,2026-07-06,TD20,2027-07-01,PMT,15.65
GFI,Q,2026-07-06,TD7,2027-07-01,PMT,12.3
GFI,Q,2026-07-06,TD8,2027-07-01,PMT,19.1
GFI,Q,2026-07-06,TD25,2027-07-01,PMT,29.5
GFI,Q,2026-07-06,TD22,2027-07-01,LSM,9.0
GFI,Q,2026-07-06,TD19,2027-07-01,PMT,13.0
GFI,Q,2026-07-06,TD3,2027-10-01,PMT,18.0
GFI,Q,2026-07-06,TD20,2027-10-01,PMT,19.5
GFI,Q,2026-07-06,TD7,2027-10-01,PMT,13.0
GFI,Q,2026-07-06,TD8,2027-10-01,PMT,21.2
GFI,Q,2026-07-06,TD25,2027-10-01,PMT,35.5
GFI,Q,2026-07-06,TD22,2027-10-01,LSM,10.0
GFI,Q,2026-07-06,TD19,2027-10-01,PMT,15.0
GFI,Q,2026-07-06,TD3,2028-01-01,PMT,17.0
GFI,Q,2026-07-06,TD20,2028-01-01,PMT,17.2
GFI,Q,2026-07-06,TD7,2028-01-01,PMT,14.7
GFI,Q,2026-07-06,TD8,2028-01-01,PMT,22.25
GFI,Q,2026-07-06,TD25,2028-01-01,PMT,32.5
GFI,Q,2026-07-06,TD22,2028-01-01,LSM,9.35
GFI,Q,2026-07-06,TD19,2028-01-01,PMT,15.55
GFI,A,2026-07-06,TD3,2027-01-01,PMT,21.25
GFI,A,2026-07-06,TD20,2027-01-01,PMT,19.5
GFI,A,2026-07-06,TD7,2027-01-01,PMT,13.075
GFI,A,2026-07-06,TD8,2027-01-01,PMT,20.825
GFI,A,2026-07-06,TD25,2027-01-01,PMT,34.6
GFI,A,2026-07-06,TD22,2027-01-01,LSM,10.25
GFI,A,2026-07-06,TD19,2027-01-01,PMT,14.0
GFI,A,2026-07-06,TD3,2028-01-01,PMT,15.0
GFI,A,2026-07-06,TD20,2028-01-01,PMT,15.2
GFI,A,2026-07-06,TD7,2028-01-01,PMT,12.7
GFI,A,2026-07-06,TD8,2028-01-01,PMT,20.25
GFI,A,2026-07-06,TD25,2028-01-01,PMT,30.5
GFI,A,2026-07-06,TD22,2028-01-01,LSM,7.35
GFI,A,2026-07-06,TD19,2028-01-01,PMT,13.55
GFI,A,2026-07-06,TD3,2029-01-01,PMT,13.8
GFI,A,2026-07-06,TD20,2029-01-01,PMT,14.2
GFI,A,2026-07-06,TD7,2029-01-01,PMT,12.6
GFI,A,2026-07-06,TD8,2029-01-01,PMT,19.7
GFI,A,2026-07-06,TD25,2029-01-01,PMT,29.5
GFI,A,2026-07-06,TD22,2029-01-01,LSM,7.15
GFI,A,2026-07-06,TD19,2029-01-01,PMT,13.25
GFI,BITR,2026-07-07,TD3,2026-07-01,WSC,320.56
GFI,BITR,2026-07-07,TD20,2026-07-01,WSC,237.22
GFI,BITR,2026-07-07,TD7,2026-07-01,WSC,137.08
GFI,BITR,2026-07-07,TD8,2026-07-01,WSC,287.5
GFI,BITR,2026-07-07,TD25,2026-07-01,WSC,166.67
GFI,BITR,2026-07-07,TD22,2026-07-01,LSM,17.377778
GFI,BITR,2026-07-07,TD19,2026-07-01,WSC,188.06
GFI,M,2026-07-07,TD3,2026-07-01,WSC,303.0
GFI,M,2026-07-07,TD20,2026-07-01,WSC,210.0
GFI,M,2026-07-07,TD7,2026-07-01,WSC,140.0
GFI,M,2026-07-07,TD8,2026-07-01,WSC,230.0
GFI,M,2026-07-07,TD25,2026-07-01,WSC,178.636
GFI,M,2026-07-07,TD22,2026-07-01,LSM,16.5
GFI,M,2026-07-07,TD19,2026-07-01,WSC,160.0
GFI,M,2026-07-07,TD3,2026-08-01,WSC,278.0
GFI,M,2026-07-07,TD20,2026-08-01,WSC,175.0
GFI,M,2026-07-07,TD7,2026-08-01,WSC,137.5
GFI,M,2026-07-07,TD8,2026-08-01,WSC,196.0
GFI,M,2026-07-07,TD25,2026-08-01,WSC,210.0
GFI,M,2026-07-07,TD22,2026-08-01,LSM,15.0
GFI,M,2026-07-07,TD19,2026-08-01,WSC,145.0
GFI,M,2026-07-07,TD3,2026-09-01,WSC,240.0
GFI,M,2026-07-07,TD20,2026-09-01,WSC,156.5
GFI,M,2026-07-07,TD7,2026-09-01,WSC,135.0
GFI,M,2026-07-07,TD8,2026-09-01,WSC,177.0
GFI,M,2026-07-07,TD25,2026-09-01,WSC,207.5
GFI,M,2026-07-07,TD22,2026-09-01,LSM,13.5
GFI,M,2026-07-07,TD19,2026-09-01,WSC,135.0
GFI,M,2026-07-07,TD3,2026-10-01,WSC,231.5
GFI,M,2026-07-07,TD20,2026-10-01,WSC,161.0
GFI,M,2026-07-07,TD7,2026-10-01,WSC,150.0
GFI,M,2026-07-07,TD8,2026-10-01,WSC,190.0
GFI,M,2026-07-07,TD25,2026-10-01,WSC,211.0
GFI,M,2026-07-07,TD22,2026-10-01,LSM,13.3
GFI,M,2026-07-07,TD19,2026-10-01,WSC,135.0
GFI,M,2026-07-07,TD3,2026-11-01,WSC,230.0
GFI,M,2026-07-07,TD20,2026-11-01,WSC,166.5
GFI,M,2026-07-07,TD7,2026-11-01,WSC,165.0
GFI,M,2026-07-07,TD8,2026-11-01,WSC,200.0
GFI,M,2026-07-07,TD25,2026-11-01,WSC,216.0
GFI,M,2026-07-07,TD22,2026-11-01,LSM,14.1
GFI,M,2026-07-07,TD19,2026-11-01,WSC,145.0
GFI,M,2026-07-07,TD3,2026-12-01,WSC,230.0
GFI,M,2026-07-07,TD20,2026-12-01,WSC,172.0
GFI,M,2026-07-07,TD7,2026-12-01,WSC,180.0
GFI,M,2026-07-07,TD8,2026-12-01,WSC,205.0
GFI,M,2026-07-07,TD25,2026-12-01,WSC,221.0
GFI,M,2026-07-07,TD22,2026-12-01,LSM,14.6
GFI,M,2026-07-07,TD19,2026-12-01,WSC,150.0
GFI,M,2026-07-07,TD3,2027-01-01,PMT,30.0
GFI,M,2026-07-07,TD20,2027-01-01,PMT,23.9
GFI,M,2026-07-07,TD7,2027-01-01,PMT,14.0
GFI,M,2026-07-07,TD8,2027-01-01,PMT,22.5
GFI,M,2026-07-07,TD25,2027-01-01,PMT,38.8
GFI,M,2026-07-07,TD22,2027-01-01,LSM,12.0
GFI,M,2026-07-07,TD19,2027-01-01,PMT,14.75
GFI,M,2026-07-07,TD3,2027-02-01,PMT,30.0
GFI,M,2026-07-07,TD20,2027-02-01,PMT,23.9
GFI,M,2026-07-07,TD7,2027-02-01,PMT,14.0
GFI,M,2026-07-07,TD8,2027-02-01,PMT,22.5
GFI,M,2026-07-07,TD25,2027-02-01,PMT,38.8
GFI,M,2026-07-07,TD22,2027-02-01,LSM,12.0
GFI,M,2026-07-07,TD19,2027-02-01,PMT,14.75
GFI,Q,2026-07-07,TD3,2026-07-01,WSC,273.666667
GFI,Q,2026-07-07,TD20,2026-07-01,WSC,180.5
GFI,Q,2026-07-07,TD7,2026-07-01,WSC,137.5
GFI,Q,2026-07-07,TD8,2026-07-01,WSC,201.0
GFI,Q,2026-07-07,TD25,2026-07-01,WSC,198.712
GFI,Q,2026-07-07,TD22,2026-07-01,LSM,15.0
GFI,Q,2026-07-07,TD19,2026-07-01,WSC,146.666667
GFI,Q,2026-07-07,TD3,2026-10-01,WSC,230.5
GFI,Q,2026-07-07,TD20,2026-10-01,WSC,166.5
GFI,Q,2026-07-07,TD7,2026-10-01,WSC,165.0
GFI,Q,2026-07-07,TD8,2026-10-01,WSC,198.333333
GFI,Q,2026-07-07,TD25,2026-10-01,WSC,216.0
GFI,Q,2026-07-07,TD22,2026-10-01,LSM,14.0
GFI,Q,2026-07-07,TD19,2026-10-01,WSC,143.333333
GFI,Q,2026-07-07,TD3,2027-01-01,PMT,30.0
GFI,Q,2026-07-07,TD20,2027-01-01,PMT,23.9
GFI,Q,2026-07-07,TD7,2027-01-01,PMT,14.0
GFI,Q,2026-07-07,TD8,2027-01-01,PMT,22.5
GFI,Q,2026-07-07,TD25,2027-01-01,PMT,38.8
GFI,Q,2026-07-07,TD22,2027-01-01,LSM,12.0
GFI,Q,2026-07-07,TD19,2027-01-01,PMT,14.75
GFI,Q,2026-07-07,TD3,2027-04-01,PMT,21.5
GFI,Q,2026-07-07,TD20,2027-04-01,PMT,17.5
GFI,Q,2026-07-07,TD7,2027-04-01,PMT,13.0
GFI,Q,2026-07-07,TD8,2027-04-01,PMT,20.5
GFI,Q,2026-07-07,TD25,2027-04-01,PMT,34.2
GFI,Q,2026-07-07,TD22,2027-04-01,LSM,10.0
GFI,Q,2026-07-07,TD19,2027-04-01,PMT,13.25
GFI,Q,2026-07-07,TD3,2027-07-01,PMT,16.0
GFI,Q,2026-07-07,TD20,2027-07-01,PMT,15.4
GFI,Q,2026-07-07,TD7,2027-07-01,PMT,12.3
GFI,Q,2026-07-07,TD8,2027-07-01,PMT,19.1
GFI,Q,2026-07-07,TD25,2027-07-01,PMT,29.4
GFI,Q,2026-07-07,TD22,2027-07-01,LSM,9.0
GFI,Q,2026-07-07,TD19,2027-07-01,PMT,13.0
GFI,Q,2026-07-07,TD3,2027-10-01,PMT,18.0
GFI,Q,2026-07-07,TD20,2027-10-01,PMT,19.2
GFI,Q,2026-07-07,TD7,2027-10-01,PMT,13.0
GFI,Q,2026-07-07,TD8,2027-10-01,PMT,21.2
GFI,Q,2026-07-07,TD25,2027-10-01,PMT,35.4
GFI,Q,2026-07-07,TD22,2027-10-01,LSM,10.0
GFI,Q,2026-07-07,TD19,2027-10-01,PMT,15.0
GFI,Q,2026-07-07,TD3,2028-01-01,PMT,17.0
GFI,Q,2026-07-07,TD20,2028-01-01,PMT,18.0
GFI,Q,2026-07-07,TD7,2028-01-01,PMT,14.7
GFI,Q,2026-07-07,TD8,2028-01-01,PMT,22.25
GFI,Q,2026-07-07,TD25,2028-01-01,PMT,32.75
GFI,Q,2026-07-07,TD22,2028-01-01,LSM,9.35
GFI,Q,2026-07-07,TD19,2028-01-01,PMT,15.55
GFI,A,2026-07-07,TD3,2027-01-01,PMT,21.375
GFI,A,2026-07-07,TD20,2027-01-01,PMT,19.0
GFI,A,2026-07-07,TD7,2027-01-01,PMT,13.075
GFI,A,2026-07-07,TD8,2027-01-01,PMT,20.825
GFI,A,2026-07-07,TD25,2027-01-01,PMT,34.45
GFI,A,2026-07-07,TD22,2027-01-01,LSM,10.25
GFI,A,2026-07-07,TD19,2027-01-01,PMT,14.0
GFI,A,2026-07-07,TD3,2028-01-01,PMT,15.0
GFI,A,2026-07-07,TD20,2028-01-01,PMT,16.0
GFI,A,2026-07-07,TD7,2028-01-01,PMT,12.7
GFI,A,2026-07-07,TD8,2028-01-01,PMT,20.25
GFI,A,2026-07-07,TD25,2028-01-01,PMT,30.75
GFI,A,2026-07-07,TD22,2028-01-01,LSM,7.35
GFI,A,2026-07-07,TD19,2028-01-01,PMT,13.55
GFI,A,2026-07-07,TD3,2029-01-01,PMT,13.8
GFI,A,2026-07-07,TD20,2029-01-01,PMT,15.0
GFI,A,2026-07-07,TD7,2029-01-01,PMT,12.6
GFI,A,2026-07-07,TD8,2029-01-01,PMT,19.7
GFI,A,2026-07-07,TD25,2029-01-01,PMT,29.75
GFI,A,2026-07-07,TD22,2029-01-01,LSM,7.15
GFI,A,2026-07-07,TD19,2029-01-01,PMT,13.25
GFI,BITR,2026-07-08,TD3,2026-07-01,WSC,343.33
GFI,BITR,2026-07-08,TD20,2026-07-01,WSC,233.61
GFI,BITR,2026-07-08,TD7,2026-07-01,WSC,138.33
GFI,BITR,2026-07-08,TD8,2026-07-01,WSC,291.43
GFI,BITR,2026-07-08,TD25,2026-07-01,WSC,166.39
GFI,BITR,2026-07-08,TD22,2026-07-01,LSM,17.474778
GFI,BITR,2026-07-08,TD19,2026-07-01,WSC,198.61
GFI,M,2026-07-08,TD3,2026-07-01,WSC,350.0
GFI,M,2026-07-08,TD20,2026-07-01,WSC,221.0
GFI,M,2026-07-08,TD7,2026-07-01,WSC,140.0
GFI,M,2026-07-08,TD8,2026-07-01,WSC,260.0
GFI,M,2026-07-08,TD25,2026-07-01,WSC,210.0
GFI,M,2026-07-08,TD22,2026-07-01,LSM,17.0
GFI,M,2026-07-08,TD19,2026-07-01,WSC,185.0
GFI,M,2026-07-08,TD3,2026-08-01,WSC,300.0
GFI,M,2026-07-08,TD20,2026-08-01,WSC,179.0
GFI,M,2026-07-08,TD7,2026-08-01,WSC,137.5
GFI,M,2026-07-08,TD8,2026-08-01,WSC,220.0
GFI,M,2026-07-08,TD25,2026-08-01,WSC,240.0
GFI,M,2026-07-08,TD22,2026-08-01,LSM,15.5
GFI,M,2026-07-08,TD19,2026-08-01,WSC,160.0
GFI,M,2026-07-08,TD3,2026-09-01,WSC,265.0
GFI,M,2026-07-08,TD20,2026-09-01,WSC,165.0
GFI,M,2026-07-08,TD7,2026-09-01,WSC,135.0
GFI,M,2026-07-08,TD8,2026-09-01,WSC,200.0
GFI,M,2026-07-08,TD25,2026-09-01,WSC,235.0
GFI,M,2026-07-08,TD22,2026-09-01,LSM,14.0
GFI,M,2026-07-08,TD19,2026-09-01,WSC,140.0
GFI,M,2026-07-08,TD3,2026-10-01,WSC,248.0
GFI,M,2026-07-08,TD20,2026-10-01,WSC,165.0
GFI,M,2026-07-08,TD7,2026-10-01,WSC,150.0
GFI,M,2026-07-08,TD8,2026-10-01,WSC,190.0
GFI,M,2026-07-08,TD25,2026-10-01,WSC,220.0
GFI,M,2026-07-08,TD22,2026-10-01,LSM,13.3
GFI,M,2026-07-08,TD19,2026-10-01,WSC,135.0
GFI,M,2026-07-08,TD3,2026-11-01,WSC,243.0
GFI,M,2026-07-08,TD20,2026-11-01,WSC,170.0
GFI,M,2026-07-08,TD7,2026-11-01,WSC,165.0
GFI,M,2026-07-08,TD8,2026-11-01,WSC,200.0
GFI,M,2026-07-08,TD25,2026-11-01,WSC,230.0
GFI,M,2026-07-08,TD22,2026-11-01,LSM,14.1
GFI,M,2026-07-08,TD19,2026-11-01,WSC,145.0
GFI,M,2026-07-08,TD3,2026-12-01,WSC,235.0
GFI,M,2026-07-08,TD20,2026-12-01,WSC,175.0
GFI,M,2026-07-08,TD7,2026-12-01,WSC,180.0
GFI,M,2026-07-08,TD8,2026-12-01,WSC,205.0
GFI,M,2026-07-08,TD25,2026-12-01,WSC,240.0
GFI,M,2026-07-08,TD22,2026-12-01,LSM,14.6
GFI,M,2026-07-08,TD19,2026-12-01,WSC,150.0
GFI,M,2026-07-08,TD3,2027-01-01,PMT,30.95
GFI,M,2026-07-08,TD20,2027-01-01,PMT,24.45
GFI,M,2026-07-08,TD7,2027-01-01,PMT,14.0
GFI,M,2026-07-08,TD8,2027-01-01,PMT,22.5
GFI,M,2026-07-08,TD25,2027-01-01,PMT,39.25
GFI,M,2026-07-08,TD22,2027-01-01,LSM,12.0
GFI,M,2026-07-08,TD19,2027-01-01,PMT,14.75
GFI,M,2026-07-08,TD3,2027-02-01,PMT,30.95
GFI,M,2026-07-08,TD20,2027-02-01,PMT,24.45
GFI,M,2026-07-08,TD7,2027-02-01,PMT,14.0
GFI,M,2026-07-08,TD8,2027-02-01,PMT,22.5
GFI,M,2026-07-08,TD25,2027-02-01,PMT,39.25
GFI,M,2026-07-08,TD22,2027-02-01,LSM,12.0
GFI,M,2026-07-08,TD19,2027-02-01,PMT,14.75
GFI,Q,2026-07-08,TD3,2026-07-01,WSC,305.0
GFI,Q,2026-07-08,TD20,2026-07-01,WSC,188.333333
GFI,Q,2026-07-08,TD7,2026-07-01,WSC,137.5
GFI,Q,2026-07-08,TD8,2026-07-01,WSC,226.666667
GFI,Q,2026-07-08,TD25,2026-07-01,WSC,228.333333
GFI,Q,2026-07-08,TD22,2026-07-01,LSM,15.5
GFI,Q,2026-07-08,TD19,2026-07-01,WSC,161.666667
GFI,Q,2026-07-08,TD3,2026-10-01,WSC,242.0
GFI,Q,2026-07-08,TD20,2026-10-01,WSC,170.0
GFI,Q,2026-07-08,TD7,2026-10-01,WSC,165.0
GFI,Q,2026-07-08,TD8,2026-10-01,WSC,198.333333
GFI,Q,2026-07-08,TD25,2026-10-01,WSC,230.0
GFI,Q,2026-07-08,TD22,2026-10-01,LSM,14.0
GFI,Q,2026-07-08,TD19,2026-10-01,WSC,143.333333
GFI,Q,2026-07-08,TD3,2027-01-01,PMT,30.95
GFI,Q,2026-07-08,TD20,2027-01-01,PMT,24.45
GFI,Q,2026-07-08,TD7,2027-01-01,PMT,14.0
GFI,Q,2026-07-08,TD8,2027-01-01,PMT,22.5
GFI,Q,2026-07-08,TD25,2027-01-01,PMT,39.25
GFI,Q,2026-07-08,TD22,2027-01-01,LSM,12.0
GFI,Q,2026-07-08,TD19,2027-01-01,PMT,14.75
GFI,Q,2026-07-08,TD3,2027-04-01,PMT,21.85
GFI,Q,2026-07-08,TD20,2027-04-01,PMT,18.05
GFI,Q,2026-07-08,TD7,2027-04-01,PMT,13.0
GFI,Q,2026-07-08,TD8,2027-04-01,PMT,20.5
GFI,Q,2026-07-08,TD25,2027-04-01,PMT,34.85
GFI,Q,2026-07-08,TD22,2027-04-01,LSM,10.0
GFI,Q,2026-07-08,TD19,2027-04-01,PMT,13.25
GFI,Q,2026-07-08,TD3,2027-07-01,PMT,16.5
GFI,Q,2026-07-08,TD20,2027-07-01,PMT,15.85
GFI,Q,2026-07-08,TD7,2027-07-01,PMT,12.3
GFI,Q,2026-07-08,TD8,2027-07-01,PMT,19.1
GFI,Q,2026-07-08,TD25,2027-07-01,PMT,29.9
GFI,Q,2026-07-08,TD22,2027-07-01,LSM,9.0
GFI,Q,2026-07-08,TD19,2027-07-01,PMT,13.0
GFI,Q,2026-07-08,TD3,2027-10-01,PMT,18.5
GFI,Q,2026-07-08,TD20,2027-10-01,PMT,19.65
GFI,Q,2026-07-08,TD7,2027-10-01,PMT,13.0
GFI,Q,2026-07-08,TD8,2027-10-01,PMT,21.2
GFI,Q,2026-07-08,TD25,2027-10-01,PMT,36.0
GFI,Q,2026-07-08,TD22,2027-10-01,LSM,10.0
GFI,Q,2026-07-08,TD19,2027-10-01,PMT,15.0
GFI,Q,2026-07-08,TD3,2028-01-01,PMT,17.0
GFI,Q,2026-07-08,TD20,2028-01-01,PMT,18.3
GFI,Q,2026-07-08,TD7,2028-01-01,PMT,14.7
GFI,Q,2026-07-08,TD8,2028-01-01,PMT,22.25
GFI,Q,2026-07-08,TD25,2028-01-01,PMT,32.75
GFI,Q,2026-07-08,TD22,2028-01-01,LSM,9.35
GFI,Q,2026-07-08,TD19,2028-01-01,PMT,15.55
GFI,A,2026-07-08,TD3,2027-01-01,PMT,21.95
GFI,A,2026-07-08,TD20,2027-01-01,PMT,19.5
GFI,A,2026-07-08,TD7,2027-01-01,PMT,13.075
GFI,A,2026-07-08,TD8,2027-01-01,PMT,20.825
GFI,A,2026-07-08,TD25,2027-01-01,PMT,35.0
GFI,A,2026-07-08,TD22,2027-01-01,LSM,10.25
GFI,A,2026-07-08,TD19,2027-01-01,PMT,14.0
GFI,A,2026-07-08,TD3,2028-01-01,PMT,15.0
GFI,A,2026-07-08,TD20,2028-01-01,PMT,16.3
GFI,A,2026-07-08,TD7,2028-01-01,PMT,12.7
GFI,A,2026-07-08,TD8,2028-01-01,PMT,20.25
GFI,A,2026-07-08,TD25,2028-01-01,PMT,30.75
GFI,A,2026-07-08,TD22,2028-01-01,LSM,7.35
GFI,A,2026-07-08,TD19,2028-01-01,PMT,13.55
GFI,A,2026-07-08,TD3,2029-01-01,PMT,13.8
GFI,A,2026-07-08,TD20,2029-01-01,PMT,15.3
GFI,A,2026-07-08,TD7,2029-01-01,PMT,12.6
GFI,A,2026-07-08,TD8,2029-01-01,PMT,19.7
GFI,A,2026-07-08,TD25,2029-01-01,PMT,29.75
GFI,A,2026-07-08,TD22,2029-01-01,LSM,7.15
GFI,A,2026-07-08,TD19,2029-01-01,PMT,13.25
GFI,BITR,2026-07-09,TD3,2026-07-01,WSC,345.0
GFI,BITR,2026-07-09,TD20,2026-07-01,WSC,233.06
GFI,BITR,2026-07-09,TD7,2026-07-01,WSC,141.42
GFI,BITR,2026-07-09,TD8,2026-07-01,WSC,301.43
GFI,BITR,2026-07-09,TD25,2026-07-01,WSC,166.39
GFI,BITR,2026-07-09,TD22,2026-07-01,LSM,17.416667
GFI,BITR,2026-07-09,TD19,2026-07-01,WSC,217.89
GFI,M,2026-07-09,TD3,2026-07-01,WSC,350.0
GFI,M,2026-07-09,TD20,2026-07-01,WSC,225.0
GFI,M,2026-07-09,TD7,2026-07-01,WSC,150.0
GFI,M,2026-07-09,TD8,2026-07-01,WSC,260.0
GFI,M,2026-07-09,TD25,2026-07-01,WSC,216.6
GFI,M,2026-07-09,TD22,2026-07-01,LSM,17.0
GFI,M,2026-07-09,TD19,2026-07-01,WSC,185.0
GFI,M,2026-07-09,TD3,2026-08-01,WSC,300.0
GFI,M,2026-07-09,TD20,2026-08-01,WSC,187.5
GFI,M,2026-07-09,TD7,2026-08-01,WSC,155.0
GFI,M,2026-07-09,TD8,2026-08-01,WSC,220.0
GFI,M,2026-07-09,TD25,2026-08-01,WSC,250.0
GFI,M,2026-07-09,TD22,2026-08-01,LSM,15.5
GFI,M,2026-07-09,TD19,2026-08-01,WSC,160.0
GFI,M,2026-07-09,TD3,2026-09-01,WSC,264.0
GFI,M,2026-07-09,TD20,2026-09-01,WSC,172.5
GFI,M,2026-07-09,TD7,2026-09-01,WSC,145.0
GFI,M,2026-07-09,TD8,2026-09-01,WSC,200.0
GFI,M,2026-07-09,TD25,2026-09-01,WSC,230.0
GFI,M,2026-07-09,TD22,2026-09-01,LSM,14.0
GFI,M,2026-07-09,TD19,2026-09-01,WSC,140.0
GFI,M,2026-07-09,TD3,2026-10-01,WSC,246.0
GFI,M,2026-07-09,TD20,2026-10-01,WSC,163.0
GFI,M,2026-07-09,TD7,2026-10-01,WSC,155.0
GFI,M,2026-07-09,TD8,2026-10-01,WSC,190.0
GFI,M,2026-07-09,TD25,2026-10-01,WSC,215.0
GFI,M,2026-07-09,TD22,2026-10-01,LSM,13.3
GFI,M,2026-07-09,TD19,2026-10-01,WSC,135.0
GFI,M,2026-07-09,TD3,2026-11-01,WSC,241.0
GFI,M,2026-07-09,TD20,2026-11-01,WSC,168.0
GFI,M,2026-07-09,TD7,2026-11-01,WSC,170.0
GFI,M,2026-07-09,TD8,2026-11-01,WSC,200.0
GFI,M,2026-07-09,TD25,2026-11-01,WSC,225.0
GFI,M,2026-07-09,TD22,2026-11-01,LSM,14.1
GFI,M,2026-07-09,TD19,2026-11-01,WSC,145.0
GFI,M,2026-07-09,TD3,2026-12-01,WSC,233.0
GFI,M,2026-07-09,TD20,2026-12-01,WSC,173.0
GFI,M,2026-07-09,TD7,2026-12-01,WSC,185.0
GFI,M,2026-07-09,TD8,2026-12-01,WSC,205.0
GFI,M,2026-07-09,TD25,2026-12-01,WSC,235.0
GFI,M,2026-07-09,TD22,2026-12-01,LSM,14.6
GFI,M,2026-07-09,TD19,2026-12-01,WSC,150.0
GFI,M,2026-07-09,TD3,2027-01-01,PMT,31.0
GFI,M,2026-07-09,TD20,2027-01-01,PMT,24.45
GFI,M,2026-07-09,TD7,2027-01-01,PMT,14.0
GFI,M,2026-07-09,TD8,2027-01-01,PMT,22.5
GFI,M,2026-07-09,TD25,2027-01-01,PMT,40.0
GFI,M,2026-07-09,TD22,2027-01-01,LSM,12.0
GFI,M,2026-07-09,TD19,2027-01-01,PMT,14.75
GFI,M,2026-07-09,TD3,2027-02-01,PMT,31.0
GFI,M,2026-07-09,TD20,2027-02-01,PMT,24.45
GFI,M,2026-07-09,TD7,2027-02-01,PMT,14.0
GFI,M,2026-07-09,TD8,2027-02-01,PMT,22.5
GFI,M,2026-07-09,TD25,2027-02-01,PMT,40.0
GFI,M,2026-07-09,TD22,2027-02-01,LSM,12.0
GFI,M,2026-07-09,TD19,2027-02-01,PMT,14.75
GFI,Q,2026-07-09,TD3,2026-07-01,WSC,304.666667
GFI,Q,2026-07-09,TD20,2026-07-01,WSC,195.0
GFI,Q,2026-07-09,TD7,2026-07-01,WSC,150.0
GFI,Q,2026-07-09,TD8,2026-07-01,WSC,226.666667
GFI,Q,2026-07-09,TD25,2026-07-01,WSC,232.2
GFI,Q,2026-07-09,TD22,2026-07-01,LSM,15.5
GFI,Q,2026-07-09,TD19,2026-07-01,WSC,161.666667
GFI,Q,2026-07-09,TD3,2026-10-01,WSC,240.0
GFI,Q,2026-07-09,TD20,2026-10-01,WSC,168.0
GFI,Q,2026-07-09,TD7,2026-10-01,WSC,170.0
GFI,Q,2026-07-09,TD8,2026-10-01,WSC,198.333333
GFI,Q,2026-07-09,TD25,2026-10-01,WSC,225.0
GFI,Q,2026-07-09,TD22,2026-10-01,LSM,14.0
GFI,Q,2026-07-09,TD19,2026-10-01,WSC,143.333333
GFI,Q,2026-07-09,TD3,2027-01-01,PMT,31.0
GFI,Q,2026-07-09,TD20,2027-01-01,PMT,24.45
GFI,Q,2026-07-09,TD7,2027-01-01,PMT,14.0
GFI,Q,2026-07-09,TD8,2027-01-01,PMT,22.5
GFI,Q,2026-07-09,TD25,2027-01-01,PMT,40.0
GFI,Q,2026-07-09,TD22,2027-01-01,LSM,12.0
GFI,Q,2026-07-09,TD19,2027-01-01,PMT,14.75
GFI,Q,2026-07-09,TD3,2027-04-01,PMT,22.5
GFI,Q,2026-07-09,TD20,2027-04-01,PMT,18.05
GFI,Q,2026-07-09,TD7,2027-04-01,PMT,13.0
GFI,Q,2026-07-09,TD8,2027-04-01,PMT,20.5
GFI,Q,2026-07-09,TD25,2027-04-01,PMT,34.5
GFI,Q,2026-07-09,TD22,2027-04-01,LSM,10.0
GFI,Q,2026-07-09,TD19,2027-04-01,PMT,13.25
GFI,Q,2026-07-09,TD3,2027-07-01,PMT,16.25
GFI,Q,2026-07-09,TD20,2027-07-01,PMT,15.85
GFI,Q,2026-07-09,TD7,2027-07-01,PMT,12.3
GFI,Q,2026-07-09,TD8,2027-07-01,PMT,19.1
GFI,Q,2026-07-09,TD25,2027-07-01,PMT,30.5
GFI,Q,2026-07-09,TD22,2027-07-01,LSM,9.0
GFI,Q,2026-07-09,TD19,2027-07-01,PMT,13.0
GFI,Q,2026-07-09,TD3,2027-10-01,PMT,18.5
GFI,Q,2026-07-09,TD20,2027-10-01,PMT,19.65
GFI,Q,2026-07-09,TD7,2027-10-01,PMT,13.0
GFI,Q,2026-07-09,TD8,2027-10-01,PMT,21.2
GFI,Q,2026-07-09,TD25,2027-10-01,PMT,37.0
GFI,Q,2026-07-09,TD22,2027-10-01,LSM,10.0
GFI,Q,2026-07-09,TD19,2027-10-01,PMT,15.0
GFI,Q,2026-07-09,TD3,2028-01-01,PMT,17.5
GFI,Q,2026-07-09,TD20,2028-01-01,PMT,18.3
GFI,Q,2026-07-09,TD7,2028-01-01,PMT,14.7
GFI,Q,2026-07-09,TD8,2028-01-01,PMT,22.25
GFI,Q,2026-07-09,TD25,2028-01-01,PMT,33.25
GFI,Q,2026-07-09,TD22,2028-01-01,LSM,9.35
GFI,Q,2026-07-09,TD19,2028-01-01,PMT,15.55
GFI,A,2026-07-09,TD3,2027-01-01,PMT,22.0625
GFI,A,2026-07-09,TD20,2027-01-01,PMT,19.5
GFI,A,2026-07-09,TD7,2027-01-01,PMT,13.075
GFI,A,2026-07-09,TD8,2027-01-01,PMT,20.825
GFI,A,2026-07-09,TD25,2027-01-01,PMT,35.5
GFI,A,2026-07-09,TD22,2027-01-01,LSM,10.25
GFI,A,2026-07-09,TD19,2027-01-01,PMT,14.0
GFI,A,2026-07-09,TD3,2028-01-01,PMT,15.5
GFI,A,2026-07-09,TD20,2028-01-01,PMT,16.3
GFI,A,2026-07-09,TD7,2028-01-01,PMT,12.7
GFI,A,2026-07-09,TD8,2028-01-01,PMT,20.25
GFI,A,2026-07-09,TD25,2028-01-01,PMT,31.25
GFI,A,2026-07-09,TD22,2028-01-01,LSM,7.35
GFI,A,2026-07-09,TD19,2028-01-01,PMT,13.55
GFI,A,2026-07-09,TD3,2029-01-01,PMT,14.3
GFI,A,2026-07-09,TD20,2029-01-01,PMT,15.3
GFI,A,2026-07-09,TD7,2029-01-01,PMT,12.6
GFI,A,2026-07-09,TD8,2029-01-01,PMT,19.7
GFI,A,2026-07-09,TD25,2029-01-01,PMT,30.05
GFI,A,2026-07-09,TD22,2029-01-01,LSM,7.15
GFI,A,2026-07-09,TD19,2029-01-01,PMT,13.25
GFI,BITR,2026-07-10,TD3,2026-07-01,WSC,357.22
GFI,BITR,2026-07-10,TD20,2026-07-01,WSC,232.22
GFI,BITR,2026-07-10,TD7,2026-07-01,WSC,150.83
GFI,BITR,2026-07-10,TD8,2026-07-01,WSC,306.67
GFI,BITR,2026-07-10,TD25,2026-07-01,WSC,222.78
GFI,BITR,2026-07-10,TD22,2026-07-01,LSM,17.418889
GFI,BITR,2026-07-10,TD19,2026-07-01,WSC,222.22
GFI,M,2026-07-10,TD3,2026-07-01,WSC,371.85
GFI,M,2026-07-10,TD20,2026-07-01,WSC,222.0
GFI,M,2026-07-10,TD7,2026-07-01,WSC,150.0
GFI,M,2026-07-10,TD8,2026-07-01,WSC,260.0
GFI,M,2026-07-10,TD25,2026-07-01,WSC,218.18
GFI,M,2026-07-10,TD22,2026-07-01,LSM,17.0
GFI,M,2026-07-10,TD19,2026-07-01,WSC,185.0
GFI,M,2026-07-10,TD3,2026-08-01,WSC,290.0
GFI,M,2026-07-10,TD20,2026-08-01,WSC,185.0
GFI,M,2026-07-10,TD7,2026-08-01,WSC,155.0
GFI,M,2026-07-10,TD8,2026-08-01,WSC,220.0
GFI,M,2026-07-10,TD25,2026-08-01,WSC,260.0
GFI,M,2026-07-10,TD22,2026-08-01,LSM,15.5
GFI,M,2026-07-10,TD19,2026-08-01,WSC,160.0
GFI,M,2026-07-10,TD3,2026-09-01,WSC,264.0
GFI,M,2026-07-10,TD20,2026-09-01,WSC,170.0
GFI,M,2026-07-10,TD7,2026-09-01,WSC,145.0
GFI,M,2026-07-10,TD8,2026-09-01,WSC,200.0
GFI,M,2026-07-10,TD25,2026-09-01,WSC,235.0
GFI,M,2026-07-10,TD22,2026-09-01,LSM,14.0
GFI,M,2026-07-10,TD19,2026-09-01,WSC,140.0
GFI,M,2026-07-10,TD3,2026-10-01,WSC,244.0
GFI,M,2026-07-10,TD20,2026-10-01,WSC,163.0
GFI,M,2026-07-10,TD7,2026-10-01,WSC,155.0
GFI,M,2026-07-10,TD8,2026-10-01,WSC,190.0
GFI,M,2026-07-10,TD25,2026-10-01,WSC,225.0
GFI,M,2026-07-10,TD22,2026-10-01,LSM,13.3
GFI,M,2026-07-10,TD19,2026-10-01,WSC,135.0
GFI,M,2026-07-10,TD3,2026-11-01,WSC,239.0
GFI,M,2026-07-10,TD20,2026-11-01,WSC,168.0
GFI,M,2026-07-10,TD7,2026-11-01,WSC,170.0
GFI,M,2026-07-10,TD8,2026-11-01,WSC,200.0
GFI,M,2026-07-10,TD25,2026-11-01,WSC,230.0
GFI,M,2026-07-10,TD22,2026-11-01,LSM,14.1
GFI,M,2026-07-10,TD19,2026-11-01,WSC,145.0
GFI,M,2026-07-10,TD3,2026-12-01,WSC,231.0
GFI,M,2026-07-10,TD20,2026-12-01,WSC,173.0
GFI,M,2026-07-10,TD7,2026-12-01,WSC,185.0
GFI,M,2026-07-10,TD8,2026-12-01,WSC,205.0
GFI,M,2026-07-10,TD25,2026-12-01,WSC,235.0
GFI,M,2026-07-10,TD22,2026-12-01,LSM,14.6
GFI,M,2026-07-10,TD19,2026-12-01,WSC,150.0
GFI,M,2026-07-10,TD3,2027-01-01,PMT,30.75
GFI,M,2026-07-10,TD20,2027-01-01,PMT,24.45
GFI,M,2026-07-10,TD7,2027-01-01,PMT,14.0
GFI,M,2026-07-10,TD8,2027-01-01,PMT,22.5
GFI,M,2026-07-10,TD25,2027-01-01,PMT,40.0
GFI,M,2026-07-10,TD22,2027-01-01,LSM,12.0
GFI,M,2026-07-10,TD19,2027-01-01,PMT,14.75
GFI,M,2026-07-10,TD3,2027-02-01,PMT,30.75
GFI,M,2026-07-10,TD20,2027-02-01,PMT,24.45
GFI,M,2026-07-10,TD7,2027-02-01,PMT,14.0
GFI,M,2026-07-10,TD8,2027-02-01,PMT,22.5
GFI,M,2026-07-10,TD25,2027-02-01,PMT,40.0
GFI,M,2026-07-10,TD22,2027-02-01,LSM,12.0
GFI,M,2026-07-10,TD19,2027-02-01,PMT,14.75
GFI,Q,2026-07-10,TD3,2026-07-01,WSC,308.616667
GFI,Q,2026-07-10,TD20,2026-07-01,WSC,192.333333
GFI,Q,2026-07-10,TD7,2026-07-01,WSC,150.0
GFI,Q,2026-07-10,TD8,2026-07-01,WSC,226.666667
GFI,Q,2026-07-10,TD25,2026-07-01,WSC,237.726667
GFI,Q,2026-07-10,TD22,2026-07-01,LSM,15.5
GFI,Q,2026-07-10,TD19,2026-07-01,WSC,161.666667
GFI,Q,2026-07-10,TD3,2026-10-01,WSC,238.0
GFI,Q,2026-07-10,TD20,2026-10-01,WSC,168.0
GFI,Q,2026-07-10,TD7,2026-10-01,WSC,170.0
GFI,Q,2026-07-10,TD8,2026-10-01,WSC,198.333333
GFI,Q,2026-07-10,TD25,2026-10-01,WSC,230.0
GFI,Q,2026-07-10,TD22,2026-10-01,LSM,14.0
GFI,Q,2026-07-10,TD19,2026-10-01,WSC,143.333333
GFI,Q,2026-07-10,TD3,2027-01-01,PMT,30.75
GFI,Q,2026-07-10,TD20,2027-01-01,PMT,24.45
GFI,Q,2026-07-10,TD7,2027-01-01,PMT,14.0
GFI,Q,2026-07-10,TD8,2027-01-01,PMT,22.5
GFI,Q,2026-07-10,TD25,2027-01-01,PMT,40.0
GFI,Q,2026-07-10,TD22,2027-01-01,LSM,12.0
GFI,Q,2026-07-10,TD19,2027-01-01,PMT,14.75
GFI,Q,2026-07-10,TD3,2027-04-01,PMT,22.35
GFI,Q,2026-07-10,TD20,2027-04-01,PMT,18.05
GFI,Q,2026-07-10,TD7,2027-04-01,PMT,13.0
GFI,Q,2026-07-10,TD8,2027-04-01,PMT,20.5
GFI,Q,2026-07-10,TD25,2027-04-01,PMT,34.5
GFI,Q,2026-07-10,TD22,2027-04-01,LSM,10.0
GFI,Q,2026-07-10,TD19,2027-04-01,PMT,13.25
GFI,Q,2026-07-10,TD3,2027-07-01,PMT,16.25
GFI,Q,2026-07-10,TD20,2027-07-01,PMT,15.85
GFI,Q,2026-07-10,TD7,2027-07-01,PMT,12.3
GFI,Q,2026-07-10,TD8,2027-07-01,PMT,19.1
GFI,Q,2026-07-10,TD25,2027-07-01,PMT,30.5
GFI,Q,2026-07-10,TD22,2027-07-01,LSM,9.0
GFI,Q,2026-07-10,TD19,2027-07-01,PMT,13.0
GFI,Q,2026-07-10,TD3,2027-10-01,PMT,18.25
GFI,Q,2026-07-10,TD20,2027-10-01,PMT,19.65
GFI,Q,2026-07-10,TD7,2027-10-01,PMT,13.0
GFI,Q,2026-07-10,TD8,2027-10-01,PMT,21.2
GFI,Q,2026-07-10,TD25,2027-10-01,PMT,37.0
GFI,Q,2026-07-10,TD22,2027-10-01,LSM,10.0
GFI,Q,2026-07-10,TD19,2027-10-01,PMT,15.0
GFI,Q,2026-07-10,TD3,2028-01-01,PMT,17.5
GFI,Q,2026-07-10,TD20,2028-01-01,PMT,18.3
GFI,Q,2026-07-10,TD7,2028-01-01,PMT,14.7
GFI,Q,2026-07-10,TD8,2028-01-01,PMT,22.25
GFI,Q,2026-07-10,TD25,2028-01-01,PMT,33.25
GFI,Q,2026-07-10,TD22,2028-01-01,LSM,9.35
GFI,Q,2026-07-10,TD19,2028-01-01,PMT,15.55
GFI,A,2026-07-10,TD3,2027-01-01,PMT,21.9
GFI,A,2026-07-10,TD20,2027-01-01,PMT,19.5
GFI,A,2026-07-10,TD7,2027-01-01,PMT,13.075
GFI,A,2026-07-10,TD8,2027-01-01,PMT,20.825
GFI,A,2026-07-10,TD25,2027-01-01,PMT,35.5
GFI,A,2026-07-10,TD22,2027-01-01,LSM,10.25
GFI,A,2026-07-10,TD19,2027-01-01,PMT,14.0
GFI,A,2026-07-10,TD3,2028-01-01,PMT,15.5
GFI,A,2026-07-10,TD20,2028-01-01,PMT,16.3
GFI,A,2026-07-10,TD7,2028-01-01,PMT,12.7
GFI,A,2026-07-10,TD8,2028-01-01,PMT,20.25
GFI,A,2026-07-10,TD25,2028-01-01,PMT,31.25
GFI,A,2026-07-10,TD22,2028-01-01,LSM,7.35
GFI,A,2026-07-10,TD19,2028-01-01,PMT,13.55
GFI,A,2026-07-10,TD3,2029-01-01,PMT,14.3
GFI,A,2026-07-10,TD20,2029-01-01,PMT,15.3
GFI,A,2026-07-10,TD7,2029-01-01,PMT,12.6
GFI,A,2026-07-10,TD8,2029-01-01,PMT,19.7
GFI,A,2026-07-10,TD25,2029-01-01,PMT,30.05
GFI,A,2026-07-10,TD22,2029-01-01,LSM,7.15
GFI,A,2026-07-10,TD19,2029-01-01,PMT,13.25
GFI,BITR,2026-07-14,TD3,2026-07-01,WSC,372.22
GFI,BITR,2026-07-14,TD20,2026-07-01,WSC,233.33
GFI,BITR,2026-07-14,TD7,2026-07-01,WSC,187.5
GFI,BITR,2026-07-14,TD8,2026-07-01,WSC,306.67
GFI,BITR,2026-07-14,TD25,2026-07-01,WSC,240.56
GFI,BITR,2026-07-14,TD22,2026-07-01,LSM,17.43
GFI,BITR,2026-07-14,TD19,2026-07-01,WSC,299.44
GFI,M,2026-07-14,TD3,2026-07-01,WSC,415.0
GFI,M,2026-07-14,TD20,2026-07-01,WSC,232.5
GFI,M,2026-07-14,TD7,2026-07-01,WSC,160.0
GFI,M,2026-07-14,TD8,2026-07-01,WSC,280.0
GFI,M,2026-07-14,TD25,2026-07-01,WSC,235.0
GFI,M,2026-07-14,TD22,2026-07-01,LSM,17.5
GFI,M,2026-07-14,TD19,2026-07-01,WSC,245.0
GFI,M,2026-07-14,TD3,2026-08-01,WSC,350.0
GFI,M,2026-07-14,TD20,2026-08-01,WSC,215.0
GFI,M,2026-07-14,TD7,2026-08-01,WSC,175.0
GFI,M,2026-07-14,TD8,2026-08-01,WSC,220.0
GFI,M,2026-07-14,TD25,2026-08-01,WSC,305.0
GFI,M,2026-07-14,TD22,2026-08-01,LSM,16.0
GFI,M,2026-07-14,TD19,2026-08-01,WSC,200.0
GFI,M,2026-07-14,TD3,2026-09-01,WSC,315.0
GFI,M,2026-07-14,TD20,2026-09-01,WSC,180.0
GFI,M,2026-07-14,TD7,2026-09-01,WSC,165.0
GFI,M,2026-07-14,TD8,2026-09-01,WSC,200.0
GFI,M,2026-07-14,TD25,2026-09-01,WSC,270.0
GFI,M,2026-07-14,TD22,2026-09-01,LSM,14.35
GFI,M,2026-07-14,TD19,2026-09-01,WSC,160.0
GFI,M,2026-07-14,TD3,2026-10-01,WSC,275.0
GFI,M,2026-07-14,TD20,2026-10-01,WSC,174.0
GFI,M,2026-07-14,TD7,2026-10-01,WSC,155.0
GFI,M,2026-07-14,TD8,2026-10-01,WSC,190.0
GFI,M,2026-07-14,TD25,2026-10-01,WSC,250.0
GFI,M,2026-07-14,TD22,2026-10-01,LSM,13.6
GFI,M,2026-07-14,TD19,2026-10-01,WSC,135.0
GFI,M,2026-07-14,TD3,2026-11-01,WSC,265.0
GFI,M,2026-07-14,TD20,2026-11-01,WSC,180.0
GFI,M,2026-07-14,TD7,2026-11-01,WSC,170.0
GFI,M,2026-07-14,TD8,2026-11-01,WSC,200.0
GFI,M,2026-07-14,TD25,2026-11-01,WSC,245.0
GFI,M,2026-07-14,TD22,2026-11-01,LSM,14.1
GFI,M,2026-07-14,TD19,2026-11-01,WSC,145.0
GFI,M,2026-07-14,TD3,2026-12-01,WSC,255.0
GFI,M,2026-07-14,TD20,2026-12-01,WSC,186.0
GFI,M,2026-07-14,TD7,2026-12-01,WSC,185.0
GFI,M,2026-07-14,TD8,2026-12-01,WSC,205.0
GFI,M,2026-07-14,TD25,2026-12-01,WSC,240.0
GFI,M,2026-07-14,TD22,2026-12-01,LSM,14.6
GFI,M,2026-07-14,TD19,2026-12-01,WSC,150.0
GFI,M,2026-07-14,TD3,2027-01-01,PMT,35.25
GFI,M,2026-07-14,TD20,2027-01-01,PMT,29.0
GFI,M,2026-07-14,TD7,2027-01-01,PMT,14.5
GFI,M,2026-07-14,TD8,2027-01-01,PMT,23.5
GFI,M,2026-07-14,TD25,2027-01-01,PMT,42.0
GFI,M,2026-07-14,TD22,2027-01-01,LSM,12.0
GFI,M,2026-07-14,TD19,2027-01-01,PMT,15.75
GFI,M,2026-07-14,TD3,2027-02-01,PMT,32.25
GFI,M,2026-07-14,TD20,2027-02-01,PMT,26.0
GFI,M,2026-07-14,TD7,2027-02-01,PMT,14.0
GFI,M,2026-07-14,TD8,2027-02-01,PMT,22.5
GFI,M,2026-07-14,TD25,2027-02-01,PMT,42.0
GFI,M,2026-07-14,TD22,2027-02-01,LSM,12.0
GFI,M,2026-07-14,TD19,2027-02-01,PMT,14.75
GFI,Q,2026-07-14,TD3,2026-07-01,WSC,360.0
GFI,Q,2026-07-14,TD20,2026-07-01,WSC,209.166667
GFI,Q,2026-07-14,TD7,2026-07-01,WSC,166.666667
GFI,Q,2026-07-14,TD8,2026-07-01,WSC,233.333333
GFI,Q,2026-07-14,TD25,2026-07-01,WSC,270.0
GFI,Q,2026-07-14,TD22,2026-07-01,LSM,15.95
GFI,Q,2026-07-14,TD19,2026-07-01,WSC,201.666667
GFI,Q,2026-07-14,TD3,2026-10-01,WSC,265.0
GFI,Q,2026-07-14,TD20,2026-10-01,WSC,180.0
GFI,Q,2026-07-14,TD7,2026-10-01,WSC,170.0
GFI,Q,2026-07-14,TD8,2026-10-01,WSC,198.333333
GFI,Q,2026-07-14,TD25,2026-10-01,WSC,245.0
GFI,Q,2026-07-14,TD22,2026-10-01,LSM,14.1
GFI,Q,2026-07-14,TD19,2026-10-01,WSC,143.333333
GFI,Q,2026-07-14,TD3,2027-01-01,PMT,32.25
GFI,Q,2026-07-14,TD20,2027-01-01,PMT,26.0
GFI,Q,2026-07-14,TD7,2027-01-01,PMT,14.0
GFI,Q,2026-07-14,TD8,2027-01-01,PMT,22.5
GFI,Q,2026-07-14,TD25,2027-01-01,PMT,42.0
GFI,Q,2026-07-14,TD22,2027-01-01,LSM,12.0
GFI,Q,2026-07-14,TD19,2027-01-01,PMT,14.75
GFI,Q,2026-07-14,TD3,2027-04-01,PMT,23.75
GFI,Q,2026-07-14,TD20,2027-04-01,PMT,19.0
GFI,Q,2026-07-14,TD7,2027-04-01,PMT,13.0
GFI,Q,2026-07-14,TD8,2027-04-01,PMT,20.5
GFI,Q,2026-07-14,TD25,2027-04-01,PMT,36.0
GFI,Q,2026-07-14,TD22,2027-04-01,LSM,10.0
GFI,Q,2026-07-14,TD19,2027-04-01,PMT,13.25
GFI,Q,2026-07-14,TD3,2027-07-01,PMT,17.5
GFI,Q,2026-07-14,TD20,2027-07-01,PMT,16.5
GFI,Q,2026-07-14,TD7,2027-07-01,PMT,12.3
GFI,Q,2026-07-14,TD8,2027-07-01,PMT,19.1
GFI,Q,2026-07-14,TD25,2027-07-01,PMT,32.0
GFI,Q,2026-07-14,TD22,2027-07-01,LSM,9.0
GFI,Q,2026-07-14,TD19,2027-07-01,PMT,13.0
GFI,Q,2026-07-14,TD3,2027-10-01,PMT,19.5
GFI,Q,2026-07-14,TD20,2027-10-01,PMT,20.5
GFI,Q,2026-07-14,TD7,2027-10-01,PMT,13.0
GFI,Q,2026-07-14,TD8,2027-10-01,PMT,21.2
GFI,Q,2026-07-14,TD25,2027-10-01,PMT,38.0
GFI,Q,2026-07-14,TD22,2027-10-01,LSM,10.0
GFI,Q,2026-07-14,TD19,2027-10-01,PMT,15.0
GFI,Q,2026-07-14,TD3,2028-01-01,PMT,18.25
GFI,Q,2026-07-14,TD20,2028-01-01,PMT,18.7
GFI,Q,2026-07-14,TD7,2028-01-01,PMT,14.7
GFI,Q,2026-07-14,TD8,2028-01-01,PMT,22.25
GFI,Q,2026-07-14,TD25,2028-01-01,PMT,33.75
GFI,Q,2026-07-14,TD22,2028-01-01,LSM,9.35
GFI,Q,2026-07-14,TD19,2028-01-01,PMT,15.55
GFI,A,2026-07-14,TD3,2027-01-01,PMT,23.25
GFI,A,2026-07-14,TD20,2027-01-01,PMT,20.5
GFI,A,2026-07-14,TD7,2027-01-01,PMT,13.075
GFI,A,2026-07-14,TD8,2027-01-01,PMT,20.825
GFI,A,2026-07-14,TD25,2027-01-01,PMT,37.0
GFI,A,2026-07-14,TD22,2027-01-01,LSM,10.25
GFI,A,2026-07-14,TD19,2027-01-01,PMT,14.0
GFI,A,2026-07-14,TD3,2028-01-01,PMT,16.25
GFI,A,2026-07-14,TD20,2028-01-01,PMT,16.7
GFI,A,2026-07-14,TD7,2028-01-01,PMT,12.7
GFI,A,2026-07-14,TD8,2028-01-01,PMT,20.25
GFI,A,2026-07-14,TD25,2028-01-01,PMT,31.75
GFI,A,2026-07-14,TD22,2028-01-01,LSM,7.35
GFI,A,2026-07-14,TD19,2028-01-01,PMT,13.55
GFI,A,2026-07-14,TD3,2029-01-01,PMT,15.05
GFI,A,2026-07-14,TD20,2029-01-01,PMT,15.7
GFI,A,2026-07-14,TD7,2029-01-01,PMT,12.6
GFI,A,2026-07-14,TD8,2029-01-01,PMT,19.7
GFI,A,2026-07-14,TD25,2029-01-01,PMT,30.55
GFI,A,2026-07-14,TD22,2029-01-01,LSM,7.15
GFI,A,2026-07-14,TD19,2029-01-01,PMT,13.25
GFI,BITR,2026-07-13,TD3,2026-07-01,WSC,368.89
GFI,BITR,2026-07-13,TD20,2026-07-01,WSC,233.89
GFI,BITR,2026-07-13,TD7,2026-07-01,WSC,157.5
GFI,BITR,2026-07-13,TD8,2026-07-01,WSC,306.67
GFI,BITR,2026-07-13,TD25,2026-07-01,WSC,228.89
GFI,BITR,2026-07-13,TD22,2026-07-01,LSM,17.405556
GFI,BITR,2026-07-13,TD19,2026-07-01,WSC,234.44
GFI,M,2026-07-13,TD3,2026-07-01,WSC,360.0
GFI,M,2026-07-13,TD20,2026-07-01,WSC,221.679
GFI,M,2026-07-13,TD7,2026-07-01,WSC,150.0
GFI,M,2026-07-13,TD8,2026-07-01,WSC,280.0
GFI,M,2026-07-13,TD25,2026-07-01,WSC,224.77
GFI,M,2026-07-13,TD22,2026-07-01,LSM,17.2
GFI,M,2026-07-13,TD19,2026-07-01,WSC,185.0
GFI,M,2026-07-13,TD3,2026-08-01,WSC,305.0
GFI,M,2026-07-13,TD20,2026-08-01,WSC,190.0
GFI,M,2026-07-13,TD7,2026-08-01,WSC,155.0
GFI,M,2026-07-13,TD8,2026-08-01,WSC,220.0
GFI,M,2026-07-13,TD25,2026-08-01,WSC,275.0
GFI,M,2026-07-13,TD22,2026-08-01,LSM,15.5
GFI,M,2026-07-13,TD19,2026-08-01,WSC,160.0
GFI,M,2026-07-13,TD3,2026-09-01,WSC,265.0
GFI,M,2026-07-13,TD20,2026-09-01,WSC,170.0
GFI,M,2026-07-13,TD7,2026-09-01,WSC,145.0
GFI,M,2026-07-13,TD8,2026-09-01,WSC,200.0
GFI,M,2026-07-13,TD25,2026-09-01,WSC,247.5
GFI,M,2026-07-13,TD22,2026-09-01,LSM,14.0
GFI,M,2026-07-13,TD19,2026-09-01,WSC,140.0
GFI,M,2026-07-13,TD3,2026-10-01,WSC,250.0
GFI,M,2026-07-13,TD20,2026-10-01,WSC,163.0
GFI,M,2026-07-13,TD7,2026-10-01,WSC,155.0
GFI,M,2026-07-13,TD8,2026-10-01,WSC,190.0
GFI,M,2026-07-13,TD25,2026-10-01,WSC,240.0
GFI,M,2026-07-13,TD22,2026-10-01,LSM,13.3
GFI,M,2026-07-13,TD19,2026-10-01,WSC,135.0
GFI,M,2026-07-13,TD3,2026-11-01,WSC,240.0
GFI,M,2026-07-13,TD20,2026-11-01,WSC,168.0
GFI,M,2026-07-13,TD7,2026-11-01,WSC,170.0
GFI,M,2026-07-13,TD8,2026-11-01,WSC,200.0
GFI,M,2026-07-13,TD25,2026-11-01,WSC,240.0
GFI,M,2026-07-13,TD22,2026-11-01,LSM,14.1
GFI,M,2026-07-13,TD19,2026-11-01,WSC,145.0
GFI,M,2026-07-13,TD3,2026-12-01,WSC,233.0
GFI,M,2026-07-13,TD20,2026-12-01,WSC,173.0
GFI,M,2026-07-13,TD7,2026-12-01,WSC,185.0
GFI,M,2026-07-13,TD8,2026-12-01,WSC,205.0
GFI,M,2026-07-13,TD25,2026-12-01,WSC,240.0
GFI,M,2026-07-13,TD22,2026-12-01,LSM,14.6
GFI,M,2026-07-13,TD19,2026-12-01,WSC,150.0
GFI,M,2026-07-13,TD3,2027-01-01,PMT,31.0
GFI,M,2026-07-13,TD20,2027-01-01,PMT,24.45
GFI,M,2026-07-13,TD7,2027-01-01,PMT,14.0
GFI,M,2026-07-13,TD8,2027-01-01,PMT,22.5
GFI,M,2026-07-13,TD25,2027-01-01,PMT,40.5
GFI,M,2026-07-13,TD22,2027-01-01,LSM,12.0
GFI,M,2026-07-13,TD19,2027-01-01,PMT,14.75
GFI,M,2026-07-13,TD3,2027-02-01,PMT,31.0
GFI,M,2026-07-13,TD20,2027-02-01,PMT,24.45
GFI,M,2026-07-13,TD7,2027-02-01,PMT,14.0
GFI,M,2026-07-13,TD8,2027-02-01,PMT,22.5
GFI,M,2026-07-13,TD25,2027-02-01,PMT,40.5
GFI,M,2026-07-13,TD22,2027-02-01,LSM,12.0
GFI,M,2026-07-13,TD19,2027-02-01,PMT,14.75
GFI,Q,2026-07-13,TD3,2026-07-01,WSC,310.0
GFI,Q,2026-07-13,TD20,2026-07-01,WSC,193.893
GFI,Q,2026-07-13,TD7,2026-07-01,WSC,150.0
GFI,Q,2026-07-13,TD8,2026-07-01,WSC,233.333333
GFI,Q,2026-07-13,TD25,2026-07-01,WSC,249.09
GFI,Q,2026-07-13,TD22,2026-07-01,LSM,15.566667
GFI,Q,2026-07-13,TD19,2026-07-01,WSC,161.666667
GFI,Q,2026-07-13,TD3,2026-10-01,WSC,241.0
GFI,Q,2026-07-13,TD20,2026-10-01,WSC,168.0
GFI,Q,2026-07-13,TD7,2026-10-01,WSC,170.0
GFI,Q,2026-07-13,TD8,2026-10-01,WSC,198.333333
GFI,Q,2026-07-13,TD25,2026-10-01,WSC,240.0
GFI,Q,2026-07-13,TD22,2026-10-01,LSM,14.0
GFI,Q,2026-07-13,TD19,2026-10-01,WSC,143.333333
GFI,Q,2026-07-13,TD3,2027-01-01,PMT,31.0
GFI,Q,2026-07-13,TD20,2027-01-01,PMT,24.45
GFI,Q,2026-07-13,TD7,2027-01-01,PMT,14.0
GFI,Q,2026-07-13,TD8,2027-01-01,PMT,22.5
GFI,Q,2026-07-13,TD25,2027-01-01,PMT,40.5
GFI,Q,2026-07-13,TD22,2027-01-01,LSM,12.0
GFI,Q,2026-07-13,TD19,2027-01-01,PMT,14.75
GFI,Q,2026-07-13,TD3,2027-04-01,PMT,22.1
GFI,Q,2026-07-13,TD20,2027-04-01,PMT,18.05
GFI,Q,2026-07-13,TD7,2027-04-01,PMT,13.0
GFI,Q,2026-07-13,TD8,2027-04-01,PMT,20.5
GFI,Q,2026-07-13,TD25,2027-04-01,PMT,35.0
GFI,Q,2026-07-13,TD22,2027-04-01,LSM,10.0
GFI,Q,2026-07-13,TD19,2027-04-01,PMT,13.25
GFI,Q,2026-07-13,TD3,2027-07-01,PMT,16.45
GFI,Q,2026-07-13,TD20,2027-07-01,PMT,15.85
GFI,Q,2026-07-13,TD7,2027-07-01,PMT,12.3
GFI,Q,2026-07-13,TD8,2027-07-01,PMT,19.1
GFI,Q,2026-07-13,TD25,2027-07-01,PMT,30.5
GFI,Q,2026-07-13,TD22,2027-07-01,LSM,9.0
GFI,Q,2026-07-13,TD19,2027-07-01,PMT,13.0
GFI,Q,2026-07-13,TD3,2027-10-01,PMT,18.45
GFI,Q,2026-07-13,TD20,2027-10-01,PMT,19.65
GFI,Q,2026-07-13,TD7,2027-10-01,PMT,13.0
GFI,Q,2026-07-13,TD8,2027-10-01,PMT,21.2
GFI,Q,2026-07-13,TD25,2027-10-01,PMT,37.0
GFI,Q,2026-07-13,TD22,2027-10-01,LSM,10.0
GFI,Q,2026-07-13,TD19,2027-10-01,PMT,15.0
GFI,Q,2026-07-13,TD3,2028-01-01,PMT,17.5
GFI,Q,2026-07-13,TD20,2028-01-01,PMT,18.3
GFI,Q,2026-07-13,TD7,2028-01-01,PMT,14.7
GFI,Q,2026-07-13,TD8,2028-01-01,PMT,22.25
GFI,Q,2026-07-13,TD25,2028-01-01,PMT,33.25
GFI,Q,2026-07-13,TD22,2028-01-01,LSM,9.35
GFI,Q,2026-07-13,TD19,2028-01-01,PMT,15.55
GFI,A,2026-07-13,TD3,2027-01-01,PMT,22.0
GFI,A,2026-07-13,TD20,2027-01-01,PMT,19.5
GFI,A,2026-07-13,TD7,2027-01-01,PMT,13.075
GFI,A,2026-07-13,TD8,2027-01-01,PMT,20.825
GFI,A,2026-07-13,TD25,2027-01-01,PMT,35.75
GFI,A,2026-07-13,TD22,2027-01-01,LSM,10.25
GFI,A,2026-07-13,TD19,2027-01-01,PMT,14.0
GFI,A,2026-07-13,TD3,2028-01-01,PMT,15.5
GFI,A,2026-07-13,TD20,2028-01-01,PMT,16.3
GFI,A,2026-07-13,TD7,2028-01-01,PMT,12.7
GFI,A,2026-07-13,TD8,2028-01-01,PMT,20.25
GFI,A,2026-07-13,TD25,2028-01-01,PMT,31.25
GFI,A,2026-07-13,TD22,2028-01-01,LSM,7.35
GFI,A,2026-07-13,TD19,2028-01-01,PMT,13.55
GFI,A,2026-07-13,TD3,2029-01-01,PMT,14.3
GFI,A,2026-07-13,TD20,2029-01-01,PMT,15.3
GFI,A,2026-07-13,TD7,2029-01-01,PMT,12.6
GFI,A,2026-07-13,TD8,2029-01-01,PMT,19.7
GFI,A,2026-07-13,TD25,2029-01-01,PMT,30.05
GFI,A,2026-07-13,TD22,2029-01-01,LSM,7.15
GFI,A,2026-07-13,TD19,2029-01-01,PMT,13.25
GFI,BITR,2026-07-15,TD3,2026-07-01,WSC,373.33
GFI,BITR,2026-07-15,TD20,2026-07-01,WSC,233.33
GFI,BITR,2026-07-15,TD7,2026-07-01,WSC,204.17
GFI,BITR,2026-07-15,TD8,2026-07-01,WSC,306.67
GFI,BITR,2026-07-15,TD25,2026-07-01,WSC,249.44
GFI,BITR,2026-07-15,TD22,2026-07-01,LSM,17.427778
GFI,BITR,2026-07-15,TD19,2026-07-01,WSC,351.67
GFI,M,2026-07-15,TD3,2026-07-01,WSC,404.65
GFI,M,2026-07-15,TD20,2026-07-01,WSC,231.5
GFI,M,2026-07-15,TD7,2026-07-01,WSC,175.0
GFI,M,2026-07-15,TD8,2026-07-01,WSC,295.0
GFI,M,2026-07-15,TD25,2026-07-01,WSC,235.5
GFI,M,2026-07-15,TD22,2026-07-01,LSM,17.5
GFI,M,2026-07-15,TD19,2026-07-01,WSC,275.0
GFI,M,2026-07-15,TD3,2026-08-01,WSC,315.0
GFI,M,2026-07-15,TD20,2026-08-01,WSC,215.0
GFI,M,2026-07-15,TD7,2026-08-01,WSC,175.0
GFI,M,2026-07-15,TD8,2026-08-01,WSC,235.0
GFI,M,2026-07-15,TD25,2026-08-01,WSC,290.0
GFI,M,2026-07-15,TD22,2026-08-01,LSM,16.0
GFI,M,2026-07-15,TD19,2026-08-01,WSC,240.0
GFI,M,2026-07-15,TD3,2026-09-01,WSC,290.0
GFI,M,2026-07-15,TD20,2026-09-01,WSC,185.0
GFI,M,2026-07-15,TD7,2026-09-01,WSC,165.0
GFI,M,2026-07-15,TD8,2026-09-01,WSC,200.0
GFI,M,2026-07-15,TD25,2026-09-01,WSC,240.0
GFI,M,2026-07-15,TD22,2026-09-01,LSM,14.35
GFI,M,2026-07-15,TD19,2026-09-01,WSC,190.0
GFI,M,2026-07-15,TD3,2026-10-01,WSC,261.0
GFI,M,2026-07-15,TD20,2026-10-01,WSC,177.5
GFI,M,2026-07-15,TD7,2026-10-01,WSC,155.0
GFI,M,2026-07-15,TD8,2026-10-01,WSC,190.0
GFI,M,2026-07-15,TD25,2026-10-01,WSC,239.0
GFI,M,2026-07-15,TD22,2026-10-01,LSM,13.6
GFI,M,2026-07-15,TD19,2026-10-01,WSC,165.0
GFI,M,2026-07-15,TD3,2026-11-01,WSC,251.0
GFI,M,2026-07-15,TD20,2026-11-01,WSC,182.5
GFI,M,2026-07-15,TD7,2026-11-01,WSC,170.0
GFI,M,2026-07-15,TD8,2026-11-01,WSC,200.0
GFI,M,2026-07-15,TD25,2026-11-01,WSC,228.5
GFI,M,2026-07-15,TD22,2026-11-01,LSM,14.1
GFI,M,2026-07-15,TD19,2026-11-01,WSC,153.0
GFI,M,2026-07-15,TD3,2026-12-01,WSC,238.0
GFI,M,2026-07-15,TD20,2026-12-01,WSC,187.5
GFI,M,2026-07-15,TD7,2026-12-01,WSC,185.0
GFI,M,2026-07-15,TD8,2026-12-01,WSC,205.0
GFI,M,2026-07-15,TD25,2026-12-01,WSC,222.5
GFI,M,2026-07-15,TD22,2026-12-01,LSM,14.6
GFI,M,2026-07-15,TD19,2026-12-01,WSC,150.0
GFI,M,2026-07-15,TD3,2027-01-01,PMT,34.75
GFI,M,2026-07-15,TD20,2027-01-01,PMT,29.0
GFI,M,2026-07-15,TD7,2027-01-01,PMT,14.5
GFI,M,2026-07-15,TD8,2027-01-01,PMT,23.5
GFI,M,2026-07-15,TD25,2027-01-01,PMT,41.65
GFI,M,2026-07-15,TD22,2027-01-01,LSM,12.0
GFI,M,2026-07-15,TD19,2027-01-01,PMT,15.75
GFI,M,2026-07-15,TD3,2027-02-01,PMT,31.75
GFI,M,2026-07-15,TD20,2027-02-01,PMT,26.0
GFI,M,2026-07-15,TD7,2027-02-01,PMT,14.0
GFI,M,2026-07-15,TD8,2027-02-01,PMT,22.5
GFI,M,2026-07-15,TD25,2027-02-01,PMT,41.65
GFI,M,2026-07-15,TD22,2027-02-01,LSM,12.0
GFI,M,2026-07-15,TD19,2027-02-01,PMT,14.75
GFI,Q,2026-07-15,TD3,2026-07-01,WSC,336.55
GFI,Q,2026-07-15,TD20,2026-07-01,WSC,210.5
GFI,Q,2026-07-15,TD7,2026-07-01,WSC,171.666667
GFI,Q,2026-07-15,TD8,2026-07-01,WSC,243.333333
GFI,Q,2026-07-15,TD25,2026-07-01,WSC,255.166667
GFI,Q,2026-07-15,TD22,2026-07-01,LSM,15.95
GFI,Q,2026-07-15,TD19,2026-07-01,WSC,235.0
GFI,Q,2026-07-15,TD3,2026-10-01,WSC,250.0
GFI,Q,2026-07-15,TD20,2026-10-01,WSC,182.5
GFI,Q,2026-07-15,TD7,2026-10-01,WSC,170.0
GFI,Q,2026-07-15,TD8,2026-10-01,WSC,198.333333
GFI,Q,2026-07-15,TD25,2026-10-01,WSC,230.0
GFI,Q,2026-07-15,TD22,2026-10-01,LSM,14.1
GFI,Q,2026-07-15,TD19,2026-10-01,WSC,156.0
GFI,Q,2026-07-15,TD3,2027-01-01,PMT,31.75
GFI,Q,2026-07-15,TD20,2027-01-01,PMT,26.0
GFI,Q,2026-07-15,TD7,2027-01-01,PMT,14.0
GFI,Q,2026-07-15,TD8,2027-01-01,PMT,22.5
GFI,Q,2026-07-15,TD25,2027-01-01,PMT,41.65
GFI,Q,2026-07-15,TD22,2027-01-01,LSM,12.0
GFI,Q,2026-07-15,TD19,2027-01-01,PMT,14.75
GFI,Q,2026-07-15,TD3,2027-04-01,PMT,23.65
GFI,Q,2026-07-15,TD20,2027-04-01,PMT,19.0
GFI,Q,2026-07-15,TD7,2027-04-01,PMT,13.0
GFI,Q,2026-07-15,TD8,2027-04-01,PMT,20.5
GFI,Q,2026-07-15,TD25,2027-04-01,PMT,35.65
GFI,Q,2026-07-15,TD22,2027-04-01,LSM,10.0
GFI,Q,2026-07-15,TD19,2027-04-01,PMT,13.25
GFI,Q,2026-07-15,TD3,2027-07-01,PMT,17.3
GFI,Q,2026-07-15,TD20,2027-07-01,PMT,16.5
GFI,Q,2026-07-15,TD7,2027-07-01,PMT,12.3
GFI,Q,2026-07-15,TD8,2027-07-01,PMT,19.1
GFI,Q,2026-07-15,TD25,2027-07-01,PMT,31.65
GFI,Q,2026-07-15,TD22,2027-07-01,LSM,9.0
GFI,Q,2026-07-15,TD19,2027-07-01,PMT,13.0
GFI,Q,2026-07-15,TD3,2027-10-01,PMT,19.3
GFI,Q,2026-07-15,TD20,2027-10-01,PMT,20.5
GFI,Q,2026-07-15,TD7,2027-10-01,PMT,13.0
GFI,Q,2026-07-15,TD8,2027-10-01,PMT,21.2
GFI,Q,2026-07-15,TD25,2027-10-01,PMT,37.65
GFI,Q,2026-07-15,TD22,2027-10-01,LSM,10.0
GFI,Q,2026-07-15,TD19,2027-10-01,PMT,15.0
GFI,Q,2026-07-15,TD3,2028-01-01,PMT,18.25
GFI,Q,2026-07-15,TD20,2028-01-01,PMT,18.7
GFI,Q,2026-07-15,TD7,2028-01-01,PMT,14.7
GFI,Q,2026-07-15,TD8,2028-01-01,PMT,22.25
GFI,Q,2026-07-15,TD25,2028-01-01,PMT,33.75
GFI,Q,2026-07-15,TD22,2028-01-01,LSM,9.35
GFI,Q,2026-07-15,TD19,2028-01-01,PMT,15.55
GFI,A,2026-07-15,TD3,2027-01-01,PMT,23.0
GFI,A,2026-07-15,TD20,2027-01-01,PMT,20.5
GFI,A,2026-07-15,TD7,2027-01-01,PMT,13.075
GFI,A,2026-07-15,TD8,2027-01-01,PMT,20.825
GFI,A,2026-07-15,TD25,2027-01-01,PMT,36.65
GFI,A,2026-07-15,TD22,2027-01-01,LSM,10.25
GFI,A,2026-07-15,TD19,2027-01-01,PMT,14.0
GFI,A,2026-07-15,TD3,2028-01-01,PMT,16.25
GFI,A,2026-07-15,TD20,2028-01-01,PMT,16.7
GFI,A,2026-07-15,TD7,2028-01-01,PMT,12.7
GFI,A,2026-07-15,TD8,2028-01-01,PMT,20.25
GFI,A,2026-07-15,TD25,2028-01-01,PMT,31.75
GFI,A,2026-07-15,TD22,2028-01-01,LSM,7.35
GFI,A,2026-07-15,TD19,2028-01-01,PMT,13.55
GFI,A,2026-07-15,TD3,2029-01-01,PMT,15.05
GFI,A,2026-07-15,TD20,2029-01-01,PMT,15.7
GFI,A,2026-07-15,TD7,2029-01-01,PMT,12.6
GFI,A,2026-07-15,TD8,2029-01-01,PMT,19.7
GFI,A,2026-07-15,TD25,2029-01-01,PMT,30.55
GFI,A,2026-07-15,TD22,2029-01-01,LSM,7.15
GFI,A,2026-07-15,TD19,2029-01-01,PMT,13.25
GFI,BITR,2026-07-16,TD3,2026-07-01,WSC,372.78
GFI,BITR,2026-07-16,TD20,2026-07-01,WSC,231.67
GFI,BITR,2026-07-16,TD7,2026-07-01,WSC,231.67
GFI,BITR,2026-07-16,TD8,2026-07-01,WSC,305.0
GFI,BITR,2026-07-16,TD25,2026-07-01,WSC,254.44
GFI,BITR,2026-07-16,TD22,2026-07-01,LSM,17.155556
GFI,BITR,2026-07-16,TD19,2026-07-01,WSC,388.89
GFI,M,2026-07-16,TD3,2026-07-01,WSC,404.65
GFI,M,2026-07-16,TD20,2026-07-01,WSC,231.5
GFI,M,2026-07-16,TD7,2026-07-01,WSC,185.0
GFI,M,2026-07-16,TD8,2026-07-01,WSC,295.0
GFI,M,2026-07-16,TD25,2026-07-01,WSC,237.5
GFI,M,2026-07-16,TD22,2026-07-01,LSM,17.5
GFI,M,2026-07-16,TD19,2026-07-01,WSC,275.0
GFI,M,2026-07-16,TD3,2026-08-01,WSC,310.0
GFI,M,2026-07-16,TD20,2026-08-01,WSC,222.5
GFI,M,2026-07-16,TD7,2026-08-01,WSC,180.0
GFI,M,2026-07-16,TD8,2026-08-01,WSC,235.0
GFI,M,2026-07-16,TD25,2026-08-01,WSC,307.5
GFI,M,2026-07-16,TD22,2026-08-01,LSM,16.0
GFI,M,2026-07-16,TD19,2026-08-01,WSC,240.0
GFI,M,2026-07-16,TD3,2026-09-01,WSC,290.0
GFI,M,2026-07-16,TD20,2026-09-01,WSC,192.5
GFI,M,2026-07-16,TD7,2026-09-01,WSC,167.5
GFI,M,2026-07-16,TD8,2026-09-01,WSC,200.0
GFI,M,2026-07-16,TD25,2026-09-01,WSC,255.0
GFI,M,2026-07-16,TD22,2026-09-01,LSM,14.35
GFI,M,2026-07-16,TD19,2026-09-01,WSC,190.0
GFI,M,2026-07-16,TD3,2026-10-01,WSC,263.0
GFI,M,2026-07-16,TD20,2026-10-01,WSC,175.0
GFI,M,2026-07-16,TD7,2026-10-01,WSC,155.0
GFI,M,2026-07-16,TD8,2026-10-01,WSC,190.0
GFI,M,2026-07-16,TD25,2026-10-01,WSC,244.0
GFI,M,2026-07-16,TD22,2026-10-01,LSM,13.6
GFI,M,2026-07-16,TD19,2026-10-01,WSC,165.0
GFI,M,2026-07-16,TD3,2026-11-01,WSC,253.0
GFI,M,2026-07-16,TD20,2026-11-01,WSC,180.0
GFI,M,2026-07-16,TD7,2026-11-01,WSC,170.0
GFI,M,2026-07-16,TD8,2026-11-01,WSC,200.0
GFI,M,2026-07-16,TD25,2026-11-01,WSC,233.0
GFI,M,2026-07-16,TD22,2026-11-01,LSM,14.1
GFI,M,2026-07-16,TD19,2026-11-01,WSC,153.0
GFI,M,2026-07-16,TD3,2026-12-01,WSC,240.0
GFI,M,2026-07-16,TD20,2026-12-01,WSC,185.0
GFI,M,2026-07-16,TD7,2026-12-01,WSC,185.0
GFI,M,2026-07-16,TD8,2026-12-01,WSC,205.0
GFI,M,2026-07-16,TD25,2026-12-01,WSC,228.0
GFI,M,2026-07-16,TD22,2026-12-01,LSM,14.6
GFI,M,2026-07-16,TD19,2026-12-01,WSC,150.0
GFI,M,2026-07-16,TD3,2027-01-01,PMT,34.75
GFI,M,2026-07-16,TD20,2027-01-01,PMT,28.75
GFI,M,2026-07-16,TD7,2027-01-01,PMT,14.5
GFI,M,2026-07-16,TD8,2027-01-01,PMT,23.5
GFI,M,2026-07-16,TD25,2027-01-01,PMT,41.6
GFI,M,2026-07-16,TD22,2027-01-01,LSM,12.0
GFI,M,2026-07-16,TD19,2027-01-01,PMT,15.75
GFI,M,2026-07-16,TD3,2027-02-01,PMT,31.75
GFI,M,2026-07-16,TD20,2027-02-01,PMT,25.75
GFI,M,2026-07-16,TD7,2027-02-01,PMT,14.0
GFI,M,2026-07-16,TD8,2027-02-01,PMT,22.5
GFI,M,2026-07-16,TD25,2027-02-01,PMT,41.6
GFI,M,2026-07-16,TD22,2027-02-01,LSM,12.0
GFI,M,2026-07-16,TD19,2027-02-01,PMT,14.75
GFI,Q,2026-07-16,TD3,2026-07-01,WSC,334.883333
GFI,Q,2026-07-16,TD20,2026-07-01,WSC,215.5
GFI,Q,2026-07-16,TD7,2026-07-01,WSC,177.5
GFI,Q,2026-07-16,TD8,2026-07-01,WSC,243.333333
GFI,Q,2026-07-16,TD25,2026-07-01,WSC,266.666667
GFI,Q,2026-07-16,TD22,2026-07-01,LSM,15.95
GFI,Q,2026-07-16,TD19,2026-07-01,WSC,235.0
GFI,Q,2026-07-16,TD3,2026-10-01,WSC,252.0
GFI,Q,2026-07-16,TD20,2026-10-01,WSC,180.0
GFI,Q,2026-07-16,TD7,2026-10-01,WSC,170.0
GFI,Q,2026-07-16,TD8,2026-10-01,WSC,198.333333
GFI,Q,2026-07-16,TD25,2026-10-01,WSC,235.0
GFI,Q,2026-07-16,TD22,2026-10-01,LSM,14.1
GFI,Q,2026-07-16,TD19,2026-10-01,WSC,156.0
GFI,Q,2026-07-16,TD3,2027-01-01,PMT,31.75
GFI,Q,2026-07-16,TD20,2027-01-01,PMT,25.75
GFI,Q,2026-07-16,TD7,2027-01-01,PMT,14.0
GFI,Q,2026-07-16,TD8,2027-01-01,PMT,22.5
GFI,Q,2026-07-16,TD25,2027-01-01,PMT,41.6
GFI,Q,2026-07-16,TD22,2027-01-01,LSM,12.0
GFI,Q,2026-07-16,TD19,2027-01-01,PMT,14.75
GFI,Q,2026-07-16,TD3,2027-04-01,PMT,23.65
GFI,Q,2026-07-16,TD20,2027-04-01,PMT,18.75
GFI,Q,2026-07-16,TD7,2027-04-01,PMT,13.0
GFI,Q,2026-07-16,TD8,2027-04-01,PMT,20.5
GFI,Q,2026-07-16,TD25,2027-04-01,PMT,35.5
GFI,Q,2026-07-16,TD22,2027-04-01,LSM,10.0
GFI,Q,2026-07-16,TD19,2027-04-01,PMT,13.25
GFI,Q,2026-07-16,TD3,2027-07-01,PMT,17.3
GFI,Q,2026-07-16,TD20,2027-07-01,PMT,16.5
GFI,Q,2026-07-16,TD7,2027-07-01,PMT,12.3
GFI,Q,2026-07-16,TD8,2027-07-01,PMT,19.1
GFI,Q,2026-07-16,TD25,2027-07-01,PMT,32.0
GFI,Q,2026-07-16,TD22,2027-07-01,LSM,9.0
GFI,Q,2026-07-16,TD19,2027-07-01,PMT,13.0
GFI,Q,2026-07-16,TD3,2027-10-01,PMT,19.3
GFI,Q,2026-07-16,TD20,2027-10-01,PMT,20.5
GFI,Q,2026-07-16,TD7,2027-10-01,PMT,13.0
GFI,Q,2026-07-16,TD8,2027-10-01,PMT,21.2
GFI,Q,2026-07-16,TD25,2027-10-01,PMT,37.55
GFI,Q,2026-07-16,TD22,2027-10-01,LSM,10.0
GFI,Q,2026-07-16,TD19,2027-10-01,PMT,15.0
GFI,Q,2026-07-16,TD3,2028-01-01,PMT,18.0
GFI,Q,2026-07-16,TD20,2028-01-01,PMT,18.7
GFI,Q,2026-07-16,TD7,2028-01-01,PMT,14.7
GFI,Q,2026-07-16,TD8,2028-01-01,PMT,22.25
GFI,Q,2026-07-16,TD25,2028-01-01,PMT,33.75
GFI,Q,2026-07-16,TD22,2028-01-01,LSM,9.35
GFI,Q,2026-07-16,TD19,2028-01-01,PMT,15.55
GFI,A,2026-07-16,TD3,2027-01-01,PMT,23.0
GFI,A,2026-07-16,TD20,2027-01-01,PMT,20.375
GFI,A,2026-07-16,TD7,2027-01-01,PMT,13.075
GFI,A,2026-07-16,TD8,2027-01-01,PMT,20.825
GFI,A,2026-07-16,TD25,2027-01-01,PMT,36.6625
GFI,A,2026-07-16,TD22,2027-01-01,LSM,10.25
GFI,A,2026-07-16,TD19,2027-01-01,PMT,14.0
GFI,A,2026-07-16,TD3,2028-01-01,PMT,16.0
GFI,A,2026-07-16,TD20,2028-01-01,PMT,16.7
GFI,A,2026-07-16,TD7,2028-01-01,PMT,12.7
GFI,A,2026-07-16,TD8,2028-01-01,PMT,20.25
GFI,A,2026-07-16,TD25,2028-01-01,PMT,31.75
GFI,A,2026-07-16,TD22,2028-01-01,LSM,7.35
GFI,A,2026-07-16,TD19,2028-01-01,PMT,13.55
GFI,A,2026-07-16,TD3,2029-01-01,PMT,14.8
GFI,A,2026-07-16,TD20,2029-01-01,PMT,15.7
GFI,A,2026-07-16,TD7,2029-01-01,PMT,12.6
GFI,A,2026-07-16,TD8,2029-01-01,PMT,19.7
GFI,A,2026-07-16,TD25,2029-01-01,PMT,30.55
GFI,A,2026-07-16,TD22,2029-01-01,LSM,7.15
GFI,A,2026-07-16,TD19,2029-01-01,PMT,13.25
GFI,BITR,2026-07-17,TD3,2026-07-01,WSC,376.11
GFI,BITR,2026-07-17,TD20,2026-07-01,WSC,231.94
GFI,BITR,2026-07-17,TD7,2026-07-01,WSC,230.0
GFI,BITR,2026-07-17,TD8,2026-07-01,WSC,304.17
GFI,BITR,2026-07-17,TD25,2026-07-01,WSC,271.11
GFI,BITR,2026-07-17,TD22,2026-07-01,LSM,16.983333
GFI,BITR,2026-07-17,TD19,2026-07-01,WSC,391.67
GFI,M,2026-07-17,TD3,2026-07-01,WSC,374.0
GFI,M,2026-07-17,TD20,2026-07-01,WSC,231.5
GFI,M,2026-07-17,TD7,2026-07-01,WSC,185.0
GFI,M,2026-07-17,TD8,2026-07-01,WSC,295.0
GFI,M,2026-07-17,TD25,2026-07-01,WSC,251.82
GFI,M,2026-07-17,TD22,2026-07-01,LSM,17.3
GFI,M,2026-07-17,TD19,2026-07-01,WSC,290.0
GFI,M,2026-07-17,TD3,2026-08-01,WSC,320.0
GFI,M,2026-07-17,TD20,2026-08-01,WSC,206.0
GFI,M,2026-07-17,TD7,2026-08-01,WSC,180.0
GFI,M,2026-07-17,TD8,2026-08-01,WSC,250.0
GFI,M,2026-07-17,TD25,2026-08-01,WSC,310.0
GFI,M,2026-07-17,TD22,2026-08-01,LSM,16.0
GFI,M,2026-07-17,TD19,2026-08-01,WSC,240.0
GFI,M,2026-07-17,TD3,2026-09-01,WSC,292.0
GFI,M,2026-07-17,TD20,2026-09-01,WSC,179.0
GFI,M,2026-07-17,TD7,2026-09-01,WSC,167.5
GFI,M,2026-07-17,TD8,2026-09-01,WSC,210.0
GFI,M,2026-07-17,TD25,2026-09-01,WSC,260.0
GFI,M,2026-07-17,TD22,2026-09-01,LSM,14.35
GFI,M,2026-07-17,TD19,2026-09-01,WSC,190.0
GFI,M,2026-07-17,TD3,2026-10-01,WSC,263.0
GFI,M,2026-07-17,TD20,2026-10-01,WSC,171.0
GFI,M,2026-07-17,TD7,2026-10-01,WSC,155.0
GFI,M,2026-07-17,TD8,2026-10-01,WSC,190.0
GFI,M,2026-07-17,TD25,2026-10-01,WSC,244.0
GFI,M,2026-07-17,TD22,2026-10-01,LSM,13.6
GFI,M,2026-07-17,TD19,2026-10-01,WSC,165.0
GFI,M,2026-07-17,TD3,2026-11-01,WSC,253.0
GFI,M,2026-07-17,TD20,2026-11-01,WSC,173.0
GFI,M,2026-07-17,TD7,2026-11-01,WSC,170.0
GFI,M,2026-07-17,TD8,2026-11-01,WSC,200.0
GFI,M,2026-07-17,TD25,2026-11-01,WSC,233.0
GFI,M,2026-07-17,TD22,2026-11-01,LSM,14.1
GFI,M,2026-07-17,TD19,2026-11-01,WSC,153.0
GFI,M,2026-07-17,TD3,2026-12-01,WSC,240.0
GFI,M,2026-07-17,TD20,2026-12-01,WSC,178.0
GFI,M,2026-07-17,TD7,2026-12-01,WSC,185.0
GFI,M,2026-07-17,TD8,2026-12-01,WSC,205.0
GFI,M,2026-07-17,TD25,2026-12-01,WSC,228.0
GFI,M,2026-07-17,TD22,2026-12-01,LSM,14.6
GFI,M,2026-07-17,TD19,2026-12-01,WSC,150.0
GFI,M,2026-07-17,TD3,2027-01-01,PMT,34.75
GFI,M,2026-07-17,TD20,2027-01-01,PMT,28.0
GFI,M,2026-07-17,TD7,2027-01-01,PMT,14.5
GFI,M,2026-07-17,TD8,2027-01-01,PMT,23.5
GFI,M,2026-07-17,TD25,2027-01-01,PMT,41.7
GFI,M,2026-07-17,TD22,2027-01-01,LSM,12.0
GFI,M,2026-07-17,TD19,2027-01-01,PMT,15.75
GFI,M,2026-07-17,TD3,2027-02-01,PMT,31.75
GFI,M,2026-07-17,TD20,2027-02-01,PMT,25.0
GFI,M,2026-07-17,TD7,2027-02-01,PMT,14.0
GFI,M,2026-07-17,TD8,2027-02-01,PMT,22.5
GFI,M,2026-07-17,TD25,2027-02-01,PMT,41.7
GFI,M,2026-07-17,TD22,2027-02-01,LSM,12.0
GFI,M,2026-07-17,TD19,2027-02-01,PMT,14.75
GFI,Q,2026-07-17,TD3,2026-07-01,WSC,328.666667
GFI,Q,2026-07-17,TD20,2026-07-01,WSC,205.5
GFI,Q,2026-07-17,TD7,2026-07-01,WSC,177.5
GFI,Q,2026-07-17,TD8,2026-07-01,WSC,251.666667
GFI,Q,2026-07-17,TD25,2026-07-01,WSC,273.94
GFI,Q,2026-07-17,TD22,2026-07-01,LSM,15.883333
GFI,Q,2026-07-17,TD19,2026-07-01,WSC,240.0
GFI,Q,2026-07-17,TD3,2026-10-01,WSC,252.0
GFI,Q,2026-07-17,TD20,2026-10-01,WSC,174.0
GFI,Q,2026-07-17,TD7,2026-10-01,WSC,170.0
GFI,Q,2026-07-17,TD8,2026-10-01,WSC,198.333333
GFI,Q,2026-07-17,TD25,2026-10-01,WSC,235.0
GFI,Q,2026-07-17,TD22,2026-10-01,LSM,14.1
GFI,Q,2026-07-17,TD19,2026-10-01,WSC,156.0
GFI,Q,2026-07-17,TD3,2027-01-01,PMT,31.75
GFI,Q,2026-07-17,TD20,2027-01-01,PMT,25.0
GFI,Q,2026-07-17,TD7,2027-01-01,PMT,14.0
GFI,Q,2026-07-17,TD8,2027-01-01,PMT,22.5
GFI,Q,2026-07-17,TD25,2027-01-01,PMT,41.7
GFI,Q,2026-07-17,TD22,2027-01-01,LSM,12.0
GFI,Q,2026-07-17,TD19,2027-01-01,PMT,14.75
GFI,Q,2026-07-17,TD3,2027-04-01,PMT,23.65
GFI,Q,2026-07-17,TD20,2027-04-01,PMT,18.75
GFI,Q,2026-07-17,TD7,2027-04-01,PMT,13.0
GFI,Q,2026-07-17,TD8,2027-04-01,PMT,20.5
GFI,Q,2026-07-17,TD25,2027-04-01,PMT,35.3
GFI,Q,2026-07-17,TD22,2027-04-01,LSM,10.0
GFI,Q,2026-07-17,TD19,2027-04-01,PMT,13.25
GFI,Q,2026-07-17,TD3,2027-07-01,PMT,17.3
GFI,Q,2026-07-17,TD20,2027-07-01,PMT,16.5
GFI,Q,2026-07-17,TD7,2027-07-01,PMT,12.3
GFI,Q,2026-07-17,TD8,2027-07-01,PMT,19.1
GFI,Q,2026-07-17,TD25,2027-07-01,PMT,32.5
GFI,Q,2026-07-17,TD22,2027-07-01,LSM,9.0
GFI,Q,2026-07-17,TD19,2027-07-01,PMT,13.0
GFI,Q,2026-07-17,TD3,2027-10-01,PMT,19.3
GFI,Q,2026-07-17,TD20,2027-10-01,PMT,20.5
GFI,Q,2026-07-17,TD7,2027-10-01,PMT,13.0
GFI,Q,2026-07-17,TD8,2027-10-01,PMT,21.2
GFI,Q,2026-07-17,TD25,2027-10-01,PMT,38.5
GFI,Q,2026-07-17,TD22,2027-10-01,LSM,10.0
GFI,Q,2026-07-17,TD19,2027-10-01,PMT,15.0
GFI,Q,2026-07-17,TD3,2028-01-01,PMT,18.0
GFI,Q,2026-07-17,TD20,2028-01-01,PMT,18.6
GFI,Q,2026-07-17,TD7,2028-01-01,PMT,14.7
GFI,Q,2026-07-17,TD8,2028-01-01,PMT,22.25
GFI,Q,2026-07-17,TD25,2028-01-01,PMT,34.5
GFI,Q,2026-07-17,TD22,2028-01-01,LSM,9.35
GFI,Q,2026-07-17,TD19,2028-01-01,PMT,15.55
GFI,A,2026-07-17,TD3,2027-01-01,PMT,23.0
GFI,A,2026-07-17,TD20,2027-01-01,PMT,20.1875
GFI,A,2026-07-17,TD7,2027-01-01,PMT,13.075
GFI,A,2026-07-17,TD8,2027-01-01,PMT,20.825
GFI,A,2026-07-17,TD25,2027-01-01,PMT,37.0
GFI,A,2026-07-17,TD22,2027-01-01,LSM,10.25
GFI,A,2026-07-17,TD19,2027-01-01,PMT,14.0
GFI,A,2026-07-17,TD3,2028-01-01,PMT,16.0
GFI,A,2026-07-17,TD20,2028-01-01,PMT,16.6
GFI,A,2026-07-17,TD7,2028-01-01,PMT,12.7
GFI,A,2026-07-17,TD8,2028-01-01,PMT,20.25
GFI,A,2026-07-17,TD25,2028-01-01,PMT,32.5
GFI,A,2026-07-17,TD22,2028-01-01,LSM,7.35
GFI,A,2026-07-17,TD19,2028-01-01,PMT,13.55
GFI,A,2026-07-17,TD3,2029-01-01,PMT,14.8
GFI,A,2026-07-17,TD20,2029-01-01,PMT,15.6
GFI,A,2026-07-17,TD7,2029-01-01,PMT,12.6
GFI,A,2026-07-17,TD8,2029-01-01,PMT,19.7
GFI,A,2026-07-17,TD25,2029-01-01,PMT,31.3
GFI,A,2026-07-17,TD22,2029-01-01,LSM,7.15
GFI,A,2026-07-17,TD19,2029-01-01,PMT,13.25
GFI,BITR,2026-07-20,TD3,2026-07-01,WSC,380.0
GFI,BITR,2026-07-20,TD20,2026-07-01,WSC,230.0
GFI,BITR,2026-07-20,TD7,2026-07-01,WSC,231.67
GFI,BITR,2026-07-20,TD8,2026-07-01,WSC,305.0
GFI,BITR,2026-07-20,TD25,2026-07-01,WSC,286.67
GFI,BITR,2026-07-20,TD22,2026-07-01,LSM,16.647778
GFI,BITR,2026-07-20,TD19,2026-07-01,WSC,381.11
GFI,M,2026-07-20,TD3,2026-07-01,WSC,365.0
GFI,M,2026-07-20,TD20,2026-07-01,WSC,236.0
GFI,M,2026-07-20,TD7,2026-07-01,WSC,185.0
GFI,M,2026-07-20,TD8,2026-07-01,WSC,295.0
GFI,M,2026-07-20,TD25,2026-07-01,WSC,271.36
GFI,M,2026-07-20,TD22,2026-07-01,LSM,17.3
GFI,M,2026-07-20,TD19,2026-07-01,WSC,290.0
GFI,M,2026-07-20,TD3,2026-08-01,WSC,328.0
GFI,M,2026-07-20,TD20,2026-08-01,WSC,212.5
GFI,M,2026-07-20,TD7,2026-08-01,WSC,180.0
GFI,M,2026-07-20,TD8,2026-08-01,WSC,250.0
GFI,M,2026-07-20,TD25,2026-08-01,WSC,340.0
GFI,M,2026-07-20,TD22,2026-08-01,LSM,16.0
GFI,M,2026-07-20,TD19,2026-08-01,WSC,240.0
GFI,M,2026-07-20,TD3,2026-09-01,WSC,291.0
GFI,M,2026-07-20,TD20,2026-09-01,WSC,183.0
GFI,M,2026-07-20,TD7,2026-09-01,WSC,167.5
GFI,M,2026-07-20,TD8,2026-09-01,WSC,210.0
GFI,M,2026-07-20,TD25,2026-09-01,WSC,274.5
GFI,M,2026-07-20,TD22,2026-09-01,LSM,14.35
GFI,M,2026-07-20,TD19,2026-09-01,WSC,190.0
GFI,M,2026-07-20,TD3,2026-10-01,WSC,270.0
GFI,M,2026-07-20,TD20,2026-10-01,WSC,173.0
GFI,M,2026-07-20,TD7,2026-10-01,WSC,155.0
GFI,M,2026-07-20,TD8,2026-10-01,WSC,190.0
GFI,M,2026-07-20,TD25,2026-10-01,WSC,251.0
GFI,M,2026-07-20,TD22,2026-10-01,LSM,13.6
GFI,M,2026-07-20,TD19,2026-10-01,WSC,165.0
GFI,M,2026-07-20,TD3,2026-11-01,WSC,260.0
GFI,M,2026-07-20,TD20,2026-11-01,WSC,175.0
GFI,M,2026-07-20,TD7,2026-11-01,WSC,170.0
GFI,M,2026-07-20,TD8,2026-11-01,WSC,200.0
GFI,M,2026-07-20,TD25,2026-11-01,WSC,240.0
GFI,M,2026-07-20,TD22,2026-11-01,LSM,14.1
GFI,M,2026-07-20,TD19,2026-11-01,WSC,153.0
GFI,M,2026-07-20,TD3,2026-12-01,WSC,244.0
GFI,M,2026-07-20,TD20,2026-12-01,WSC,180.0
GFI,M,2026-07-20,TD7,2026-12-01,WSC,185.0
GFI,M,2026-07-20,TD8,2026-12-01,WSC,205.0
GFI,M,2026-07-20,TD25,2026-12-01,WSC,235.0
GFI,M,2026-07-20,TD22,2026-12-01,LSM,14.6
GFI,M,2026-07-20,TD19,2026-12-01,WSC,150.0
GFI,M,2026-07-20,TD3,2027-01-01,PMT,34.75
GFI,M,2026-07-20,TD20,2027-01-01,PMT,28.0
GFI,M,2026-07-20,TD7,2027-01-01,PMT,14.5
GFI,M,2026-07-20,TD8,2027-01-01,PMT,23.5
GFI,M,2026-07-20,TD25,2027-01-01,PMT,41.7
GFI,M,2026-07-20,TD22,2027-01-01,LSM,12.0
GFI,M,2026-07-20,TD19,2027-01-01,PMT,15.75
GFI,M,2026-07-20,TD3,2027-02-01,PMT,31.75
GFI,M,2026-07-20,TD20,2027-02-01,PMT,25.0
GFI,M,2026-07-20,TD7,2027-02-01,PMT,14.0
GFI,M,2026-07-20,TD8,2027-02-01,PMT,22.5
GFI,M,2026-07-20,TD25,2027-02-01,PMT,41.7
GFI,M,2026-07-20,TD22,2027-02-01,LSM,12.0
GFI,M,2026-07-20,TD19,2027-02-01,PMT,14.75
GFI,Q,2026-07-20,TD3,2026-07-01,WSC,328.0
GFI,Q,2026-07-20,TD20,2026-07-01,WSC,210.5
GFI,Q,2026-07-20,TD7,2026-07-01,WSC,177.5
GFI,Q,2026-07-20,TD8,2026-07-01,WSC,251.666667
GFI,Q,2026-07-20,TD25,2026-07-01,WSC,295.286667
GFI,Q,2026-07-20,TD22,2026-07-01,LSM,15.883333
GFI,Q,2026-07-20,TD19,2026-07-01,WSC,240.0
GFI,Q,2026-07-20,TD3,2026-10-01,WSC,258.0
GFI,Q,2026-07-20,TD20,2026-10-01,WSC,176.0
GFI,Q,2026-07-20,TD7,2026-10-01,WSC,170.0
GFI,Q,2026-07-20,TD8,2026-10-01,WSC,198.333333
GFI,Q,2026-07-20,TD25,2026-10-01,WSC,242.0
GFI,Q,2026-07-20,TD22,2026-10-01,LSM,14.1
GFI,Q,2026-07-20,TD19,2026-10-01,WSC,156.0
GFI,Q,2026-07-20,TD3,2027-01-01,PMT,31.75
GFI,Q,2026-07-20,TD20,2027-01-01,PMT,25.0
GFI,Q,2026-07-20,TD7,2027-01-01,PMT,14.0
GFI,Q,2026-07-20,TD8,2027-01-01,PMT,22.5
GFI,Q,2026-07-20,TD25,2027-01-01,PMT,41.7
GFI,Q,2026-07-20,TD22,2027-01-01,LSM,12.0
GFI,Q,2026-07-20,TD19,2027-01-01,PMT,14.75
GFI,Q,2026-07-20,TD3,2027-04-01,PMT,23.65
GFI,Q,2026-07-20,TD20,2027-04-01,PMT,18.75
GFI,Q,2026-07-20,TD7,2027-04-01,PMT,13.0
GFI,Q,2026-07-20,TD8,2027-04-01,PMT,20.5
GFI,Q,2026-07-20,TD25,2027-04-01,PMT,35.3
GFI,Q,2026-07-20,TD22,2027-04-01,LSM,10.0
GFI,Q,2026-07-20,TD19,2027-04-01,PMT,13.25
GFI,Q,2026-07-20,TD3,2027-07-01,PMT,17.7
GFI,Q,2026-07-20,TD20,2027-07-01,PMT,16.5
GFI,Q,2026-07-20,TD7,2027-07-01,PMT,12.3
GFI,Q,2026-07-20,TD8,2027-07-01,PMT,19.1
GFI,Q,2026-07-20,TD25,2027-07-01,PMT,33.2
GFI,Q,2026-07-20,TD22,2027-07-01,LSM,9.0
GFI,Q,2026-07-20,TD19,2027-07-01,PMT,13.0
GFI,Q,2026-07-20,TD3,2027-10-01,PMT,19.7
GFI,Q,2026-07-20,TD20,2027-10-01,PMT,20.5
GFI,Q,2026-07-20,TD7,2027-10-01,PMT,13.0
GFI,Q,2026-07-20,TD8,2027-10-01,PMT,21.2
GFI,Q,2026-07-20,TD25,2027-10-01,PMT,39.5
GFI,Q,2026-07-20,TD22,2027-10-01,LSM,10.0
GFI,Q,2026-07-20,TD19,2027-10-01,PMT,15.0
GFI,Q,2026-07-20,TD3,2028-01-01,PMT,18.0
GFI,Q,2026-07-20,TD20,2028-01-01,PMT,18.6
GFI,Q,2026-07-20,TD7,2028-01-01,PMT,14.7
GFI,Q,2026-07-20,TD8,2028-01-01,PMT,22.25
GFI,Q,2026-07-20,TD25,2028-01-01,PMT,34.5
GFI,Q,2026-07-20,TD22,2028-01-01,LSM,9.35
GFI,Q,2026-07-20,TD19,2028-01-01,PMT,15.55
GFI,A,2026-07-20,TD3,2027-01-01,PMT,23.2
GFI,A,2026-07-20,TD20,2027-01-01,PMT,20.1875
GFI,A,2026-07-20,TD7,2027-01-01,PMT,13.075
GFI,A,2026-07-20,TD8,2027-01-01,PMT,20.825
GFI,A,2026-07-20,TD25,2027-01-01,PMT,37.425
GFI,A,2026-07-20,TD22,2027-01-01,LSM,10.25
GFI,A,2026-07-20,TD19,2027-01-01,PMT,14.0
GFI,A,2026-07-20,TD3,2028-01-01,PMT,16.0
GFI,A,2026-07-20,TD20,2028-01-01,PMT,16.6
GFI,A,2026-07-20,TD7,2028-01-01,PMT,12.7
GFI,A,2026-07-20,TD8,2028-01-01,PMT,20.25
GFI,A,2026-07-20,TD25,2028-01-01,PMT,32.5
GFI,A,2026-07-20,TD22,2028-01-01,LSM,7.35
GFI,A,2026-07-20,TD19,2028-01-01,PMT,13.55
GFI,A,2026-07-20,TD3,2029-01-01,PMT,14.75
GFI,A,2026-07-20,TD20,2029-01-01,PMT,15.6
GFI,A,2026-07-20,TD7,2029-01-01,PMT,12.6
GFI,A,2026-07-20,TD8,2029-01-01,PMT,19.7
GFI,A,2026-07-20,TD25,2029-01-01,PMT,31.3
GFI,A,2026-07-20,TD22,2029-01-01,LSM,7.15
GFI,A,2026-07-20,TD19,2029-01-01,PMT,13.25
GFI,BITR,2026-07-21,TD3,2026-07-01,WSC,386.11
GFI,BITR,2026-07-21,TD20,2026-07-01,WSC,226.11
GFI,BITR,2026-07-21,TD7,2026-07-01,WSC,226.67
GFI,BITR,2026-07-21,TD8,2026-07-01,WSC,305.83
GFI,BITR,2026-07-21,TD25,2026-07-01,WSC,368.89
GFI,BITR,2026-07-21,TD22,2026-07-01,LSM,16.070556
GFI,BITR,2026-07-21,TD19,2026-07-01,WSC,375.83
GFI,M,2026-07-21,TD3,2026-07-01,WSC,375.0
GFI,M,2026-07-21,TD20,2026-07-01,WSC,234.0
GFI,M,2026-07-21,TD7,2026-07-01,WSC,185.0
GFI,M,2026-07-21,TD8,2026-07-01,WSC,295.0
GFI,M,2026-07-21,TD25,2026-07-01,WSC,269.43
GFI,M,2026-07-21,TD22,2026-07-01,LSM,17.3
GFI,M,2026-07-21,TD19,2026-07-01,WSC,290.0
GFI,M,2026-07-21,TD3,2026-08-01,WSC,357.5
GFI,M,2026-07-21,TD20,2026-08-01,WSC,225.5
GFI,M,2026-07-21,TD7,2026-08-01,WSC,180.0
GFI,M,2026-07-21,TD8,2026-08-01,WSC,250.0
GFI,M,2026-07-21,TD25,2026-08-01,WSC,367.5
GFI,M,2026-07-21,TD22,2026-08-01,LSM,16.0
GFI,M,2026-07-21,TD19,2026-08-01,WSC,240.0
GFI,M,2026-07-21,TD3,2026-09-01,WSC,320.0
GFI,M,2026-07-21,TD20,2026-09-01,WSC,206.0
GFI,M,2026-07-21,TD7,2026-09-01,WSC,167.5
GFI,M,2026-07-21,TD8,2026-09-01,WSC,210.0
GFI,M,2026-07-21,TD25,2026-09-01,WSC,285.0
GFI,M,2026-07-21,TD22,2026-09-01,LSM,14.35
GFI,M,2026-07-21,TD19,2026-09-01,WSC,190.0
GFI,M,2026-07-21,TD3,2026-10-01,WSC,294.0
GFI,M,2026-07-21,TD20,2026-10-01,WSC,185.0
GFI,M,2026-07-21,TD7,2026-10-01,WSC,155.0
GFI,M,2026-07-21,TD8,2026-10-01,WSC,190.0
GFI,M,2026-07-21,TD25,2026-10-01,WSC,256.0
GFI,M,2026-07-21,TD22,2026-10-01,LSM,14.0
GFI,M,2026-07-21,TD19,2026-10-01,WSC,165.0
GFI,M,2026-07-21,TD3,2026-11-01,WSC,273.0
GFI,M,2026-07-21,TD20,2026-11-01,WSC,190.0
GFI,M,2026-07-21,TD7,2026-11-01,WSC,170.0
GFI,M,2026-07-21,TD8,2026-11-01,WSC,200.0
GFI,M,2026-07-21,TD25,2026-11-01,WSC,244.0
GFI,M,2026-07-21,TD22,2026-11-01,LSM,14.5
GFI,M,2026-07-21,TD19,2026-11-01,WSC,153.0
GFI,M,2026-07-21,TD3,2026-12-01,WSC,258.0
GFI,M,2026-07-21,TD20,2026-12-01,WSC,195.0
GFI,M,2026-07-21,TD7,2026-12-01,WSC,185.0
GFI,M,2026-07-21,TD8,2026-12-01,WSC,205.0
GFI,M,2026-07-21,TD25,2026-12-01,WSC,238.0
GFI,M,2026-07-21,TD22,2026-12-01,LSM,15.0
GFI,M,2026-07-21,TD19,2026-12-01,WSC,150.0
GFI,M,2026-07-21,TD3,2027-01-01,PMT,37.5
GFI,M,2026-07-21,TD20,2027-01-01,PMT,29.1
GFI,M,2026-07-21,TD7,2027-01-01,PMT,14.5
GFI,M,2026-07-21,TD8,2027-01-01,PMT,23.5
GFI,M,2026-07-21,TD25,2027-01-01,PMT,42.0
GFI,M,2026-07-21,TD22,2027-01-01,LSM,12.0
GFI,M,2026-07-21,TD19,2027-01-01,PMT,15.75
GFI,M,2026-07-21,TD3,2027-02-01,PMT,34.5
GFI,M,2026-07-21,TD20,2027-02-01,PMT,26.1
GFI,M,2026-07-21,TD7,2027-02-01,PMT,14.0
GFI,M,2026-07-21,TD8,2027-02-01,PMT,22.5
GFI,M,2026-07-21,TD25,2027-02-01,PMT,42.0
GFI,M,2026-07-21,TD22,2027-02-01,LSM,12.0
GFI,M,2026-07-21,TD19,2027-02-01,PMT,14.75
GFI,Q,2026-07-21,TD3,2026-07-01,WSC,350.833333
GFI,Q,2026-07-21,TD20,2026-07-01,WSC,221.833333
GFI,Q,2026-07-21,TD7,2026-07-01,WSC,177.5
GFI,Q,2026-07-21,TD8,2026-07-01,WSC,251.666667
GFI,Q,2026-07-21,TD25,2026-07-01,WSC,307.31
GFI,Q,2026-07-21,TD22,2026-07-01,LSM,15.883333
GFI,Q,2026-07-21,TD19,2026-07-01,WSC,240.0
GFI,Q,2026-07-21,TD3,2026-10-01,WSC,275.0
GFI,Q,2026-07-21,TD20,2026-10-01,WSC,190.0
GFI,Q,2026-07-21,TD7,2026-10-01,WSC,170.0
GFI,Q,2026-07-21,TD8,2026-10-01,WSC,198.333333
GFI,Q,2026-07-21,TD25,2026-10-01,WSC,246.0
GFI,Q,2026-07-21,TD22,2026-10-01,LSM,14.5
GFI,Q,2026-07-21,TD19,2026-10-01,WSC,156.0
GFI,Q,2026-07-21,TD3,2027-01-01,PMT,34.5
GFI,Q,2026-07-21,TD20,2027-01-01,PMT,26.1
GFI,Q,2026-07-21,TD7,2027-01-01,PMT,14.0
GFI,Q,2026-07-21,TD8,2027-01-01,PMT,22.5
GFI,Q,2026-07-21,TD25,2027-01-01,PMT,42.0
GFI,Q,2026-07-21,TD22,2027-01-01,LSM,12.0
GFI,Q,2026-07-21,TD19,2027-01-01,PMT,14.75
GFI,Q,2026-07-21,TD3,2027-04-01,PMT,25.5
GFI,Q,2026-07-21,TD20,2027-04-01,PMT,19.9
GFI,Q,2026-07-21,TD7,2027-04-01,PMT,13.0
GFI,Q,2026-07-21,TD8,2027-04-01,PMT,20.5
GFI,Q,2026-07-21,TD25,2027-04-01,PMT,36.6
GFI,Q,2026-07-21,TD22,2027-04-01,LSM,10.0
GFI,Q,2026-07-21,TD19,2027-04-01,PMT,13.25
GFI,Q,2026-07-21,TD3,2027-07-01,PMT,18.0
GFI,Q,2026-07-21,TD20,2027-07-01,PMT,17.0
GFI,Q,2026-07-21,TD7,2027-07-01,PMT,12.3
GFI,Q,2026-07-21,TD8,2027-07-01,PMT,19.1
GFI,Q,2026-07-21,TD25,2027-07-01,PMT,33.5
GFI,Q,2026-07-21,TD22,2027-07-01,LSM,9.0
GFI,Q,2026-07-21,TD19,2027-07-01,PMT,13.0
GFI,Q,2026-07-21,TD3,2027-10-01,PMT,20.0
GFI,Q,2026-07-21,TD20,2027-10-01,PMT,21.0
GFI,Q,2026-07-21,TD7,2027-10-01,PMT,13.0
GFI,Q,2026-07-21,TD8,2027-10-01,PMT,21.2
GFI,Q,2026-07-21,TD25,2027-10-01,PMT,40.5
GFI,Q,2026-07-21,TD22,2027-10-01,LSM,10.0
GFI,Q,2026-07-21,TD19,2027-10-01,PMT,15.0
GFI,Q,2026-07-21,TD3,2028-01-01,PMT,18.25
GFI,Q,2026-07-21,TD20,2028-01-01,PMT,18.75
GFI,Q,2026-07-21,TD7,2028-01-01,PMT,14.7
GFI,Q,2026-07-21,TD8,2028-01-01,PMT,22.25
GFI,Q,2026-07-21,TD25,2028-01-01,PMT,35.0
GFI,Q,2026-07-21,TD22,2028-01-01,LSM,9.35
GFI,Q,2026-07-21,TD19,2028-01-01,PMT,15.55
GFI,A,2026-07-21,TD3,2027-01-01,PMT,24.5
GFI,A,2026-07-21,TD20,2027-01-01,PMT,21.0
GFI,A,2026-07-21,TD7,2027-01-01,PMT,13.075
GFI,A,2026-07-21,TD8,2027-01-01,PMT,20.825
GFI,A,2026-07-21,TD25,2027-01-01,PMT,38.15
GFI,A,2026-07-21,TD22,2027-01-01,LSM,10.25
GFI,A,2026-07-21,TD19,2027-01-01,PMT,14.0
GFI,A,2026-07-21,TD3,2028-01-01,PMT,16.25
GFI,A,2026-07-21,TD20,2028-01-01,PMT,16.75
GFI,A,2026-07-21,TD7,2028-01-01,PMT,12.7
GFI,A,2026-07-21,TD8,2028-01-01,PMT,20.25
GFI,A,2026-07-21,TD25,2028-01-01,PMT,33.0
GFI,A,2026-07-21,TD22,2028-01-01,LSM,7.35
GFI,A,2026-07-21,TD19,2028-01-01,PMT,13.55
GFI,A,2026-07-21,TD3,2029-01-01,PMT,14.75
GFI,A,2026-07-21,TD20,2029-01-01,PMT,15.75
GFI,A,2026-07-21,TD7,2029-01-01,PMT,12.6
GFI,A,2026-07-21,TD8,2029-01-01,PMT,19.7
GFI,A,2026-07-21,TD25,2029-01-01,PMT,31.8
GFI,A,2026-07-21,TD22,2029-01-01,LSM,7.15
GFI,A,2026-07-21,TD19,2029-01-01,PMT,13.25
GFI,BITR,2026-07-22,TD3,2026-07-01,WSC,386.78
GFI,BITR,2026-07-22,TD20,2026-07-01,WSC,225.0
GFI,BITR,2026-07-22,TD7,2026-07-01,WSC,229.17
GFI,BITR,2026-07-22,TD8,2026-07-01,WSC,305.83
GFI,BITR,2026-07-22,TD25,2026-07-01,WSC,421.11
GFI,BITR,2026-07-22,TD22,2026-07-01,LSM,15.922222
GFI,BITR,2026-07-22,TD19,2026-07-01,WSC,375.56
GFI,M,2026-07-22,TD3,2026-07-01,WSC,369.0
GFI,M,2026-07-22,TD20,2026-07-01,WSC,234.6
GFI,M,2026-07-22,TD7,2026-07-01,WSC,185.0
GFI,M,2026-07-22,TD8,2026-07-01,WSC,295.0
GFI,M,2026-07-22,TD25,2026-07-01,WSC,286.0
GFI,M,2026-07-22,TD22,2026-07-01,LSM,17.3
GFI,M,2026-07-22,TD19,2026-07-01,WSC,290.0
GFI,M,2026-07-22,TD3,2026-08-01,WSC,352.5
GFI,M,2026-07-22,TD20,2026-08-01,WSC,237.0
GFI,M,2026-07-22,TD7,2026-08-01,WSC,200.0
GFI,M,2026-07-22,TD8,2026-08-01,WSC,250.0
GFI,M,2026-07-22,TD25,2026-08-01,WSC,380.0
GFI,M,2026-07-22,TD22,2026-08-01,LSM,16.0
GFI,M,2026-07-22,TD19,2026-08-01,WSC,240.0
GFI,M,2026-07-22,TD3,2026-09-01,WSC,310.0
GFI,M,2026-07-22,TD20,2026-09-01,WSC,209.0
GFI,M,2026-07-22,TD7,2026-09-01,WSC,167.5
GFI,M,2026-07-22,TD8,2026-09-01,WSC,210.0
GFI,M,2026-07-22,TD25,2026-09-01,WSC,290.0
GFI,M,2026-07-22,TD22,2026-09-01,LSM,14.35
GFI,M,2026-07-22,TD19,2026-09-01,WSC,190.0
GFI,M,2026-07-22,TD3,2026-10-01,WSC,290.0
GFI,M,2026-07-22,TD20,2026-10-01,WSC,185.0
GFI,M,2026-07-22,TD7,2026-10-01,WSC,155.0
GFI,M,2026-07-22,TD8,2026-10-01,WSC,190.0
GFI,M,2026-07-22,TD25,2026-10-01,WSC,260.0
GFI,M,2026-07-22,TD22,2026-10-01,LSM,14.0
GFI,M,2026-07-22,TD19,2026-10-01,WSC,165.0
GFI,M,2026-07-22,TD3,2026-11-01,WSC,270.0
GFI,M,2026-07-22,TD20,2026-11-01,WSC,190.0
GFI,M,2026-07-22,TD7,2026-11-01,WSC,170.0
GFI,M,2026-07-22,TD8,2026-11-01,WSC,200.0
GFI,M,2026-07-22,TD25,2026-11-01,WSC,257.5
GFI,M,2026-07-22,TD22,2026-11-01,LSM,14.5
GFI,M,2026-07-22,TD19,2026-11-01,WSC,153.0
GFI,M,2026-07-22,TD3,2026-12-01,WSC,250.0
GFI,M,2026-07-22,TD20,2026-12-01,WSC,195.0
GFI,M,2026-07-22,TD7,2026-12-01,WSC,185.0
GFI,M,2026-07-22,TD8,2026-12-01,WSC,205.0
GFI,M,2026-07-22,TD25,2026-12-01,WSC,255.0
GFI,M,2026-07-22,TD22,2026-12-01,LSM,15.0
GFI,M,2026-07-22,TD19,2026-12-01,WSC,150.0
GFI,M,2026-07-22,TD3,2027-01-01,PMT,37.0
GFI,M,2026-07-22,TD20,2027-01-01,PMT,29.0
GFI,M,2026-07-22,TD7,2027-01-01,PMT,14.5
GFI,M,2026-07-22,TD8,2027-01-01,PMT,23.5
GFI,M,2026-07-22,TD25,2027-01-01,PMT,44.0
GFI,M,2026-07-22,TD22,2027-01-01,LSM,12.0
GFI,M,2026-07-22,TD19,2027-01-01,PMT,15.75
GFI,M,2026-07-22,TD3,2027-02-01,PMT,34.0
GFI,M,2026-07-22,TD20,2027-02-01,PMT,26.0
GFI,M,2026-07-22,TD7,2027-02-01,PMT,14.0
GFI,M,2026-07-22,TD8,2027-02-01,PMT,22.5
GFI,M,2026-07-22,TD25,2027-02-01,PMT,44.0
GFI,M,2026-07-22,TD22,2027-02-01,LSM,12.0
GFI,M,2026-07-22,TD19,2027-02-01,PMT,14.75
GFI,Q,2026-07-22,TD3,2026-07-01,WSC,343.833333
GFI,Q,2026-07-22,TD20,2026-07-01,WSC,226.866667
GFI,Q,2026-07-22,TD7,2026-07-01,WSC,184.166667
GFI,Q,2026-07-22,TD8,2026-07-01,WSC,251.666667
GFI,Q,2026-07-22,TD25,2026-07-01,WSC,318.666667
GFI,Q,2026-07-22,TD22,2026-07-01,LSM,15.883333
GFI,Q,2026-07-22,TD19,2026-07-01,WSC,240.0
GFI,Q,2026-07-22,TD3,2026-10-01,WSC,270.0
GFI,Q,2026-07-22,TD20,2026-10-01,WSC,190.0
GFI,Q,2026-07-22,TD7,2026-10-01,WSC,170.0
GFI,Q,2026-07-22,TD8,2026-10-01,WSC,198.333333
GFI,Q,2026-07-22,TD25,2026-10-01,WSC,257.5
GFI,Q,2026-07-22,TD22,2026-10-01,LSM,14.5
GFI,Q,2026-07-22,TD19,2026-10-01,WSC,156.0
GFI,Q,2026-07-22,TD3,2027-01-01,PMT,34.0
GFI,Q,2026-07-22,TD20,2027-01-01,PMT,26.0
GFI,Q,2026-07-22,TD7,2027-01-01,PMT,14.0
GFI,Q,2026-07-22,TD8,2027-01-01,PMT,22.5
GFI,Q,2026-07-22,TD25,2027-01-01,PMT,44.0
GFI,Q,2026-07-22,TD22,2027-01-01,LSM,12.0
GFI,Q,2026-07-22,TD19,2027-01-01,PMT,14.75
GFI,Q,2026-07-22,TD3,2027-04-01,PMT,25.5
GFI,Q,2026-07-22,TD20,2027-04-01,PMT,20.6
GFI,Q,2026-07-22,TD7,2027-04-01,PMT,13.0
GFI,Q,2026-07-22,TD8,2027-04-01,PMT,20.5
GFI,Q,2026-07-22,TD25,2027-04-01,PMT,38.0
GFI,Q,2026-07-22,TD22,2027-04-01,LSM,10.0
GFI,Q,2026-07-22,TD19,2027-04-01,PMT,13.25
GFI,Q,2026-07-22,TD3,2027-07-01,PMT,18.15
GFI,Q,2026-07-22,TD20,2027-07-01,PMT,17.6
GFI,Q,2026-07-22,TD7,2027-07-01,PMT,12.3
GFI,Q,2026-07-22,TD8,2027-07-01,PMT,19.1
GFI,Q,2026-07-22,TD25,2027-07-01,PMT,34.5
GFI,Q,2026-07-22,TD22,2027-07-01,LSM,9.0
GFI,Q,2026-07-22,TD19,2027-07-01,PMT,13.0
GFI,Q,2026-07-22,TD3,2027-10-01,PMT,20.15
GFI,Q,2026-07-22,TD20,2027-10-01,PMT,21.4
GFI,Q,2026-07-22,TD7,2027-10-01,PMT,13.0
GFI,Q,2026-07-22,TD8,2027-10-01,PMT,21.2
GFI,Q,2026-07-22,TD25,2027-10-01,PMT,41.5
GFI,Q,2026-07-22,TD22,2027-10-01,LSM,10.0
GFI,Q,2026-07-22,TD19,2027-10-01,PMT,15.0
GFI,Q,2026-07-22,TD3,2028-01-01,PMT,18.25
GFI,Q,2026-07-22,TD20,2028-01-01,PMT,18.9
GFI,Q,2026-07-22,TD7,2028-01-01,PMT,14.7
GFI,Q,2026-07-22,TD8,2028-01-01,PMT,22.25
GFI,Q,2026-07-22,TD25,2028-01-01,PMT,36.5
GFI,Q,2026-07-22,TD22,2028-01-01,LSM,9.35
GFI,Q,2026-07-22,TD19,2028-01-01,PMT,15.55
GFI,A,2026-07-22,TD3,2027-01-01,PMT,24.45
GFI,A,2026-07-22,TD20,2027-01-01,PMT,21.4
GFI,A,2026-07-22,TD7,2027-01-01,PMT,13.075
GFI,A,2026-07-22,TD8,2027-01-01,PMT,20.825
GFI,A,2026-07-22,TD25,2027-01-01,PMT,39.5
GFI,A,2026-07-22,TD22,2027-01-01,LSM,10.25
GFI,A,2026-07-22,TD19,2027-01-01,PMT,14.0
GFI,A,2026-07-22,TD3,2028-01-01,PMT,16.25
GFI,A,2026-07-22,TD20,2028-01-01,PMT,16.9
GFI,A,2026-07-22,TD7,2028-01-01,PMT,12.7
GFI,A,2026-07-22,TD8,2028-01-01,PMT,20.25
GFI,A,2026-07-22,TD25,2028-01-01,PMT,34.5
GFI,A,2026-07-22,TD22,2028-01-01,LSM,7.35
GFI,A,2026-07-22,TD19,2028-01-01,PMT,13.55
GFI,A,2026-07-22,TD3,2029-01-01,PMT,14.75
GFI,A,2026-07-22,TD20,2029-01-01,PMT,15.9
GFI,A,2026-07-22,TD7,2029-01-01,PMT,12.6
GFI,A,2026-07-22,TD8,2029-01-01,PMT,19.7
GFI,A,2026-07-22,TD25,2029-01-01,PMT,33.3
GFI,A,2026-07-22,TD22,2029-01-01,LSM,7.15
GFI,A,2026-07-22,TD19,2029-01-01,PMT,13.25
GFI,BITR,2026-07-23,TD3,2026-07-01,WSC,386.78
GFI,BITR,2026-07-23,TD20,2026-07-01,WSC,228.33
GFI,BITR,2026-07-23,TD7,2026-07-01,WSC,234.17
GFI,BITR,2026-07-23,TD8,2026-07-01,WSC,305.83
GFI,BITR,2026-07-23,TD25,2026-07-01,WSC,442.78
GFI,BITR,2026-07-23,TD22,2026-07-01,LSM,16.261111
GFI,BITR,2026-07-23,TD19,2026-07-01,WSC,395.33
GFI,M,2026-07-23,TD3,2026-07-01,WSC,374.0
GFI,M,2026-07-23,TD20,2026-07-01,WSC,237.0
GFI,M,2026-07-23,TD7,2026-07-01,WSC,187.5
GFI,M,2026-07-23,TD8,2026-07-01,WSC,299.0
GFI,M,2026-07-23,TD25,2026-07-01,WSC,313.1
GFI,M,2026-07-23,TD22,2026-07-01,LSM,17.1
GFI,M,2026-07-23,TD19,2026-07-01,WSC,300.0
GFI,M,2026-07-23,TD3,2026-08-01,WSC,360.0
GFI,M,2026-07-23,TD20,2026-08-01,WSC,252.5
GFI,M,2026-07-23,TD7,2026-08-01,WSC,200.0
GFI,M,2026-07-23,TD8,2026-08-01,WSC,250.0
GFI,M,2026-07-23,TD25,2026-08-01,WSC,410.0
GFI,M,2026-07-23,TD22,2026-08-01,LSM,16.0
GFI,M,2026-07-23,TD19,2026-08-01,WSC,240.0
GFI,M,2026-07-23,TD3,2026-09-01,WSC,325.0
GFI,M,2026-07-23,TD20,2026-09-01,WSC,218.0
GFI,M,2026-07-23,TD7,2026-09-01,WSC,175.0
GFI,M,2026-07-23,TD8,2026-09-01,WSC,210.0
GFI,M,2026-07-23,TD25,2026-09-01,WSC,310.0
GFI,M,2026-07-23,TD22,2026-09-01,LSM,14.35
GFI,M,2026-07-23,TD19,2026-09-01,WSC,190.0
GFI,M,2026-07-23,TD3,2026-10-01,WSC,295.0
GFI,M,2026-07-23,TD20,2026-10-01,WSC,195.0
GFI,M,2026-07-23,TD7,2026-10-01,WSC,162.5
GFI,M,2026-07-23,TD8,2026-10-01,WSC,190.0
GFI,M,2026-07-23,TD25,2026-10-01,WSC,272.0
GFI,M,2026-07-23,TD22,2026-10-01,LSM,14.0
GFI,M,2026-07-23,TD19,2026-10-01,WSC,165.0
GFI,M,2026-07-23,TD3,2026-11-01,WSC,275.0
GFI,M,2026-07-23,TD20,2026-11-01,WSC,200.0
GFI,M,2026-07-23,TD7,2026-11-01,WSC,165.0
GFI,M,2026-07-23,TD8,2026-11-01,WSC,200.0
GFI,M,2026-07-23,TD25,2026-11-01,WSC,256.0
GFI,M,2026-07-23,TD22,2026-11-01,LSM,14.5
GFI,M,2026-07-23,TD19,2026-11-01,WSC,153.0
GFI,M,2026-07-23,TD3,2026-12-01,WSC,255.0
GFI,M,2026-07-23,TD20,2026-12-01,WSC,205.0
GFI,M,2026-07-23,TD7,2026-12-01,WSC,167.5
GFI,M,2026-07-23,TD8,2026-12-01,WSC,205.0
GFI,M,2026-07-23,TD25,2026-12-01,WSC,252.0
GFI,M,2026-07-23,TD22,2026-12-01,LSM,15.0
GFI,M,2026-07-23,TD19,2026-12-01,WSC,150.0
GFI,M,2026-07-23,TD3,2027-01-01,PMT,37.15
GFI,M,2026-07-23,TD20,2027-01-01,PMT,30.0
GFI,M,2026-07-23,TD7,2027-01-01,PMT,15.1
GFI,M,2026-07-23,TD8,2027-01-01,PMT,23.5
GFI,M,2026-07-23,TD25,2027-01-01,PMT,45.0
GFI,M,2026-07-23,TD22,2027-01-01,LSM,12.0
GFI,M,2026-07-23,TD19,2027-01-01,PMT,15.75
GFI,M,2026-07-23,TD3,2027-02-01,PMT,34.15
GFI,M,2026-07-23,TD20,2027-02-01,PMT,27.0
GFI,M,2026-07-23,TD7,2027-02-01,PMT,14.6
GFI,M,2026-07-23,TD8,2027-02-01,PMT,22.5
GFI,M,2026-07-23,TD25,2027-02-01,PMT,45.0
GFI,M,2026-07-23,TD22,2027-02-01,LSM,12.0
GFI,M,2026-07-23,TD19,2027-02-01,PMT,14.75
GFI,Q,2026-07-23,TD3,2026-07-01,WSC,353.0
GFI,Q,2026-07-23,TD20,2026-07-01,WSC,235.833333
GFI,Q,2026-07-23,TD7,2026-07-01,WSC,187.5
GFI,Q,2026-07-23,TD8,2026-07-01,WSC,253.0
GFI,Q,2026-07-23,TD25,2026-07-01,WSC,344.366667
GFI,Q,2026-07-23,TD22,2026-07-01,LSM,15.816667
GFI,Q,2026-07-23,TD19,2026-07-01,WSC,243.333333
GFI,Q,2026-07-23,TD3,2026-10-01,WSC,275.0
GFI,Q,2026-07-23,TD20,2026-10-01,WSC,200.0
GFI,Q,2026-07-23,TD7,2026-10-01,WSC,165.0
GFI,Q,2026-07-23,TD8,2026-10-01,WSC,198.333333
GFI,Q,2026-07-23,TD25,2026-10-01,WSC,260.0
GFI,Q,2026-07-23,TD22,2026-10-01,LSM,14.5
GFI,Q,2026-07-23,TD19,2026-10-01,WSC,156.0
GFI,Q,2026-07-23,TD3,2027-01-01,PMT,34.15
GFI,Q,2026-07-23,TD20,2027-01-01,PMT,27.0
GFI,Q,2026-07-23,TD7,2027-01-01,PMT,14.6
GFI,Q,2026-07-23,TD8,2027-01-01,PMT,22.5
GFI,Q,2026-07-23,TD25,2027-01-01,PMT,45.0
GFI,Q,2026-07-23,TD22,2027-01-01,LSM,12.0
GFI,Q,2026-07-23,TD19,2027-01-01,PMT,14.75
GFI,Q,2026-07-23,TD3,2027-04-01,PMT,25.95
GFI,Q,2026-07-23,TD20,2027-04-01,PMT,20.35
GFI,Q,2026-07-23,TD7,2027-04-01,PMT,13.4
GFI,Q,2026-07-23,TD8,2027-04-01,PMT,20.5
GFI,Q,2026-07-23,TD25,2027-04-01,PMT,38.5
GFI,Q,2026-07-23,TD22,2027-04-01,LSM,10.0
GFI,Q,2026-07-23,TD19,2027-04-01,PMT,13.25
GFI,Q,2026-07-23,TD3,2027-07-01,PMT,18.1
GFI,Q,2026-07-23,TD20,2027-07-01,PMT,17.9
GFI,Q,2026-07-23,TD7,2027-07-01,PMT,12.8
GFI,Q,2026-07-23,TD8,2027-07-01,PMT,19.1
GFI,Q,2026-07-23,TD25,2027-07-01,PMT,35.5
GFI,Q,2026-07-23,TD22,2027-07-01,LSM,9.0
GFI,Q,2026-07-23,TD19,2027-07-01,PMT,13.0
GFI,Q,2026-07-23,TD3,2027-10-01,PMT,20.2
GFI,Q,2026-07-23,TD20,2027-10-01,PMT,22.75
GFI,Q,2026-07-23,TD7,2027-10-01,PMT,14.0
GFI,Q,2026-07-23,TD8,2027-10-01,PMT,21.2
GFI,Q,2026-07-23,TD25,2027-10-01,PMT,43.0
GFI,Q,2026-07-23,TD22,2027-10-01,LSM,10.0
GFI,Q,2026-07-23,TD19,2027-10-01,PMT,15.0
GFI,Q,2026-07-23,TD3,2028-01-01,PMT,18.25
GFI,Q,2026-07-23,TD20,2028-01-01,PMT,20.0
GFI,Q,2026-07-23,TD7,2028-01-01,PMT,14.7
GFI,Q,2026-07-23,TD8,2028-01-01,PMT,22.25
GFI,Q,2026-07-23,TD25,2028-01-01,PMT,37.0
GFI,Q,2026-07-23,TD22,2028-01-01,LSM,9.35
GFI,Q,2026-07-23,TD19,2028-01-01,PMT,15.55
GFI,A,2026-07-23,TD3,2027-01-01,PMT,24.6
GFI,A,2026-07-23,TD20,2027-01-01,PMT,22.0
GFI,A,2026-07-23,TD7,2027-01-01,PMT,13.7
GFI,A,2026-07-23,TD8,2027-01-01,PMT,20.825
GFI,A,2026-07-23,TD25,2027-01-01,PMT,40.5
GFI,A,2026-07-23,TD22,2027-01-01,LSM,10.25
GFI,A,2026-07-23,TD19,2027-01-01,PMT,14.0
GFI,A,2026-07-23,TD3,2028-01-01,PMT,16.25
GFI,A,2026-07-23,TD20,2028-01-01,PMT,18.0
GFI,A,2026-07-23,TD7,2028-01-01,PMT,12.7
GFI,A,2026-07-23,TD8,2028-01-01,PMT,20.25
GFI,A,2026-07-23,TD25,2028-01-01,PMT,35.0
GFI,A,2026-07-23,TD22,2028-01-01,LSM,7.35
GFI,A,2026-07-23,TD19,2028-01-01,PMT,13.55
GFI,A,2026-07-23,TD3,2029-01-01,PMT,14.75
GFI,A,2026-07-23,TD20,2029-01-01,PMT,17.0
GFI,A,2026-07-23,TD7,2029-01-01,PMT,12.6
GFI,A,2026-07-23,TD8,2029-01-01,PMT,19.7
GFI,A,2026-07-23,TD25,2029-01-01,PMT,33.5
GFI,A,2026-07-23,TD22,2029-01-01,LSM,7.15
GFI,A,2026-07-23,TD19,2029-01-01,PMT,13.25
GFI,BITR,2026-07-24,TD3,2026-07-01,WSC,386.78
GFI,BITR,2026-07-24,TD20,2026-07-01,WSC,230.56
GFI,BITR,2026-07-24,TD7,2026-07-01,WSC,236.67
GFI,BITR,2026-07-24,TD8,2026-07-01,WSC,305.83
GFI,BITR,2026-07-24,TD25,2026-07-01,WSC,440.0
GFI,BITR,2026-07-24,TD22,2026-07-01,LSM,17.027778
GFI,BITR,2026-07-24,TD19,2026-07-01,WSC,400.0
GFI,M,2026-07-24,TD3,2026-07-01,WSC,364.0
GFI,M,2026-07-24,TD20,2026-07-01,WSC,235.0
GFI,M,2026-07-24,TD7,2026-07-01,WSC,187.5
GFI,M,2026-07-24,TD8,2026-07-01,WSC,299.0
GFI,M,2026-07-24,TD25,2026-07-01,WSC,310.0
GFI,M,2026-07-24,TD22,2026-07-01,LSM,17.1
GFI,M,2026-07-24,TD19,2026-07-01,WSC,300.0
GFI,M,2026-07-24,TD3,2026-08-01,WSC,345.0
GFI,M,2026-07-24,TD20,2026-08-01,WSC,247.0
GFI,M,2026-07-24,TD7,2026-08-01,WSC,200.0
GFI,M,2026-07-24,TD8,2026-08-01,WSC,250.0
GFI,M,2026-07-24,TD25,2026-08-01,WSC,372.5
GFI,M,2026-07-24,TD22,2026-08-01,LSM,16.0
GFI,M,2026-07-24,TD19,2026-08-01,WSC,240.0
GFI,M,2026-07-24,TD3,2026-09-01,WSC,317.5
GFI,M,2026-07-24,TD20,2026-09-01,WSC,210.0
GFI,M,2026-07-24,TD7,2026-09-01,WSC,175.0
GFI,M,2026-07-24,TD8,2026-09-01,WSC,210.0
GFI,M,2026-07-24,TD25,2026-09-01,WSC,275.0
GFI,M,2026-07-24,TD22,2026-09-01,LSM,14.35
GFI,M,2026-07-24,TD19,2026-09-01,WSC,190.0
GFI,M,2026-07-24,TD3,2026-10-01,WSC,289.0
GFI,M,2026-07-24,TD20,2026-10-01,WSC,189.0
GFI,M,2026-07-24,TD7,2026-10-01,WSC,165.0
GFI,M,2026-07-24,TD8,2026-10-01,WSC,190.0
GFI,M,2026-07-24,TD25,2026-10-01,WSC,260.0
GFI,M,2026-07-24,TD22,2026-10-01,LSM,14.0
GFI,M,2026-07-24,TD19,2026-10-01,WSC,165.0
GFI,M,2026-07-24,TD3,2026-11-01,WSC,265.0
GFI,M,2026-07-24,TD20,2026-11-01,WSC,194.0
GFI,M,2026-07-24,TD7,2026-11-01,WSC,161.5
GFI,M,2026-07-24,TD8,2026-11-01,WSC,200.0
GFI,M,2026-07-24,TD25,2026-11-01,WSC,256.0
GFI,M,2026-07-24,TD22,2026-11-01,LSM,14.5
GFI,M,2026-07-24,TD19,2026-11-01,WSC,153.0
GFI,M,2026-07-24,TD3,2026-12-01,WSC,250.0
GFI,M,2026-07-24,TD20,2026-12-01,WSC,199.0
GFI,M,2026-07-24,TD7,2026-12-01,WSC,160.0
GFI,M,2026-07-24,TD8,2026-12-01,WSC,205.0
GFI,M,2026-07-24,TD25,2026-12-01,WSC,252.0
GFI,M,2026-07-24,TD22,2026-12-01,LSM,15.0
GFI,M,2026-07-24,TD19,2026-12-01,WSC,150.0
GFI,M,2026-07-24,TD3,2027-01-01,PMT,36.5
GFI,M,2026-07-24,TD20,2027-01-01,PMT,29.85
GFI,M,2026-07-24,TD7,2027-01-01,PMT,15.1
GFI,M,2026-07-24,TD8,2027-01-01,PMT,23.5
GFI,M,2026-07-24,TD25,2027-01-01,PMT,44.5
GFI,M,2026-07-24,TD22,2027-01-01,LSM,12.0
GFI,M,2026-07-24,TD19,2027-01-01,PMT,15.75
GFI,M,2026-07-24,TD3,2027-02-01,PMT,33.5
GFI,M,2026-07-24,TD20,2027-02-01,PMT,26.85
GFI,M,2026-07-24,TD7,2027-02-01,PMT,14.6
GFI,M,2026-07-24,TD8,2027-02-01,PMT,22.5
GFI,M,2026-07-24,TD25,2027-02-01,PMT,44.5
GFI,M,2026-07-24,TD22,2027-02-01,LSM,12.0
GFI,M,2026-07-24,TD19,2027-02-01,PMT,14.75
GFI,Q,2026-07-24,TD3,2026-07-01,WSC,342.166667
GFI,Q,2026-07-24,TD20,2026-07-01,WSC,230.666667
GFI,Q,2026-07-24,TD7,2026-07-01,WSC,187.5
GFI,Q,2026-07-24,TD8,2026-07-01,WSC,253.0
GFI,Q,2026-07-24,TD25,2026-07-01,WSC,319.166667
GFI,Q,2026-07-24,TD22,2026-07-01,LSM,15.816667
GFI,Q,2026-07-24,TD19,2026-07-01,WSC,243.333333
GFI,Q,2026-07-24,TD3,2026-10-01,WSC,268.0
GFI,Q,2026-07-24,TD20,2026-10-01,WSC,194.0
GFI,Q,2026-07-24,TD7,2026-10-01,WSC,162.166667
GFI,Q,2026-07-24,TD8,2026-10-01,WSC,198.333333
GFI,Q,2026-07-24,TD25,2026-10-01,WSC,256.0
GFI,Q,2026-07-24,TD22,2026-10-01,LSM,14.5
GFI,Q,2026-07-24,TD19,2026-10-01,WSC,156.0
GFI,Q,2026-07-24,TD3,2027-01-01,PMT,33.5
GFI,Q,2026-07-24,TD20,2027-01-01,PMT,26.85
GFI,Q,2026-07-24,TD7,2027-01-01,PMT,14.6
GFI,Q,2026-07-24,TD8,2027-01-01,PMT,22.5
GFI,Q,2026-07-24,TD25,2027-01-01,PMT,44.5
GFI,Q,2026-07-24,TD22,2027-01-01,LSM,12.0
GFI,Q,2026-07-24,TD19,2027-01-01,PMT,14.75
GFI,Q,2026-07-24,TD3,2027-04-01,PMT,25.0
GFI,Q,2026-07-24,TD20,2027-04-01,PMT,20.2
GFI,Q,2026-07-24,TD7,2027-04-01,PMT,13.4
GFI,Q,2026-07-24,TD8,2027-04-01,PMT,20.5
GFI,Q,2026-07-24,TD25,2027-04-01,PMT,37.5
GFI,Q,2026-07-24,TD22,2027-04-01,LSM,10.0
GFI,Q,2026-07-24,TD19,2027-04-01,PMT,13.25
GFI,Q,2026-07-24,TD3,2027-07-01,PMT,18.1
GFI,Q,2026-07-24,TD20,2027-07-01,PMT,17.75
GFI,Q,2026-07-24,TD7,2027-07-01,PMT,12.8
GFI,Q,2026-07-24,TD8,2027-07-01,PMT,19.1
GFI,Q,2026-07-24,TD25,2027-07-01,PMT,35.5
GFI,Q,2026-07-24,TD22,2027-07-01,LSM,9.0
GFI,Q,2026-07-24,TD19,2027-07-01,PMT,13.0
GFI,Q,2026-07-24,TD3,2027-10-01,PMT,20.2
GFI,Q,2026-07-24,TD20,2027-10-01,PMT,22.6
GFI,Q,2026-07-24,TD7,2027-10-01,PMT,14.0
GFI,Q,2026-07-24,TD8,2027-10-01,PMT,21.2
GFI,Q,2026-07-24,TD25,2027-10-01,PMT,42.5
GFI,Q,2026-07-24,TD22,2027-10-01,LSM,10.0
GFI,Q,2026-07-24,TD19,2027-10-01,PMT,15.0
GFI,Q,2026-07-24,TD3,2028-01-01,PMT,18.25
GFI,Q,2026-07-24,TD20,2028-01-01,PMT,20.0
GFI,Q,2026-07-24,TD7,2028-01-01,PMT,14.7
GFI,Q,2026-07-24,TD8,2028-01-01,PMT,22.25
GFI,Q,2026-07-24,TD25,2028-01-01,PMT,36.5
GFI,Q,2026-07-24,TD22,2028-01-01,LSM,9.35
GFI,Q,2026-07-24,TD19,2028-01-01,PMT,15.55
GFI,A,2026-07-24,TD3,2027-01-01,PMT,24.2
GFI,A,2026-07-24,TD20,2027-01-01,PMT,21.85
GFI,A,2026-07-24,TD7,2027-01-01,PMT,13.7
GFI,A,2026-07-24,TD8,2027-01-01,PMT,20.825
GFI,A,2026-07-24,TD25,2027-01-01,PMT,40.0
GFI,A,2026-07-24,TD22,2027-01-01,LSM,10.25
GFI,A,2026-07-24,TD19,2027-01-01,PMT,14.0
GFI,A,2026-07-24,TD3,2028-01-01,PMT,16.25
GFI,A,2026-07-24,TD20,2028-01-01,PMT,18.0
GFI,A,2026-07-24,TD7,2028-01-01,PMT,12.7
GFI,A,2026-07-24,TD8,2028-01-01,PMT,20.25
GFI,A,2026-07-24,TD25,2028-01-01,PMT,34.5
GFI,A,2026-07-24,TD22,2028-01-01,LSM,7.35
GFI,A,2026-07-24,TD19,2028-01-01,PMT,13.55
GFI,A,2026-07-24,TD3,2029-01-01,PMT,14.75
GFI,A,2026-07-24,TD20,2029-01-01,PMT,17.0
GFI,A,2026-07-24,TD7,2029-01-01,PMT,12.6
GFI,A,2026-07-24,TD8,2029-01-01,PMT,19.7
GFI,A,2026-07-24,TD25,2029-01-01,PMT,33.0
GFI,A,2026-07-24,TD22,2029-01-01,LSM,7.15
GFI,A,2026-07-24,TD19,2029-01-01,PMT,13.25
GFI,BITR,2026-07-27,TD3,2026-07-01,WSC,393.22
GFI,BITR,2026-07-27,TD20,2026-07-01,WSC,234.17
GFI,BITR,2026-07-27,TD7,2026-07-01,WSC,236.25
GFI,BITR,2026-07-27,TD8,2026-07-01,WSC,305.0
GFI,BITR,2026-07-27,TD25,2026-07-01,WSC,433.61
GFI,BITR,2026-07-27,TD22,2026-07-01,LSM,17.994444
GFI,BITR,2026-07-27,TD19,2026-07-01,WSC,397.78
GFI,M,2026-07-27,TD3,2026-07-01,WSC,363.5
GFI,M,2026-07-27,TD20,2026-07-01,WSC,234.0
GFI,M,2026-07-27,TD7,2026-07-01,WSC,190.0
GFI,M,2026-07-27,TD8,2026-07-01,WSC,299.0
GFI,M,2026-07-27,TD25,2026-07-01,WSC,300.0
GFI,M,2026-07-27,TD22,2026-07-01,LSM,17.3
GFI,M,2026-07-27,TD19,2026-07-01,WSC,300.0
GFI,M,2026-07-27,TD3,2026-08-01,WSC,350.0
GFI,M,2026-07-27,TD20,2026-08-01,WSC,230.0
GFI,M,2026-07-27,TD7,2026-08-01,WSC,200.0
GFI,M,2026-07-27,TD8,2026-08-01,WSC,250.0
GFI,M,2026-07-27,TD25,2026-08-01,WSC,335.0
GFI,M,2026-07-27,TD22,2026-08-01,LSM,16.5
GFI,M,2026-07-27,TD19,2026-08-01,WSC,240.0
GFI,M,2026-07-27,TD3,2026-09-01,WSC,315.0
GFI,M,2026-07-27,TD20,2026-09-01,WSC,202.5
GFI,M,2026-07-27,TD7,2026-09-01,WSC,175.0
GFI,M,2026-07-27,TD8,2026-09-01,WSC,210.0
GFI,M,2026-07-27,TD25,2026-09-01,WSC,270.0
GFI,M,2026-07-27,TD22,2026-09-01,LSM,15.0
GFI,M,2026-07-27,TD19,2026-09-01,WSC,190.0
GFI,M,2026-07-27,TD3,2026-10-01,WSC,275.0
GFI,M,2026-07-27,TD20,2026-10-01,WSC,192.5
GFI,M,2026-07-27,TD7,2026-10-01,WSC,165.0
GFI,M,2026-07-27,TD8,2026-10-01,WSC,190.0
GFI,M,2026-07-27,TD25,2026-10-01,WSC,250.0
GFI,M,2026-07-27,TD22,2026-10-01,LSM,14.75
GFI,M,2026-07-27,TD19,2026-10-01,WSC,165.0
GFI,M,2026-07-27,TD3,2026-11-01,WSC,262.5
GFI,M,2026-07-27,TD20,2026-11-01,WSC,190.0
GFI,M,2026-07-27,TD7,2026-11-01,WSC,161.5
GFI,M,2026-07-27,TD8,2026-11-01,WSC,200.0
GFI,M,2026-07-27,TD25,2026-11-01,WSC,247.0
GFI,M,2026-07-27,TD22,2026-11-01,LSM,14.65
GFI,M,2026-07-27,TD19,2026-11-01,WSC,153.0
GFI,M,2026-07-27,TD3,2026-12-01,WSC,250.0
GFI,M,2026-07-27,TD20,2026-12-01,WSC,187.5
GFI,M,2026-07-27,TD7,2026-12-01,WSC,160.0
GFI,M,2026-07-27,TD8,2026-12-01,WSC,205.0
GFI,M,2026-07-27,TD25,2026-12-01,WSC,247.0
GFI,M,2026-07-27,TD22,2026-12-01,LSM,14.55
GFI,M,2026-07-27,TD19,2026-12-01,WSC,150.0
GFI,M,2026-07-27,TD3,2027-01-01,PMT,36.5
GFI,M,2026-07-27,TD20,2027-01-01,PMT,29.0
GFI,M,2026-07-27,TD7,2027-01-01,PMT,15.1
GFI,M,2026-07-27,TD8,2027-01-01,PMT,23.5
GFI,M,2026-07-27,TD25,2027-01-01,PMT,43.25
GFI,M,2026-07-27,TD22,2027-01-01,LSM,12.0
GFI,M,2026-07-27,TD19,2027-01-01,PMT,15.75
GFI,M,2026-07-27,TD3,2027-02-01,PMT,33.5
GFI,M,2026-07-27,TD20,2027-02-01,PMT,26.0
GFI,M,2026-07-27,TD7,2027-02-01,PMT,14.6
GFI,M,2026-07-27,TD8,2027-02-01,PMT,22.5
GFI,M,2026-07-27,TD25,2027-02-01,PMT,43.25
GFI,M,2026-07-27,TD22,2027-02-01,LSM,12.0
GFI,M,2026-07-27,TD19,2027-02-01,PMT,14.75
GFI,Q,2026-07-27,TD3,2026-07-01,WSC,342.833333
GFI,Q,2026-07-27,TD20,2026-07-01,WSC,222.166667
GFI,Q,2026-07-27,TD7,2026-07-01,WSC,188.333333
GFI,Q,2026-07-27,TD8,2026-07-01,WSC,253.0
GFI,Q,2026-07-27,TD25,2026-07-01,WSC,301.666667
GFI,Q,2026-07-27,TD22,2026-07-01,LSM,16.266667
GFI,Q,2026-07-27,TD19,2026-07-01,WSC,243.333333
GFI,Q,2026-07-27,TD3,2026-10-01,WSC,262.5
GFI,Q,2026-07-27,TD20,2026-10-01,WSC,190.0
GFI,Q,2026-07-27,TD7,2026-10-01,WSC,162.166667
GFI,Q,2026-07-27,TD8,2026-10-01,WSC,198.333333
GFI,Q,2026-07-27,TD25,2026-10-01,WSC,248.0
GFI,Q,2026-07-27,TD22,2026-10-01,LSM,14.65
GFI,Q,2026-07-27,TD19,2026-10-01,WSC,156.0
GFI,Q,2026-07-27,TD3,2027-01-01,PMT,33.5
GFI,Q,2026-07-27,TD20,2027-01-01,PMT,26.0
GFI,Q,2026-07-27,TD7,2027-01-01,PMT,14.6
GFI,Q,2026-07-27,TD8,2027-01-01,PMT,22.5
GFI,Q,2026-07-27,TD25,2027-01-01,PMT,43.25
GFI,Q,2026-07-27,TD22,2027-01-01,LSM,12.0
GFI,Q,2026-07-27,TD19,2027-01-01,PMT,14.75
GFI,Q,2026-07-27,TD3,2027-04-01,PMT,25.0
GFI,Q,2026-07-27,TD20,2027-04-01,PMT,19.5
GFI,Q,2026-07-27,TD7,2027-04-01,PMT,13.4
GFI,Q,2026-07-27,TD8,2027-04-01,PMT,20.5
GFI,Q,2026-07-27,TD25,2027-04-01,PMT,37.35
GFI,Q,2026-07-27,TD22,2027-04-01,LSM,10.0
GFI,Q,2026-07-27,TD19,2027-04-01,PMT,13.25
GFI,Q,2026-07-27,TD3,2027-07-01,PMT,18.1
GFI,Q,2026-07-27,TD20,2027-07-01,PMT,17.5
GFI,Q,2026-07-27,TD7,2027-07-01,PMT,12.8
GFI,Q,2026-07-27,TD8,2027-07-01,PMT,19.1
GFI,Q,2026-07-27,TD25,2027-07-01,PMT,34.2
GFI,Q,2026-07-27,TD22,2027-07-01,LSM,9.0
GFI,Q,2026-07-27,TD19,2027-07-01,PMT,13.0
GFI,Q,2026-07-27,TD3,2027-10-01,PMT,20.2
GFI,Q,2026-07-27,TD20,2027-10-01,PMT,22.0
GFI,Q,2026-07-27,TD7,2027-10-01,PMT,14.0
GFI,Q,2026-07-27,TD8,2027-10-01,PMT,21.2
GFI,Q,2026-07-27,TD25,2027-10-01,PMT,41.6
GFI,Q,2026-07-27,TD22,2027-10-01,LSM,10.0
GFI,Q,2026-07-27,TD19,2027-10-01,PMT,15.0
GFI,Q,2026-07-27,TD3,2028-01-01,PMT,18.25
GFI,Q,2026-07-27,TD20,2028-01-01,PMT,20.0
GFI,Q,2026-07-27,TD7,2028-01-01,PMT,14.7
GFI,Q,2026-07-27,TD8,2028-01-01,PMT,22.25
GFI,Q,2026-07-27,TD25,2028-01-01,PMT,36.1
GFI,Q,2026-07-27,TD22,2028-01-01,LSM,9.35
GFI,Q,2026-07-27,TD19,2028-01-01,PMT,15.55
GFI,A,2026-07-27,TD3,2027-01-01,PMT,24.2
GFI,A,2026-07-27,TD20,2027-01-01,PMT,21.25
GFI,A,2026-07-27,TD7,2027-01-01,PMT,13.7
GFI,A,2026-07-27,TD8,2027-01-01,PMT,20.825
GFI,A,2026-07-27,TD25,2027-01-01,PMT,39.1
GFI,A,2026-07-27,TD22,2027-01-01,LSM,10.25
GFI,A,2026-07-27,TD19,2027-01-01,PMT,14.0
GFI,A,2026-07-27,TD3,2028-01-01,PMT,16.25
GFI,A,2026-07-27,TD20,2028-01-01,PMT,18.0
GFI,A,2026-07-27,TD7,2028-01-01,PMT,12.7
GFI,A,2026-07-27,TD8,2028-01-01,PMT,20.25
GFI,A,2026-07-27,TD25,2028-01-01,PMT,34.1
GFI,A,2026-07-27,TD22,2028-01-01,LSM,7.35
GFI,A,2026-07-27,TD19,2028-01-01,PMT,13.55
GFI,A,2026-07-27,TD3,2029-01-01,PMT,14.75
GFI,A,2026-07-27,TD20,2029-01-01,PMT,17.0
GFI,A,2026-07-27,TD7,2029-01-01,PMT,12.6
GFI,A,2026-07-27,TD8,2029-01-01,PMT,19.7
GFI,A,2026-07-27,TD25,2029-01-01,PMT,32.6
GFI,A,2026-07-27,TD22,2029-01-01,LSM,7.15
GFI,A,2026-07-27,TD19,2029-01-01,PMT,13.25
GFI,BITR,2026-07-28,TD3,2026-07-01,WSC,403.11
GFI,BITR,2026-07-28,TD20,2026-07-01,WSC,233.06
GFI,BITR,2026-07-28,TD7,2026-07-01,WSC,233.75
GFI,BITR,2026-07-28,TD8,2026-07-01,WSC,305.0
GFI,BITR,2026-07-28,TD25,2026-07-01,WSC,416.11
GFI,BITR,2026-07-28,TD22,2026-07-01,LSM,19.327778
GFI,BITR,2026-07-28,TD19,2026-07-01,WSC,391.44
GFI,M,2026-07-28,TD3,2026-07-01,WSC,363.5
GFI,M,2026-07-28,TD20,2026-07-01,WSC,234.0
GFI,M,2026-07-28,TD7,2026-07-01,WSC,192.0
GFI,M,2026-07-28,TD8,2026-07-01,WSC,302.0
GFI,M,2026-07-28,TD25,2026-07-01,WSC,296.0
GFI,M,2026-07-28,TD22,2026-07-01,LSM,17.6
GFI,M,2026-07-28,TD19,2026-07-01,WSC,303.0
GFI,M,2026-07-28,TD3,2026-08-01,WSC,355.0
GFI,M,2026-07-28,TD20,2026-08-01,WSC,230.0
GFI,M,2026-07-28,TD7,2026-08-01,WSC,185.0
GFI,M,2026-07-28,TD8,2026-08-01,WSC,250.0
GFI,M,2026-07-28,TD25,2026-08-01,WSC,300.0
GFI,M,2026-07-28,TD22,2026-08-01,LSM,18.0
GFI,M,2026-07-28,TD19,2026-08-01,WSC,270.0
GFI,M,2026-07-28,TD3,2026-09-01,WSC,315.0
GFI,M,2026-07-28,TD20,2026-09-01,WSC,199.0
GFI,M,2026-07-28,TD7,2026-09-01,WSC,165.0
GFI,M,2026-07-28,TD8,2026-09-01,WSC,210.0
GFI,M,2026-07-28,TD25,2026-09-01,WSC,247.5
GFI,M,2026-07-28,TD22,2026-09-01,LSM,17.0
GFI,M,2026-07-28,TD19,2026-09-01,WSC,210.0
GFI,M,2026-07-28,TD3,2026-10-01,WSC,270.0
GFI,M,2026-07-28,TD20,2026-10-01,WSC,193.0
GFI,M,2026-07-28,TD7,2026-10-01,WSC,162.0
GFI,M,2026-07-28,TD8,2026-10-01,WSC,190.0
GFI,M,2026-07-28,TD25,2026-10-01,WSC,241.0
GFI,M,2026-07-28,TD22,2026-10-01,LSM,16.75
GFI,M,2026-07-28,TD19,2026-10-01,WSC,165.0
GFI,M,2026-07-28,TD3,2026-11-01,WSC,260.0
GFI,M,2026-07-28,TD20,2026-11-01,WSC,190.0
GFI,M,2026-07-28,TD7,2026-11-01,WSC,159.0
GFI,M,2026-07-28,TD8,2026-11-01,WSC,200.0
GFI,M,2026-07-28,TD25,2026-11-01,WSC,236.0
GFI,M,2026-07-28,TD22,2026-11-01,LSM,16.5
GFI,M,2026-07-28,TD19,2026-11-01,WSC,153.0
GFI,M,2026-07-28,TD3,2026-12-01,WSC,250.0
GFI,M,2026-07-28,TD20,2026-12-01,WSC,187.0
GFI,M,2026-07-28,TD7,2026-12-01,WSC,156.0
GFI,M,2026-07-28,TD8,2026-12-01,WSC,205.0
GFI,M,2026-07-28,TD25,2026-12-01,WSC,231.0
GFI,M,2026-07-28,TD22,2026-12-01,LSM,16.25
GFI,M,2026-07-28,TD19,2026-12-01,WSC,150.0
GFI,M,2026-07-28,TD3,2027-01-01,PMT,36.5
GFI,M,2026-07-28,TD20,2027-01-01,PMT,29.0
GFI,M,2026-07-28,TD7,2027-01-01,PMT,15.1
GFI,M,2026-07-28,TD8,2027-01-01,PMT,23.5
GFI,M,2026-07-28,TD25,2027-01-01,PMT,42.6
GFI,M,2026-07-28,TD22,2027-01-01,LSM,14.0
GFI,M,2026-07-28,TD19,2027-01-01,PMT,15.75
GFI,M,2026-07-28,TD3,2027-02-01,PMT,33.5
GFI,M,2026-07-28,TD20,2027-02-01,PMT,26.0
GFI,M,2026-07-28,TD7,2027-02-01,PMT,14.6
GFI,M,2026-07-28,TD8,2027-02-01,PMT,22.5
GFI,M,2026-07-28,TD25,2027-02-01,PMT,42.6
GFI,M,2026-07-28,TD22,2027-02-01,LSM,14.0
GFI,M,2026-07-28,TD19,2027-02-01,PMT,14.75
GFI,Q,2026-07-28,TD3,2026-07-01,WSC,344.5
GFI,Q,2026-07-28,TD20,2026-07-01,WSC,221.0
GFI,Q,2026-07-28,TD7,2026-07-01,WSC,180.666667
GFI,Q,2026-07-28,TD8,2026-07-01,WSC,254.0
GFI,Q,2026-07-28,TD25,2026-07-01,WSC,281.166667
GFI,Q,2026-07-28,TD22,2026-07-01,LSM,17.533333
GFI,Q,2026-07-28,TD19,2026-07-01,WSC,261.0
GFI,Q,2026-07-28,TD3,2026-10-01,WSC,260.0
GFI,Q,2026-07-28,TD20,2026-10-01,WSC,190.0
GFI,Q,2026-07-28,TD7,2026-10-01,WSC,159.0
GFI,Q,2026-07-28,TD8,2026-10-01,WSC,198.333333
GFI,Q,2026-07-28,TD25,2026-10-01,WSC,236.0
GFI,Q,2026-07-28,TD22,2026-10-01,LSM,16.5
GFI,Q,2026-07-28,TD19,2026-10-01,WSC,156.0
GFI,Q,2026-07-28,TD3,2027-01-01,PMT,33.5
GFI,Q,2026-07-28,TD20,2027-01-01,PMT,26.0
GFI,Q,2026-07-28,TD7,2027-01-01,PMT,14.6
GFI,Q,2026-07-28,TD8,2027-01-01,PMT,22.5
GFI,Q,2026-07-28,TD25,2027-01-01,PMT,42.6
GFI,Q,2026-07-28,TD22,2027-01-01,LSM,14.0
GFI,Q,2026-07-28,TD19,2027-01-01,PMT,14.75
GFI,Q,2026-07-28,TD3,2027-04-01,PMT,25.0
GFI,Q,2026-07-28,TD20,2027-04-01,PMT,19.7
GFI,Q,2026-07-28,TD7,2027-04-01,PMT,13.4
GFI,Q,2026-07-28,TD8,2027-04-01,PMT,20.5
GFI,Q,2026-07-28,TD25,2027-04-01,PMT,37.55
GFI,Q,2026-07-28,TD22,2027-04-01,LSM,11.5
GFI,Q,2026-07-28,TD19,2027-04-01,PMT,13.25
GFI,Q,2026-07-28,TD3,2027-07-01,PMT,18.1
GFI,Q,2026-07-28,TD20,2027-07-01,PMT,17.7
GFI,Q,2026-07-28,TD7,2027-07-01,PMT,12.8
GFI,Q,2026-07-28,TD8,2027-07-01,PMT,19.1
GFI,Q,2026-07-28,TD25,2027-07-01,PMT,34.35
GFI,Q,2026-07-28,TD22,2027-07-01,LSM,10.5
GFI,Q,2026-07-28,TD19,2027-07-01,PMT,13.0
GFI,Q,2026-07-28,TD3,2027-10-01,PMT,20.2
GFI,Q,2026-07-28,TD20,2027-10-01,PMT,22.0
GFI,Q,2026-07-28,TD7,2027-10-01,PMT,14.0
GFI,Q,2026-07-28,TD8,2027-10-01,PMT,21.2
GFI,Q,2026-07-28,TD25,2027-10-01,PMT,39.5
GFI,Q,2026-07-28,TD22,2027-10-01,LSM,11.5
GFI,Q,2026-07-28,TD19,2027-10-01,PMT,15.0
GFI,Q,2026-07-28,TD3,2028-01-01,PMT,18.25
GFI,Q,2026-07-28,TD20,2028-01-01,PMT,20.0
GFI,Q,2026-07-28,TD7,2028-01-01,PMT,14.7
GFI,Q,2026-07-28,TD8,2028-01-01,PMT,22.25
GFI,Q,2026-07-28,TD25,2028-01-01,PMT,36.1
GFI,Q,2026-07-28,TD22,2028-01-01,LSM,10.2
GFI,Q,2026-07-28,TD19,2028-01-01,PMT,15.55
GFI,A,2026-07-28,TD3,2027-01-01,PMT,24.2
GFI,A,2026-07-28,TD20,2027-01-01,PMT,21.35
GFI,A,2026-07-28,TD7,2027-01-01,PMT,13.7
GFI,A,2026-07-28,TD8,2027-01-01,PMT,20.825
GFI,A,2026-07-28,TD25,2027-01-01,PMT,38.5
GFI,A,2026-07-28,TD22,2027-01-01,LSM,11.875
GFI,A,2026-07-28,TD19,2027-01-01,PMT,14.0
GFI,A,2026-07-28,TD3,2028-01-01,PMT,16.25
GFI,A,2026-07-28,TD20,2028-01-01,PMT,18.0
GFI,A,2026-07-28,TD7,2028-01-01,PMT,12.7
GFI,A,2026-07-28,TD8,2028-01-01,PMT,20.25
GFI,A,2026-07-28,TD25,2028-01-01,PMT,34.1
GFI,A,2026-07-28,TD22,2028-01-01,LSM,8.2
GFI,A,2026-07-28,TD19,2028-01-01,PMT,13.55
GFI,A,2026-07-28,TD3,2029-01-01,PMT,14.75
GFI,A,2026-07-28,TD20,2029-01-01,PMT,17.0
GFI,A,2026-07-28,TD7,2029-01-01,PMT,12.6
GFI,A,2026-07-28,TD8,2029-01-01,PMT,19.7
GFI,A,2026-07-28,TD25,2029-01-01,PMT,32.6
GFI,A,2026-07-28,TD22,2029-01-01,LSM,8.0
GFI,A,2026-07-28,TD19,2029-01-01,PMT,13.25
GFI,BITR,2026-07-29,TD3,2026-07-01,WSC,404.22
GFI,BITR,2026-07-29,TD20,2026-07-01,WSC,230.28
GFI,BITR,2026-07-29,TD7,2026-07-01,WSC,223.75
GFI,BITR,2026-07-29,TD8,2026-07-01,WSC,305.0
GFI,BITR,2026-07-29,TD25,2026-07-01,WSC,403.89
GFI,BITR,2026-07-29,TD22,2026-07-01,LSM,19.966667
GFI,BITR,2026-07-29,TD19,2026-07-01,WSC,380.0
GFI,M,2026-07-29,TD3,2026-07-01,WSC,366.0
GFI,M,2026-07-29,TD20,2026-07-01,WSC,234.0
GFI,M,2026-07-29,TD7,2026-07-01,WSC,192.0
GFI,M,2026-07-29,TD8,2026-07-01,WSC,302.0
GFI,M,2026-07-29,TD25,2026-07-01,WSC,296.0
GFI,M,2026-07-29,TD22,2026-07-01,LSM,17.66
GFI,M,2026-07-29,TD19,2026-07-01,WSC,303.0
GFI,M,2026-07-29,TD3,2026-08-01,WSC,390.0
GFI,M,2026-07-29,TD20,2026-08-01,WSC,237.5
GFI,M,2026-07-29,TD7,2026-08-01,WSC,185.0
GFI,M,2026-07-29,TD8,2026-08-01,WSC,250.0
GFI,M,2026-07-29,TD25,2026-08-01,WSC,330.0
GFI,M,2026-07-29,TD22,2026-08-01,LSM,18.0
GFI,M,2026-07-29,TD19,2026-08-01,WSC,270.0
GFI,M,2026-07-29,TD3,2026-09-01,WSC,345.0
GFI,M,2026-07-29,TD20,2026-09-01,WSC,217.5
GFI,M,2026-07-29,TD7,2026-09-01,WSC,165.0
GFI,M,2026-07-29,TD8,2026-09-01,WSC,210.0
GFI,M,2026-07-29,TD25,2026-09-01,WSC,265.0
GFI,M,2026-07-29,TD22,2026-09-01,LSM,16.75
GFI,M,2026-07-29,TD19,2026-09-01,WSC,210.0
GFI,M,2026-07-29,TD3,2026-10-01,WSC,290.0
GFI,M,2026-07-29,TD20,2026-10-01,WSC,204.0
GFI,M,2026-07-29,TD7,2026-10-01,WSC,162.0
GFI,M,2026-07-29,TD8,2026-10-01,WSC,190.0
GFI,M,2026-07-29,TD25,2026-10-01,WSC,251.0
GFI,M,2026-07-29,TD22,2026-10-01,LSM,16.75
GFI,M,2026-07-29,TD19,2026-10-01,WSC,165.0
GFI,M,2026-07-29,TD3,2026-11-01,WSC,273.0
GFI,M,2026-07-29,TD20,2026-11-01,WSC,199.0
GFI,M,2026-07-29,TD7,2026-11-01,WSC,159.0
GFI,M,2026-07-29,TD8,2026-11-01,WSC,200.0
GFI,M,2026-07-29,TD25,2026-11-01,WSC,241.0
GFI,M,2026-07-29,TD22,2026-11-01,LSM,16.5
GFI,M,2026-07-29,TD19,2026-11-01,WSC,153.0
GFI,M,2026-07-29,TD3,2026-12-01,WSC,262.0
GFI,M,2026-07-29,TD20,2026-12-01,WSC,194.0
GFI,M,2026-07-29,TD7,2026-12-01,WSC,156.0
GFI,M,2026-07-29,TD8,2026-12-01,WSC,205.0
GFI,M,2026-07-29,TD25,2026-12-01,WSC,231.0
GFI,M,2026-07-29,TD22,2026-12-01,LSM,16.25
GFI,M,2026-07-29,TD19,2026-12-01,WSC,150.0
GFI,M,2026-07-29,TD3,2027-01-01,PMT,37.5
GFI,M,2026-07-29,TD20,2027-01-01,PMT,30.0
GFI,M,2026-07-29,TD7,2027-01-01,PMT,15.1
GFI,M,2026-07-29,TD8,2027-01-01,PMT,23.5
GFI,M,2026-07-29,TD25,2027-01-01,PMT,43.25
GFI,M,2026-07-29,TD22,2027-01-01,LSM,14.0
GFI,M,2026-07-29,TD19,2027-01-01,PMT,15.75
GFI,M,2026-07-29,TD3,2027-02-01,PMT,34.5
GFI,M,2026-07-29,TD20,2027-02-01,PMT,27.0
GFI,M,2026-07-29,TD7,2027-02-01,PMT,14.6
GFI,M,2026-07-29,TD8,2027-02-01,PMT,22.5
GFI,M,2026-07-29,TD25,2027-02-01,PMT,43.25
GFI,M,2026-07-29,TD22,2027-02-01,LSM,14.0
GFI,M,2026-07-29,TD19,2027-02-01,PMT,14.75
GFI,Q,2026-07-29,TD3,2026-07-01,WSC,367.0
GFI,Q,2026-07-29,TD20,2026-07-01,WSC,229.666667
GFI,Q,2026-07-29,TD7,2026-07-01,WSC,180.666667
GFI,Q,2026-07-29,TD8,2026-07-01,WSC,254.0
GFI,Q,2026-07-29,TD25,2026-07-01,WSC,297.0
GFI,Q,2026-07-29,TD22,2026-07-01,LSM,17.47
GFI,Q,2026-07-29,TD19,2026-07-01,WSC,261.0
GFI,Q,2026-07-29,TD3,2026-10-01,WSC,275.0
GFI,Q,2026-07-29,TD20,2026-10-01,WSC,199.0
GFI,Q,2026-07-29,TD7,2026-10-01,WSC,159.0
GFI,Q,2026-07-29,TD8,2026-10-01,WSC,198.333333
GFI,Q,2026-07-29,TD25,2026-10-01,WSC,241.0
GFI,Q,2026-07-29,TD22,2026-10-01,LSM,16.5
GFI,Q,2026-07-29,TD19,2026-10-01,WSC,156.0
GFI,Q,2026-07-29,TD3,2027-01-01,PMT,34.5
GFI,Q,2026-07-29,TD20,2027-01-01,PMT,27.0
GFI,Q,2026-07-29,TD7,2027-01-01,PMT,14.6
GFI,Q,2026-07-29,TD8,2027-01-01,PMT,22.5
GFI,Q,2026-07-29,TD25,2027-01-01,PMT,43.25
GFI,Q,2026-07-29,TD22,2027-01-01,LSM,14.0
GFI,Q,2026-07-29,TD19,2027-01-01,PMT,14.75
GFI,Q,2026-07-29,TD3,2027-04-01,PMT,25.2
GFI,Q,2026-07-29,TD20,2027-04-01,PMT,20.5
GFI,Q,2026-07-29,TD7,2027-04-01,PMT,13.4
GFI,Q,2026-07-29,TD8,2027-04-01,PMT,20.5
GFI,Q,2026-07-29,TD25,2027-04-01,PMT,39.65
GFI,Q,2026-07-29,TD22,2027-04-01,LSM,11.5
GFI,Q,2026-07-29,TD19,2027-04-01,PMT,13.25
GFI,Q,2026-07-29,TD3,2027-07-01,PMT,18.1
GFI,Q,2026-07-29,TD20,2027-07-01,PMT,18.0
GFI,Q,2026-07-29,TD7,2027-07-01,PMT,12.8
GFI,Q,2026-07-29,TD8,2027-07-01,PMT,19.1
GFI,Q,2026-07-29,TD25,2027-07-01,PMT,36.6
GFI,Q,2026-07-29,TD22,2027-07-01,LSM,10.5
GFI,Q,2026-07-29,TD19,2027-07-01,PMT,13.0
GFI,Q,2026-07-29,TD3,2027-10-01,PMT,20.2
GFI,Q,2026-07-29,TD20,2027-10-01,PMT,22.5
GFI,Q,2026-07-29,TD7,2027-10-01,PMT,14.0
GFI,Q,2026-07-29,TD8,2027-10-01,PMT,21.2
GFI,Q,2026-07-29,TD25,2027-10-01,PMT,39.5
GFI,Q,2026-07-29,TD22,2027-10-01,LSM,11.5
GFI,Q,2026-07-29,TD19,2027-10-01,PMT,15.0
GFI,Q,2026-07-29,TD3,2028-01-01,PMT,18.25
GFI,Q,2026-07-29,TD20,2028-01-01,PMT,20.5
GFI,Q,2026-07-29,TD7,2028-01-01,PMT,14.7
GFI,Q,2026-07-29,TD8,2028-01-01,PMT,22.25
GFI,Q,2026-07-29,TD25,2028-01-01,PMT,36.0
GFI,Q,2026-07-29,TD22,2028-01-01,LSM,10.2
GFI,Q,2026-07-29,TD19,2028-01-01,PMT,15.55
GFI,A,2026-07-29,TD3,2027-01-01,PMT,24.5
GFI,A,2026-07-29,TD20,2027-01-01,PMT,22.0
GFI,A,2026-07-29,TD7,2027-01-01,PMT,13.7
GFI,A,2026-07-29,TD8,2027-01-01,PMT,20.825
GFI,A,2026-07-29,TD25,2027-01-01,PMT,39.75
GFI,A,2026-07-29,TD22,2027-01-01,LSM,11.875
GFI,A,2026-07-29,TD19,2027-01-01,PMT,14.0
GFI,A,2026-07-29,TD3,2028-01-01,PMT,16.25
GFI,A,2026-07-29,TD20,2028-01-01,PMT,18.5
GFI,A,2026-07-29,TD7,2028-01-01,PMT,12.7
GFI,A,2026-07-29,TD8,2028-01-01,PMT,20.25
GFI,A,2026-07-29,TD25,2028-01-01,PMT,34.0
GFI,A,2026-07-29,TD22,2028-01-01,LSM,8.2
GFI,A,2026-07-29,TD19,2028-01-01,PMT,13.55
GFI,A,2026-07-29,TD3,2029-01-01,PMT,14.75
GFI,A,2026-07-29,TD20,2029-01-01,PMT,17.25
GFI,A,2026-07-29,TD7,2029-01-01,PMT,12.6
GFI,A,2026-07-29,TD8,2029-01-01,PMT,19.7
GFI,A,2026-07-29,TD25,2029-01-01,PMT,32.0
GFI,A,2026-07-29,TD22,2029-01-01,LSM,8.0
GFI,A,2026-07-29,TD19,2029-01-01,PMT,13.25
GFI,BITR,2026-07-30,TD3,2026-07-01,WSC,424.33
GFI,BITR,2026-07-30,TD20,2026-07-01,WSC,222.42
GFI,BITR,2026-07-30,TD7,2026-07-01,WSC,218.96
GFI,BITR,2026-07-30,TD8,2026-07-01,WSC,305.0
GFI,BITR,2026-07-30,TD25,2026-07-01,WSC,375.11
GFI,BITR,2026-07-30,TD22,2026-07-01,LSM,19.894444
GFI,BITR,2026-07-30,TD19,2026-07-01,WSC,320.56
GFI,M,2026-07-30,TD3,2026-07-01,WSC,365.0
GFI,M,2026-07-30,TD20,2026-07-01,WSC,232.5
GFI,M,2026-07-30,TD7,2026-07-01,WSC,191.5
GFI,M,2026-07-30,TD8,2026-07-01,WSC,302.75
GFI,M,2026-07-30,TD25,2026-07-01,WSC,296.0
GFI,M,2026-07-30,TD22,2026-07-01,LSM,17.65
GFI,M,2026-07-30,TD19,2026-07-01,WSC,298.0
GFI,M,2026-07-30,TD3,2026-08-01,WSC,405.0
GFI,M,2026-07-30,TD20,2026-08-01,WSC,220.0
GFI,M,2026-07-30,TD7,2026-08-01,WSC,192.0
GFI,M,2026-07-30,TD8,2026-08-01,WSC,250.0
GFI,M,2026-07-30,TD25,2026-08-01,WSC,340.0
GFI,M,2026-07-30,TD22,2026-08-01,LSM,18.0
GFI,M,2026-07-30,TD19,2026-08-01,WSC,270.0
GFI,M,2026-07-30,TD3,2026-09-01,WSC,355.0
GFI,M,2026-07-30,TD20,2026-09-01,WSC,215.0
GFI,M,2026-07-30,TD7,2026-09-01,WSC,170.0
GFI,M,2026-07-30,TD8,2026-09-01,WSC,210.0
GFI,M,2026-07-30,TD25,2026-09-01,WSC,270.0
GFI,M,2026-07-30,TD22,2026-09-01,LSM,16.75
GFI,M,2026-07-30,TD19,2026-09-01,WSC,210.0
GFI,M,2026-07-30,TD3,2026-10-01,WSC,296.0
GFI,M,2026-07-30,TD20,2026-10-01,WSC,200.0
GFI,M,2026-07-30,TD7,2026-10-01,WSC,165.0
GFI,M,2026-07-30,TD8,2026-10-01,WSC,190.0
GFI,M,2026-07-30,TD25,2026-10-01,WSC,255.0
GFI,M,2026-07-30,TD22,2026-10-01,LSM,16.75
GFI,M,2026-07-30,TD19,2026-10-01,WSC,165.0
GFI,M,2026-07-30,TD3,2026-11-01,WSC,274.0
GFI,M,2026-07-30,TD20,2026-11-01,WSC,195.0
GFI,M,2026-07-30,TD7,2026-11-01,WSC,162.0
GFI,M,2026-07-30,TD8,2026-11-01,WSC,200.0
GFI,M,2026-07-30,TD25,2026-11-01,WSC,245.0
GFI,M,2026-07-30,TD22,2026-11-01,LSM,16.5
GFI,M,2026-07-30,TD19,2026-11-01,WSC,153.0
GFI,M,2026-07-30,TD3,2026-12-01,WSC,264.0
GFI,M,2026-07-30,TD20,2026-12-01,WSC,190.0
GFI,M,2026-07-30,TD7,2026-12-01,WSC,159.0
GFI,M,2026-07-30,TD8,2026-12-01,WSC,205.0
GFI,M,2026-07-30,TD25,2026-12-01,WSC,235.0
GFI,M,2026-07-30,TD22,2026-12-01,LSM,16.25
GFI,M,2026-07-30,TD19,2026-12-01,WSC,150.0
GFI,M,2026-07-30,TD3,2027-01-01,PMT,37.75
GFI,M,2026-07-30,TD20,2027-01-01,PMT,29.9
GFI,M,2026-07-30,TD7,2027-01-01,PMT,15.1
GFI,M,2026-07-30,TD8,2027-01-01,PMT,23.5
GFI,M,2026-07-30,TD25,2027-01-01,PMT,43.2
GFI,M,2026-07-30,TD22,2027-01-01,LSM,14.0
GFI,M,2026-07-30,TD19,2027-01-01,PMT,15.75
GFI,M,2026-07-30,TD3,2027-02-01,PMT,34.75
GFI,M,2026-07-30,TD20,2027-02-01,PMT,26.9
GFI,M,2026-07-30,TD7,2027-02-01,PMT,14.6
GFI,M,2026-07-30,TD8,2027-02-01,PMT,22.5
GFI,M,2026-07-30,TD25,2027-02-01,PMT,43.2
GFI,M,2026-07-30,TD22,2027-02-01,LSM,14.0
GFI,M,2026-07-30,TD19,2027-02-01,PMT,14.75
GFI,Q,2026-07-30,TD3,2026-07-01,WSC,375.0
GFI,Q,2026-07-30,TD20,2026-07-01,WSC,222.5
GFI,Q,2026-07-30,TD7,2026-07-01,WSC,184.5
GFI,Q,2026-07-30,TD8,2026-07-01,WSC,254.25
GFI,Q,2026-07-30,TD25,2026-07-01,WSC,302.0
GFI,Q,2026-07-30,TD22,2026-07-01,LSM,17.466667
GFI,Q,2026-07-30,TD19,2026-07-01,WSC,259.333333
GFI,Q,2026-07-30,TD3,2026-10-01,WSC,278.0
GFI,Q,2026-07-30,TD20,2026-10-01,WSC,195.0
GFI,Q,2026-07-30,TD7,2026-10-01,WSC,162.0
GFI,Q,2026-07-30,TD8,2026-10-01,WSC,198.333333
GFI,Q,2026-07-30,TD25,2026-10-01,WSC,245.0
GFI,Q,2026-07-30,TD22,2026-10-01,LSM,16.5
GFI,Q,2026-07-30,TD19,2026-10-01,WSC,156.0
GFI,Q,2026-07-30,TD3,2027-01-01,PMT,34.75
GFI,Q,2026-07-30,TD20,2027-01-01,PMT,26.9
GFI,Q,2026-07-30,TD7,2027-01-01,PMT,14.6
GFI,Q,2026-07-30,TD8,2027-01-01,PMT,22.5
GFI,Q,2026-07-30,TD25,2027-01-01,PMT,43.2
GFI,Q,2026-07-30,TD22,2027-01-01,LSM,14.0
GFI,Q,2026-07-30,TD19,2027-01-01,PMT,14.75
GFI,Q,2026-07-30,TD3,2027-04-01,PMT,25.75
GFI,Q,2026-07-30,TD20,2027-04-01,PMT,20.3
GFI,Q,2026-07-30,TD7,2027-04-01,PMT,13.4
GFI,Q,2026-07-30,TD8,2027-04-01,PMT,20.5
GFI,Q,2026-07-30,TD25,2027-04-01,PMT,39.25
GFI,Q,2026-07-30,TD22,2027-04-01,LSM,11.5
GFI,Q,2026-07-30,TD19,2027-04-01,PMT,13.25
GFI,Q,2026-07-30,TD3,2027-07-01,PMT,18.5
GFI,Q,2026-07-30,TD20,2027-07-01,PMT,17.9
GFI,Q,2026-07-30,TD7,2027-07-01,PMT,12.8
GFI,Q,2026-07-30,TD8,2027-07-01,PMT,19.1
GFI,Q,2026-07-30,TD25,2027-07-01,PMT,36.3
GFI,Q,2026-07-30,TD22,2027-07-01,LSM,10.5
GFI,Q,2026-07-30,TD19,2027-07-01,PMT,13.0
GFI,Q,2026-07-30,TD3,2027-10-01,PMT,20.5
GFI,Q,2026-07-30,TD20,2027-10-01,PMT,22.4
GFI,Q,2026-07-30,TD7,2027-10-01,PMT,14.0
GFI,Q,2026-07-30,TD8,2027-10-01,PMT,21.2
GFI,Q,2026-07-30,TD25,2027-10-01,PMT,39.25
GFI,Q,2026-07-30,TD22,2027-10-01,LSM,11.5
GFI,Q,2026-07-30,TD19,2027-10-01,PMT,15.0
GFI,Q,2026-07-30,TD3,2028-01-01,PMT,18.25
GFI,Q,2026-07-30,TD20,2028-01-01,PMT,20.5
GFI,Q,2026-07-30,TD7,2028-01-01,PMT,14.7
GFI,Q,2026-07-30,TD8,2028-01-01,PMT,22.25
GFI,Q,2026-07-30,TD25,2028-01-01,PMT,36.0
GFI,Q,2026-07-30,TD22,2028-01-01,LSM,10.2
GFI,Q,2026-07-30,TD19,2028-01-01,PMT,15.55
GFI,A,2026-07-30,TD3,2027-01-01,PMT,24.875
GFI,A,2026-07-30,TD20,2027-01-01,PMT,21.875
GFI,A,2026-07-30,TD7,2027-01-01,PMT,13.7
GFI,A,2026-07-30,TD8,2027-01-01,PMT,20.825
GFI,A,2026-07-30,TD25,2027-01-01,PMT,39.5
GFI,A,2026-07-30,TD22,2027-01-01,LSM,11.875
GFI,A,2026-07-30,TD19,2027-01-01,PMT,14.0
GFI,A,2026-07-30,TD3,2028-01-01,PMT,16.25
GFI,A,2026-07-30,TD20,2028-01-01,PMT,18.5
GFI,A,2026-07-30,TD7,2028-01-01,PMT,12.7
GFI,A,2026-07-30,TD8,2028-01-01,PMT,20.25
GFI,A,2026-07-30,TD25,2028-01-01,PMT,34.0
GFI,A,2026-07-30,TD22,2028-01-01,LSM,8.2
GFI,A,2026-07-30,TD19,2028-01-01,PMT,13.55
GFI,A,2026-07-30,TD3,2029-01-01,PMT,14.75
GFI,A,2026-07-30,TD20,2029-01-01,PMT,17.25
GFI,A,2026-07-30,TD7,2029-01-01,PMT,12.6
GFI,A,2026-07-30,TD8,2029-01-01,PMT,19.7
GFI,A,2026-07-30,TD25,2029-01-01,PMT,32.0
GFI,A,2026-07-30,TD22,2029-01-01,LSM,8.0
GFI,A,2026-07-30,TD19,2029-01-01,PMT,13.25
GFI,BITR,2026-07-31,TD3,2026-07-01,WSC,428.89
GFI,BITR,2026-07-31,TD20,2026-07-01,WSC,219.22
GFI,BITR,2026-07-31,TD7,2026-07-01,WSC,215.0
GFI,BITR,2026-07-31,TD8,2026-07-01,WSC,304.17
GFI,BITR,2026-07-31,TD25,2026-07-01,WSC,380.28
GFI,BITR,2026-07-31,TD22,2026-07-01,LSM,19.644444
GFI,BITR,2026-07-31,TD19,2026-07-01,WSC,301.56
GFI,M,2026-07-31,TD3,2026-07-01,WSC,365.0
GFI,M,2026-07-31,TD20,2026-07-01,WSC,232.5
GFI,M,2026-07-31,TD7,2026-07-01,WSC,191.5
GFI,M,2026-07-31,TD8,2026-07-01,WSC,302.75
GFI,M,2026-07-31,TD25,2026-07-01,WSC,296.0
GFI,M,2026-07-31,TD22,2026-07-01,LSM,17.65
GFI,M,2026-07-31,TD19,2026-07-01,WSC,298.0
GFI,M,2026-07-31,TD3,2026-08-01,WSC,405.0
GFI,M,2026-07-31,TD20,2026-08-01,WSC,215.0
GFI,M,2026-07-31,TD7,2026-08-01,WSC,192.0
GFI,M,2026-07-31,TD8,2026-08-01,WSC,250.0
GFI,M,2026-07-31,TD25,2026-08-01,WSC,365.0
GFI,M,2026-07-31,TD22,2026-08-01,LSM,18.0
GFI,M,2026-07-31,TD19,2026-08-01,WSC,270.0
GFI,M,2026-07-31,TD3,2026-09-01,WSC,360.0
GFI,M,2026-07-31,TD20,2026-09-01,WSC,215.0
GFI,M,2026-07-31,TD7,2026-09-01,WSC,170.0
GFI,M,2026-07-31,TD8,2026-09-01,WSC,210.0
GFI,M,2026-07-31,TD25,2026-09-01,WSC,290.0
GFI,M,2026-07-31,TD22,2026-09-01,LSM,16.75
GFI,M,2026-07-31,TD19,2026-09-01,WSC,210.0
GFI,M,2026-07-31,TD3,2026-10-01,WSC,297.5
GFI,M,2026-07-31,TD20,2026-10-01,WSC,196.0
GFI,M,2026-07-31,TD7,2026-10-01,WSC,165.0
GFI,M,2026-07-31,TD8,2026-10-01,WSC,190.0
GFI,M,2026-07-31,TD25,2026-10-01,WSC,259.0
GFI,M,2026-07-31,TD22,2026-10-01,LSM,16.75
GFI,M,2026-07-31,TD19,2026-10-01,WSC,165.0
GFI,M,2026-07-31,TD3,2026-11-01,WSC,272.5
GFI,M,2026-07-31,TD20,2026-11-01,WSC,191.0
GFI,M,2026-07-31,TD7,2026-11-01,WSC,162.0
GFI,M,2026-07-31,TD8,2026-11-01,WSC,200.0
GFI,M,2026-07-31,TD25,2026-11-01,WSC,256.5
GFI,M,2026-07-31,TD22,2026-11-01,LSM,16.5
GFI,M,2026-07-31,TD19,2026-11-01,WSC,153.0
GFI,M,2026-07-31,TD3,2026-12-01,WSC,262.5
GFI,M,2026-07-31,TD20,2026-12-01,WSC,186.0
GFI,M,2026-07-31,TD7,2026-12-01,WSC,159.0
GFI,M,2026-07-31,TD8,2026-12-01,WSC,205.0
GFI,M,2026-07-31,TD25,2026-12-01,WSC,246.5
GFI,M,2026-07-31,TD22,2026-12-01,LSM,16.25
GFI,M,2026-07-31,TD19,2026-12-01,WSC,150.0
GFI,M,2026-07-31,TD3,2027-01-01,PMT,38.0
GFI,M,2026-07-31,TD20,2027-01-01,PMT,29.55
GFI,M,2026-07-31,TD7,2027-01-01,PMT,15.1
GFI,M,2026-07-31,TD8,2027-01-01,PMT,23.5
GFI,M,2026-07-31,TD25,2027-01-01,PMT,43.7
GFI,M,2026-07-31,TD22,2027-01-01,LSM,14.0
GFI,M,2026-07-31,TD19,2027-01-01,PMT,15.75
GFI,M,2026-07-31,TD3,2027-02-01,PMT,35.0
GFI,M,2026-07-31,TD20,2027-02-01,PMT,26.55
GFI,M,2026-07-31,TD7,2027-02-01,PMT,14.6
GFI,M,2026-07-31,TD8,2027-02-01,PMT,22.5
GFI,M,2026-07-31,TD25,2027-02-01,PMT,43.7
GFI,M,2026-07-31,TD22,2027-02-01,LSM,14.0
GFI,M,2026-07-31,TD19,2027-02-01,PMT,14.75
GFI,Q,2026-07-31,TD3,2026-07-01,WSC,376.666667
GFI,Q,2026-07-31,TD20,2026-07-01,WSC,220.833333
GFI,Q,2026-07-31,TD7,2026-07-01,WSC,184.5
GFI,Q,2026-07-31,TD8,2026-07-01,WSC,254.25
GFI,Q,2026-07-31,TD25,2026-07-01,WSC,317.0
GFI,Q,2026-07-31,TD22,2026-07-01,LSM,17.466667
GFI,Q,2026-07-31,TD19,2026-07-01,WSC,259.333333
GFI,Q,2026-07-31,TD3,2026-10-01,WSC,277.5
GFI,Q,2026-07-31,TD20,2026-10-01,WSC,191.0
GFI,Q,2026-07-31,TD7,2026-10-01,WSC,162.0
GFI,Q,2026-07-31,TD8,2026-10-01,WSC,198.333333
GFI,Q,2026-07-31,TD25,2026-10-01,WSC,254.0
GFI,Q,2026-07-31,TD22,2026-10-01,LSM,16.5
GFI,Q,2026-07-31,TD19,2026-10-01,WSC,156.0
GFI,Q,2026-07-31,TD3,2027-01-01,PMT,35.0
GFI,Q,2026-07-31,TD20,2027-01-01,PMT,26.55
GFI,Q,2026-07-31,TD7,2027-01-01,PMT,14.6
GFI,Q,2026-07-31,TD8,2027-01-01,PMT,22.5
GFI,Q,2026-07-31,TD25,2027-01-01,PMT,43.7
GFI,Q,2026-07-31,TD22,2027-01-01,LSM,14.0
GFI,Q,2026-07-31,TD19,2027-01-01,PMT,14.75
GFI,Q,2026-07-31,TD3,2027-04-01,PMT,26.0
GFI,Q,2026-07-31,TD20,2027-04-01,PMT,19.95
GFI,Q,2026-07-31,TD7,2027-04-01,PMT,13.4
GFI,Q,2026-07-31,TD8,2027-04-01,PMT,20.5
GFI,Q,2026-07-31,TD25,2027-04-01,PMT,39.75
GFI,Q,2026-07-31,TD22,2027-04-01,LSM,11.5
GFI,Q,2026-07-31,TD19,2027-04-01,PMT,13.25
GFI,Q,2026-07-31,TD3,2027-07-01,PMT,18.5
GFI,Q,2026-07-31,TD20,2027-07-01,PMT,17.5
GFI,Q,2026-07-31,TD7,2027-07-01,PMT,12.8
GFI,Q,2026-07-31,TD8,2027-07-01,PMT,19.1
GFI,Q,2026-07-31,TD25,2027-07-01,PMT,36.8
GFI,Q,2026-07-31,TD22,2027-07-01,LSM,10.5
GFI,Q,2026-07-31,TD19,2027-07-01,PMT,13.0
GFI,Q,2026-07-31,TD3,2027-10-01,PMT,20.5
GFI,Q,2026-07-31,TD20,2027-10-01,PMT,22.0
GFI,Q,2026-07-31,TD7,2027-10-01,PMT,14.0
GFI,Q,2026-07-31,TD8,2027-10-01,PMT,21.2
GFI,Q,2026-07-31,TD25,2027-10-01,PMT,39.75
GFI,Q,2026-07-31,TD22,2027-10-01,LSM,11.5
GFI,Q,2026-07-31,TD19,2027-10-01,PMT,15.0
GFI,Q,2026-07-31,TD3,2028-01-01,PMT,18.25
GFI,Q,2026-07-31,TD20,2028-01-01,PMT,20.5
GFI,Q,2026-07-31,TD7,2028-01-01,PMT,14.7
GFI,Q,2026-07-31,TD8,2028-01-01,PMT,22.25
GFI,Q,2026-07-31,TD25,2028-01-01,PMT,36.0
GFI,Q,2026-07-31,TD22,2028-01-01,LSM,10.2
GFI,Q,2026-07-31,TD19,2028-01-01,PMT,15.55
GFI,A,2026-07-31,TD3,2027-01-01,PMT,25.0
GFI,A,2026-07-31,TD20,2027-01-01,PMT,21.5
GFI,A,2026-07-31,TD7,2027-01-01,PMT,13.7
GFI,A,2026-07-31,TD8,2027-01-01,PMT,20.825
GFI,A,2026-07-31,TD25,2027-01-01,PMT,40.0
GFI,A,2026-07-31,TD22,2027-01-01,LSM,11.875
GFI,A,2026-07-31,TD19,2027-01-01,PMT,14.0
GFI,A,2026-07-31,TD3,2028-01-01,PMT,16.25
GFI,A,2026-07-31,TD20,2028-01-01,PMT,18.5
GFI,A,2026-07-31,TD7,2028-01-01,PMT,12.7
GFI,A,2026-07-31,TD8,2028-01-01,PMT,20.25
GFI,A,2026-07-31,TD25,2028-01-01,PMT,34.0
GFI,A,2026-07-31,TD22,2028-01-01,LSM,8.2
GFI,A,2026-07-31,TD19,2028-01-01,PMT,13.55
GFI,A,2026-07-31,TD3,2029-01-01,PMT,14.75
GFI,A,2026-07-31,TD20,2029-01-01,PMT,17.25
GFI,A,2026-07-31,TD7,2029-01-01,PMT,12.6
GFI,A,2026-07-31,TD8,2029-01-01,PMT,19.7
GFI,A,2026-07-31,TD25,2029-01-01,PMT,32.0
GFI,A,2026-07-31,TD22,2029-01-01,LSM,8.0
GFI,A,2026-07-31,TD19,2029-01-01,PMT,13.25
GFI,BITR,2026-08-03,TD3,2026-08-01,WSC,429.44
GFI,BITR,2026-08-03,TD20,2026-08-01,WSC,207.5
GFI,BITR,2026-08-03,TD7,2026-08-01,WSC,213.33
GFI,BITR,2026-08-03,TD8,2026-08-01,WSC,310.67
GFI,BITR,2026-08-03,TD25,2026-08-01,WSC,380.56
GFI,BITR,2026-08-03,TD22,2026-08-01,LSM,19.444444
GFI,BITR,2026-08-03,TD19,2026-08-01,WSC,243.06
GFI,M,2026-08-03,TD3,2026-08-01,WSC,405.0
GFI,M,2026-08-03,TD20,2026-08-01,WSC,200.0
GFI,M,2026-08-03,TD7,2026-08-01,WSC,192.0
GFI,M,2026-08-03,TD8,2026-08-01,WSC,250.0
GFI,M,2026-08-03,TD25,2026-08-01,WSC,340.0
GFI,M,2026-08-03,TD22,2026-08-01,LSM,18.0
GFI,M,2026-08-03,TD19,2026-08-01,WSC,240.0
GFI,M,2026-08-03,TD3,2026-09-01,WSC,350.0
GFI,M,2026-08-03,TD20,2026-09-01,WSC,205.0
GFI,M,2026-08-03,TD7,2026-09-01,WSC,170.0
GFI,M,2026-08-03,TD8,2026-09-01,WSC,210.0
GFI,M,2026-08-03,TD25,2026-09-01,WSC,270.0
GFI,M,2026-08-03,TD22,2026-09-01,LSM,16.75
GFI,M,2026-08-03,TD19,2026-09-01,WSC,200.0
GFI,M,2026-08-03,TD3,2026-10-01,WSC,295.0
GFI,M,2026-08-03,TD20,2026-10-01,WSC,190.0
GFI,M,2026-08-03,TD7,2026-10-01,WSC,165.0
GFI,M,2026-08-03,TD8,2026-10-01,WSC,190.0
GFI,M,2026-08-03,TD25,2026-10-01,WSC,258.0
GFI,M,2026-08-03,TD22,2026-10-01,LSM,16.75
GFI,M,2026-08-03,TD19,2026-10-01,WSC,165.0
GFI,M,2026-08-03,TD3,2026-11-01,WSC,270.0
GFI,M,2026-08-03,TD20,2026-11-01,WSC,186.0
GFI,M,2026-08-03,TD7,2026-11-01,WSC,162.0
GFI,M,2026-08-03,TD8,2026-11-01,WSC,200.0
GFI,M,2026-08-03,TD25,2026-11-01,WSC,250.0
GFI,M,2026-08-03,TD22,2026-11-01,LSM,16.5
GFI,M,2026-08-03,TD19,2026-11-01,WSC,153.0
GFI,M,2026-08-03,TD3,2026-12-01,WSC,260.0
GFI,M,2026-08-03,TD20,2026-12-01,WSC,182.0
GFI,M,2026-08-03,TD7,2026-12-01,WSC,159.0
GFI,M,2026-08-03,TD8,2026-12-01,WSC,205.0
GFI,M,2026-08-03,TD25,2026-12-01,WSC,242.0
GFI,M,2026-08-03,TD22,2026-12-01,LSM,16.25
GFI,M,2026-08-03,TD19,2026-12-01,WSC,150.0
GFI,M,2026-08-03,TD3,2027-01-01,PMT,38.0
GFI,M,2026-08-03,TD20,2027-01-01,PMT,29.35
GFI,M,2026-08-03,TD7,2027-01-01,PMT,15.1
GFI,M,2026-08-03,TD8,2027-01-01,PMT,23.5
GFI,M,2026-08-03,TD25,2027-01-01,PMT,42.75
GFI,M,2026-08-03,TD22,2027-01-01,LSM,14.0
GFI,M,2026-08-03,TD19,2027-01-01,PMT,15.75
GFI,M,2026-08-03,TD3,2027-02-01,PMT,35.0
GFI,M,2026-08-03,TD20,2027-02-01,PMT,26.35
GFI,M,2026-08-03,TD7,2027-02-01,PMT,14.6
GFI,M,2026-08-03,TD8,2027-02-01,PMT,22.5
GFI,M,2026-08-03,TD25,2027-02-01,PMT,42.75
GFI,M,2026-08-03,TD22,2027-02-01,LSM,14.0
GFI,M,2026-08-03,TD19,2027-02-01,PMT,14.75
GFI,M,2026-08-03,TD3,2027-03-01,PMT,32.0
GFI,M,2026-08-03,TD20,2027-03-01,PMT,23.35
GFI,M,2026-08-03,TD7,2027-03-01,PMT,14.1
GFI,M,2026-08-03,TD8,2027-03-01,PMT,21.5
GFI,M,2026-08-03,TD25,2027-03-01,PMT,42.75
GFI,M,2026-08-03,TD22,2027-03-01,LSM,14.0
GFI,M,2026-08-03,TD19,2027-03-01,PMT,13.75
GFI,Q,2026-08-03,TD3,2026-10-01,WSC,275.0
GFI,Q,2026-08-03,TD20,2026-10-01,WSC,186.0
GFI,Q,2026-08-03,TD7,2026-10-01,WSC,162.0
GFI,Q,2026-08-03,TD8,2026-10-01,WSC,198.333333
GFI,Q,2026-08-03,TD25,2026-10-01,WSC,250.0
GFI,Q,2026-08-03,TD22,2026-10-01,LSM,16.5
GFI,Q,2026-08-03,TD19,2026-10-01,WSC,156.0
GFI,Q,2026-08-03,TD3,2027-01-01,PMT,35.0
GFI,Q,2026-08-03,TD20,2027-01-01,PMT,26.35
GFI,Q,2026-08-03,TD7,2027-01-01,PMT,14.6
GFI,Q,2026-08-03,TD8,2027-01-01,PMT,22.5
GFI,Q,2026-08-03,TD25,2027-01-01,PMT,42.75
GFI,Q,2026-08-03,TD22,2027-01-01,LSM,14.0
GFI,Q,2026-08-03,TD19,2027-01-01,PMT,14.75
GFI,Q,2026-08-03,TD3,2027-04-01,PMT,26.0
GFI,Q,2026-08-03,TD20,2027-04-01,PMT,19.75
GFI,Q,2026-08-03,TD7,2027-04-01,PMT,13.4
GFI,Q,2026-08-03,TD8,2027-04-01,PMT,20.5
GFI,Q,2026-08-03,TD25,2027-04-01,PMT,38.75
GFI,Q,2026-08-03,TD22,2027-04-01,LSM,11.5
GFI,Q,2026-08-03,TD19,2027-04-01,PMT,13.25
GFI,Q,2026-08-03,TD3,2027-07-01,PMT,18.5
GFI,Q,2026-08-03,TD20,2027-07-01,PMT,17.3
GFI,Q,2026-08-03,TD7,2027-07-01,PMT,12.8
GFI,Q,2026-08-03,TD8,2027-07-01,PMT,19.1
GFI,Q,2026-08-03,TD25,2027-07-01,PMT,35.75
GFI,Q,2026-08-03,TD22,2027-07-01,LSM,10.5
GFI,Q,2026-08-03,TD19,2027-07-01,PMT,13.0
GFI,Q,2026-08-03,TD3,2027-10-01,PMT,20.5
GFI,Q,2026-08-03,TD20,2027-10-01,PMT,21.8
GFI,Q,2026-08-03,TD7,2027-10-01,PMT,14.0
GFI,Q,2026-08-03,TD8,2027-10-01,PMT,21.2
GFI,Q,2026-08-03,TD25,2027-10-01,PMT,39.15
GFI,Q,2026-08-03,TD22,2027-10-01,LSM,11.5
GFI,Q,2026-08-03,TD19,2027-10-01,PMT,15.0
GFI,Q,2026-08-03,TD3,2028-01-01,PMT,18.25
GFI,Q,2026-08-03,TD20,2028-01-01,PMT,20.3
GFI,Q,2026-08-03,TD7,2028-01-01,PMT,14.7
GFI,Q,2026-08-03,TD8,2028-01-01,PMT,22.25
GFI,Q,2026-08-03,TD25,2028-01-01,PMT,35.75
GFI,Q,2026-08-03,TD22,2028-01-01,LSM,10.2
GFI,Q,2026-08-03,TD19,2028-01-01,PMT,15.55
GFI,Q,2026-08-03,TD3,2028-04-01,PMT,16.25
GFI,Q,2026-08-03,TD20,2028-04-01,PMT,18.3
GFI,Q,2026-08-03,TD7,2028-04-01,PMT,12.7
GFI,Q,2026-08-03,TD8,2028-04-01,PMT,20.25
GFI,Q,2026-08-03,TD25,2028-04-01,PMT,33.75
GFI,Q,2026-08-03,TD22,2028-04-01,LSM,8.2
GFI,Q,2026-08-03,TD19,2028-04-01,PMT,13.55
GFI,A,2026-08-03,TD3,2027-01-01,PMT,25.0
GFI,A,2026-08-03,TD20,2027-01-01,PMT,21.3
GFI,A,2026-08-03,TD7,2027-01-01,PMT,13.7
GFI,A,2026-08-03,TD8,2027-01-01,PMT,20.825
GFI,A,2026-08-03,TD25,2027-01-01,PMT,39.1
GFI,A,2026-08-03,TD22,2027-01-01,LSM,11.875
GFI,A,2026-08-03,TD19,2027-01-01,PMT,14.0
GFI,A,2026-08-03,TD3,2028-01-01,PMT,16.25
GFI,A,2026-08-03,TD20,2028-01-01,PMT,18.3
GFI,A,2026-08-03,TD7,2028-01-01,PMT,12.7
GFI,A,2026-08-03,TD8,2028-01-01,PMT,20.25
GFI,A,2026-08-03,TD25,2028-01-01,PMT,33.75
GFI,A,2026-08-03,TD22,2028-01-01,LSM,8.2
GFI,A,2026-08-03,TD19,2028-01-01,PMT,13.55
GFI,A,2026-08-03,TD3,2029-01-01,PMT,14.75
GFI,A,2026-08-03,TD20,2029-01-01,PMT,17.05
GFI,A,2026-08-03,TD7,2029-01-01,PMT,12.6
GFI,A,2026-08-03,TD8,2029-01-01,PMT,19.7
GFI,A,2026-08-03,TD25,2029-01-01,PMT,32.0
GFI,A,2026-08-03,TD22,2029-01-01,LSM,8.0
GFI,A,2026-08-03,TD19,2029-01-01,PMT,13.25
GFI,BITR,2026-08-04,TD3,2026-08-01,WSC,429.44
GFI,BITR,2026-08-04,TD20,2026-08-01,WSC,176.94
GFI,BITR,2026-08-04,TD7,2026-08-01,WSC,212.08
GFI,BITR,2026-08-04,TD8,2026-08-01,WSC,315.42
GFI,BITR,2026-08-04,TD25,2026-08-01,WSC,369.44
GFI,BITR,2026-08-04,TD22,2026-08-01,LSM,19.166667
GFI,BITR,2026-08-04,TD19,2026-08-01,WSC,244.33
GFI,M,2026-08-04,TD3,2026-08-01,WSC,395.0
GFI,M,2026-08-04,TD20,2026-08-01,WSC,175.0
GFI,M,2026-08-04,TD7,2026-08-01,WSC,192.0
GFI,M,2026-08-04,TD8,2026-08-01,WSC,285.0
GFI,M,2026-08-04,TD25,2026-08-01,WSC,275.0
GFI,M,2026-08-04,TD22,2026-08-01,LSM,18.0
GFI,M,2026-08-04,TD19,2026-08-01,WSC,240.0
GFI,M,2026-08-04,TD3,2026-09-01,WSC,347.5
GFI,M,2026-08-04,TD20,2026-09-01,WSC,185.0
GFI,M,2026-08-04,TD7,2026-09-01,WSC,170.0
GFI,M,2026-08-04,TD8,2026-09-01,WSC,235.0
GFI,M,2026-08-04,TD25,2026-09-01,WSC,240.0
GFI,M,2026-08-04,TD22,2026-09-01,LSM,16.75
GFI,M,2026-08-04,TD19,2026-09-01,WSC,200.0
GFI,M,2026-08-04,TD3,2026-10-01,WSC,297.0
GFI,M,2026-08-04,TD20,2026-10-01,WSC,187.0
GFI,M,2026-08-04,TD7,2026-10-01,WSC,165.0
GFI,M,2026-08-04,TD8,2026-10-01,WSC,205.0
GFI,M,2026-08-04,TD25,2026-10-01,WSC,235.0
GFI,M,2026-08-04,TD22,2026-10-01,LSM,16.75
GFI,M,2026-08-04,TD19,2026-10-01,WSC,165.0
GFI,M,2026-08-04,TD3,2026-11-01,WSC,269.0
GFI,M,2026-08-04,TD20,2026-11-01,WSC,185.0
GFI,M,2026-08-04,TD7,2026-11-01,WSC,162.0
GFI,M,2026-08-04,TD8,2026-11-01,WSC,200.0
GFI,M,2026-08-04,TD25,2026-11-01,WSC,220.0
GFI,M,2026-08-04,TD22,2026-11-01,LSM,16.5
GFI,M,2026-08-04,TD19,2026-11-01,WSC,153.0
GFI,M,2026-08-04,TD3,2026-12-01,WSC,259.0
GFI,M,2026-08-04,TD20,2026-12-01,WSC,183.0
GFI,M,2026-08-04,TD7,2026-12-01,WSC,159.0
GFI,M,2026-08-04,TD8,2026-12-01,WSC,195.0
GFI,M,2026-08-04,TD25,2026-12-01,WSC,220.0
GFI,M,2026-08-04,TD22,2026-12-01,LSM,16.25
GFI,M,2026-08-04,TD19,2026-12-01,WSC,150.0
GFI,M,2026-08-04,TD3,2027-01-01,PMT,38.75
GFI,M,2026-08-04,TD20,2027-01-01,PMT,28.5
GFI,M,2026-08-04,TD7,2027-01-01,PMT,15.1
GFI,M,2026-08-04,TD8,2027-01-01,PMT,23.5
GFI,M,2026-08-04,TD25,2027-01-01,PMT,41.75
GFI,M,2026-08-04,TD22,2027-01-01,LSM,14.0
GFI,M,2026-08-04,TD19,2027-01-01,PMT,15.75
GFI,M,2026-08-04,TD3,2027-02-01,PMT,35.75
GFI,M,2026-08-04,TD20,2027-02-01,PMT,25.5
GFI,M,2026-08-04,TD7,2027-02-01,PMT,14.6
GFI,M,2026-08-04,TD8,2027-02-01,PMT,22.5
GFI,M,2026-08-04,TD25,2027-02-01,PMT,41.75
GFI,M,2026-08-04,TD22,2027-02-01,LSM,14.0
GFI,M,2026-08-04,TD19,2027-02-01,PMT,14.75
GFI,M,2026-08-04,TD3,2027-03-01,PMT,32.75
GFI,M,2026-08-04,TD20,2027-03-01,PMT,22.5
GFI,M,2026-08-04,TD7,2027-03-01,PMT,14.1
GFI,M,2026-08-04,TD8,2027-03-01,PMT,21.5
GFI,M,2026-08-04,TD25,2027-03-01,PMT,41.75
GFI,M,2026-08-04,TD22,2027-03-01,LSM,14.0
GFI,M,2026-08-04,TD19,2027-03-01,PMT,13.75
GFI,Q,2026-08-04,TD3,2026-10-01,WSC,275.0
GFI,Q,2026-08-04,TD20,2026-10-01,WSC,185.0
GFI,Q,2026-08-04,TD7,2026-10-01,WSC,162.0
GFI,Q,2026-08-04,TD8,2026-10-01,WSC,200.0
GFI,Q,2026-08-04,TD25,2026-10-01,WSC,225.0
GFI,Q,2026-08-04,TD22,2026-10-01,LSM,16.5
GFI,Q,2026-08-04,TD19,2026-10-01,WSC,156.0
GFI,Q,2026-08-04,TD3,2027-01-01,PMT,35.75
GFI,Q,2026-08-04,TD20,2027-01-01,PMT,25.5
GFI,Q,2026-08-04,TD7,2027-01-01,PMT,14.6
GFI,Q,2026-08-04,TD8,2027-01-01,PMT,22.5
GFI,Q,2026-08-04,TD25,2027-01-01,PMT,41.75
GFI,Q,2026-08-04,TD22,2027-01-01,LSM,14.0
GFI,Q,2026-08-04,TD19,2027-01-01,PMT,14.75
GFI,Q,2026-08-04,TD3,2027-04-01,PMT,26.75
GFI,Q,2026-08-04,TD20,2027-04-01,PMT,19.0
GFI,Q,2026-08-04,TD7,2027-04-01,PMT,13.4
GFI,Q,2026-08-04,TD8,2027-04-01,PMT,20.5
GFI,Q,2026-08-04,TD25,2027-04-01,PMT,37.25
GFI,Q,2026-08-04,TD22,2027-04-01,LSM,11.5
GFI,Q,2026-08-04,TD19,2027-04-01,PMT,13.25
GFI,Q,2026-08-04,TD3,2027-07-01,PMT,18.75
GFI,Q,2026-08-04,TD20,2027-07-01,PMT,16.5
GFI,Q,2026-08-04,TD7,2027-07-01,PMT,12.8
GFI,Q,2026-08-04,TD8,2027-07-01,PMT,19.1
GFI,Q,2026-08-04,TD25,2027-07-01,PMT,34.45
GFI,Q,2026-08-04,TD22,2027-07-01,LSM,10.5
GFI,Q,2026-08-04,TD19,2027-07-01,PMT,13.0
GFI,Q,2026-08-04,TD3,2027-10-01,PMT,20.75
GFI,Q,2026-08-04,TD20,2027-10-01,PMT,21.0
GFI,Q,2026-08-04,TD7,2027-10-01,PMT,14.0
GFI,Q,2026-08-04,TD8,2027-10-01,PMT,21.2
GFI,Q,2026-08-04,TD25,2027-10-01,PMT,37.5
GFI,Q,2026-08-04,TD22,2027-10-01,LSM,11.5
GFI,Q,2026-08-04,TD19,2027-10-01,PMT,15.0
GFI,Q,2026-08-04,TD3,2028-01-01,PMT,18.25
GFI,Q,2026-08-04,TD20,2028-01-01,PMT,20.1
GFI,Q,2026-08-04,TD7,2028-01-01,PMT,14.7
GFI,Q,2026-08-04,TD8,2028-01-01,PMT,22.25
GFI,Q,2026-08-04,TD25,2028-01-01,PMT,35.5
GFI,Q,2026-08-04,TD22,2028-01-01,LSM,10.2
GFI,Q,2026-08-04,TD19,2028-01-01,PMT,15.55
GFI,Q,2026-08-04,TD3,2028-04-01,PMT,16.25
GFI,Q,2026-08-04,TD20,2028-04-01,PMT,18.1
GFI,Q,2026-08-04,TD7,2028-04-01,PMT,12.7
GFI,Q,2026-08-04,TD8,2028-04-01,PMT,20.25
GFI,Q,2026-08-04,TD25,2028-04-01,PMT,33.5
GFI,Q,2026-08-04,TD22,2028-04-01,LSM,8.2
GFI,Q,2026-08-04,TD19,2028-04-01,PMT,13.55
GFI,A,2026-08-04,TD3,2027-01-01,PMT,25.5
GFI,A,2026-08-04,TD20,2027-01-01,PMT,20.5
GFI,A,2026-08-04,TD7,2027-01-01,PMT,13.7
GFI,A,2026-08-04,TD8,2027-01-01,PMT,20.825
GFI,A,2026-08-04,TD25,2027-01-01,PMT,37.7375
GFI,A,2026-08-04,TD22,2027-01-01,LSM,11.875
GFI,A,2026-08-04,TD19,2027-01-01,PMT,14.0
GFI,A,2026-08-04,TD3,2028-01-01,PMT,16.25
GFI,A,2026-08-04,TD20,2028-01-01,PMT,18.1
GFI,A,2026-08-04,TD7,2028-01-01,PMT,12.7
GFI,A,2026-08-04,TD8,2028-01-01,PMT,20.25
GFI,A,2026-08-04,TD25,2028-01-01,PMT,33.5
GFI,A,2026-08-04,TD22,2028-01-01,LSM,8.2
GFI,A,2026-08-04,TD19,2028-01-01,PMT,13.55
GFI,A,2026-08-04,TD3,2029-01-01,PMT,14.75
GFI,A,2026-08-04,TD20,2029-01-01,PMT,16.85
GFI,A,2026-08-04,TD7,2029-01-01,PMT,12.6
GFI,A,2026-08-04,TD8,2029-01-01,PMT,19.7
GFI,A,2026-08-04,TD25,2029-01-01,PMT,31.75
GFI,A,2026-08-04,TD22,2029-01-01,LSM,8.0
GFI,A,2026-08-04,TD19,2029-01-01,PMT,13.25
GFI,BITR,2026-08-05,TD3,2026-08-01,WSC,432.22
GFI,BITR,2026-08-05,TD20,2026-08-01,WSC,172.5
GFI,BITR,2026-08-05,TD7,2026-08-01,WSC,212.5
GFI,BITR,2026-08-05,TD8,2026-08-01,WSC,318.0
GFI,BITR,2026-08-05,TD25,2026-08-01,WSC,341.67
GFI,BITR,2026-08-05,TD22,2026-08-01,LSM,18.938889
GFI,BITR,2026-08-05,TD19,2026-08-01,WSC,243.72
GFI,M,2026-08-05,TD3,2026-08-01,WSC,395.0
GFI,M,2026-08-05,TD20,2026-08-01,WSC,180.0
GFI,M,2026-08-05,TD7,2026-08-01,WSC,192.0
GFI,M,2026-08-05,TD8,2026-08-01,WSC,295.0
GFI,M,2026-08-05,TD25,2026-08-01,WSC,290.0
GFI,M,2026-08-05,TD22,2026-08-01,LSM,20.0
GFI,M,2026-08-05,TD19,2026-08-01,WSC,240.0
GFI,M,2026-08-05,TD3,2026-09-01,WSC,342.5
GFI,M,2026-08-05,TD20,2026-09-01,WSC,191.0
GFI,M,2026-08-05,TD7,2026-09-01,WSC,170.0
GFI,M,2026-08-05,TD8,2026-09-01,WSC,235.0
GFI,M,2026-08-05,TD25,2026-09-01,WSC,245.0
GFI,M,2026-08-05,TD22,2026-09-01,LSM,18.75
GFI,M,2026-08-05,TD19,2026-09-01,WSC,200.0
GFI,M,2026-08-05,TD3,2026-10-01,WSC,280.0
GFI,M,2026-08-05,TD20,2026-10-01,WSC,184.0
GFI,M,2026-08-05,TD7,2026-10-01,WSC,165.0
GFI,M,2026-08-05,TD8,2026-10-01,WSC,205.0
GFI,M,2026-08-05,TD25,2026-10-01,WSC,240.0
GFI,M,2026-08-05,TD22,2026-10-01,LSM,18.5
GFI,M,2026-08-05,TD19,2026-10-01,WSC,165.0
GFI,M,2026-08-05,TD3,2026-11-01,WSC,271.0
GFI,M,2026-08-05,TD20,2026-11-01,WSC,180.0
GFI,M,2026-08-05,TD7,2026-11-01,WSC,162.0
GFI,M,2026-08-05,TD8,2026-11-01,WSC,200.0
GFI,M,2026-08-05,TD25,2026-11-01,WSC,230.0
GFI,M,2026-08-05,TD22,2026-11-01,LSM,18.0
GFI,M,2026-08-05,TD19,2026-11-01,WSC,153.0
GFI,M,2026-08-05,TD3,2026-12-01,WSC,259.0
GFI,M,2026-08-05,TD20,2026-12-01,WSC,176.0
GFI,M,2026-08-05,TD7,2026-12-01,WSC,159.0
GFI,M,2026-08-05,TD8,2026-12-01,WSC,195.0
GFI,M,2026-08-05,TD25,2026-12-01,WSC,220.0
GFI,M,2026-08-05,TD22,2026-12-01,LSM,17.5
GFI,M,2026-08-05,TD19,2026-12-01,WSC,150.0
GFI,M,2026-08-05,TD3,2027-01-01,PMT,38.6
GFI,M,2026-08-05,TD20,2027-01-01,PMT,28.25
GFI,M,2026-08-05,TD7,2027-01-01,PMT,15.1
GFI,M,2026-08-05,TD8,2027-01-01,PMT,23.5
GFI,M,2026-08-05,TD25,2027-01-01,PMT,42.0
GFI,M,2026-08-05,TD22,2027-01-01,LSM,16.0
GFI,M,2026-08-05,TD19,2027-01-01,PMT,15.75
GFI,M,2026-08-05,TD3,2027-02-01,PMT,35.6
GFI,M,2026-08-05,TD20,2027-02-01,PMT,25.25
GFI,M,2026-08-05,TD7,2027-02-01,PMT,14.6
GFI,M,2026-08-05,TD8,2027-02-01,PMT,22.5
GFI,M,2026-08-05,TD25,2027-02-01,PMT,42.0
GFI,M,2026-08-05,TD22,2027-02-01,LSM,16.0
GFI,M,2026-08-05,TD19,2027-02-01,PMT,14.75
GFI,M,2026-08-05,TD3,2027-03-01,PMT,32.6
GFI,M,2026-08-05,TD20,2027-03-01,PMT,22.25
GFI,M,2026-08-05,TD7,2027-03-01,PMT,14.1
GFI,M,2026-08-05,TD8,2027-03-01,PMT,21.5
GFI,M,2026-08-05,TD25,2027-03-01,PMT,42.0
GFI,M,2026-08-05,TD22,2027-03-01,LSM,16.0
GFI,M,2026-08-05,TD19,2027-03-01,PMT,13.75
GFI,Q,2026-08-05,TD3,2026-10-01,WSC,270.0
GFI,Q,2026-08-05,TD20,2026-10-01,WSC,180.0
GFI,Q,2026-08-05,TD7,2026-10-01,WSC,162.0
GFI,Q,2026-08-05,TD8,2026-10-01,WSC,200.0
GFI,Q,2026-08-05,TD25,2026-10-01,WSC,230.0
GFI,Q,2026-08-05,TD22,2026-10-01,LSM,18.0
GFI,Q,2026-08-05,TD19,2026-10-01,WSC,156.0
GFI,Q,2026-08-05,TD3,2027-01-01,PMT,35.6
GFI,Q,2026-08-05,TD20,2027-01-01,PMT,25.25
GFI,Q,2026-08-05,TD7,2027-01-01,PMT,14.6
GFI,Q,2026-08-05,TD8,2027-01-01,PMT,22.5
GFI,Q,2026-08-05,TD25,2027-01-01,PMT,42.0
GFI,Q,2026-08-05,TD22,2027-01-01,LSM,16.0
GFI,Q,2026-08-05,TD19,2027-01-01,PMT,14.75
GFI,Q,2026-08-05,TD3,2027-04-01,PMT,26.7
GFI,Q,2026-08-05,TD20,2027-04-01,PMT,19.0
GFI,Q,2026-08-05,TD7,2027-04-01,PMT,13.4
GFI,Q,2026-08-05,TD8,2027-04-01,PMT,20.5
GFI,Q,2026-08-05,TD25,2027-04-01,PMT,37.56
GFI,Q,2026-08-05,TD22,2027-04-01,LSM,13.5
GFI,Q,2026-08-05,TD19,2027-04-01,PMT,13.25
GFI,Q,2026-08-05,TD3,2027-07-01,PMT,18.65
GFI,Q,2026-08-05,TD20,2027-07-01,PMT,16.8
GFI,Q,2026-08-05,TD7,2027-07-01,PMT,12.8
GFI,Q,2026-08-05,TD8,2027-07-01,PMT,19.1
GFI,Q,2026-08-05,TD25,2027-07-01,PMT,34.56
GFI,Q,2026-08-05,TD22,2027-07-01,LSM,12.5
GFI,Q,2026-08-05,TD19,2027-07-01,PMT,13.0
GFI,Q,2026-08-05,TD3,2027-10-01,PMT,20.65
GFI,Q,2026-08-05,TD20,2027-10-01,PMT,20.95
GFI,Q,2026-08-05,TD7,2027-10-01,PMT,14.0
GFI,Q,2026-08-05,TD8,2027-10-01,PMT,21.2
GFI,Q,2026-08-05,TD25,2027-10-01,PMT,37.45
GFI,Q,2026-08-05,TD22,2027-10-01,LSM,13.5
GFI,Q,2026-08-05,TD19,2027-10-01,PMT,15.0
GFI,Q,2026-08-05,TD3,2028-01-01,PMT,18.25
GFI,Q,2026-08-05,TD20,2028-01-01,PMT,19.9
GFI,Q,2026-08-05,TD7,2028-01-01,PMT,14.7
GFI,Q,2026-08-05,TD8,2028-01-01,PMT,22.25
GFI,Q,2026-08-05,TD25,2028-01-01,PMT,35.5
GFI,Q,2026-08-05,TD22,2028-01-01,LSM,11.5
GFI,Q,2026-08-05,TD19,2028-01-01,PMT,15.55
GFI,Q,2026-08-05,TD3,2028-04-01,PMT,16.25
GFI,Q,2026-08-05,TD20,2028-04-01,PMT,17.9
GFI,Q,2026-08-05,TD7,2028-04-01,PMT,12.7
GFI,Q,2026-08-05,TD8,2028-04-01,PMT,20.25
GFI,Q,2026-08-05,TD25,2028-04-01,PMT,33.5
GFI,Q,2026-08-05,TD22,2028-04-01,LSM,9.5
GFI,Q,2026-08-05,TD19,2028-04-01,PMT,13.55
GFI,A,2026-08-05,TD3,2027-01-01,PMT,25.4
GFI,A,2026-08-05,TD20,2027-01-01,PMT,20.5
GFI,A,2026-08-05,TD7,2027-01-01,PMT,13.7
GFI,A,2026-08-05,TD8,2027-01-01,PMT,20.825
GFI,A,2026-08-05,TD25,2027-01-01,PMT,37.8925
GFI,A,2026-08-05,TD22,2027-01-01,LSM,13.875
GFI,A,2026-08-05,TD19,2027-01-01,PMT,14.0
GFI,A,2026-08-05,TD3,2028-01-01,PMT,16.25
GFI,A,2026-08-05,TD20,2028-01-01,PMT,17.9
GFI,A,2026-08-05,TD7,2028-01-01,PMT,12.7
GFI,A,2026-08-05,TD8,2028-01-01,PMT,20.25
GFI,A,2026-08-05,TD25,2028-01-01,PMT,33.5
GFI,A,2026-08-05,TD22,2028-01-01,LSM,9.5
GFI,A,2026-08-05,TD19,2028-01-01,PMT,13.55
GFI,A,2026-08-05,TD3,2029-01-01,PMT,14.75
GFI,A,2026-08-05,TD20,2029-01-01,PMT,16.4
GFI,A,2026-08-05,TD7,2029-01-01,PMT,12.6
GFI,A,2026-08-05,TD8,2029-01-01,PMT,19.7
GFI,A,2026-08-05,TD25,2029-01-01,PMT,31.75
GFI,A,2026-08-05,TD22,2029-01-01,LSM,9.3
GFI,A,2026-08-05,TD19,2029-01-01,PMT,13.25
GFI,BITR,2026-08-06,TD3,2026-08-01,WSC,475.56
GFI,BITR,2026-08-06,TD20,2026-08-01,WSC,172.22
GFI,BITR,2026-08-06,TD7,2026-08-01,WSC,212.92
GFI,BITR,2026-08-06,TD8,2026-08-01,WSC,319.58
GFI,BITR,2026-08-06,TD25,2026-08-01,WSC,306.67
GFI,BITR,2026-08-06,TD22,2026-08-01,LSM,18.766667
GFI,BITR,2026-08-06,TD19,2026-08-01,WSC,241.89
GFI,M,2026-08-06,TD3,2026-08-01,WSC,430.0
GFI,M,2026-08-06,TD20,2026-08-01,WSC,195.0
GFI,M,2026-08-06,TD7,2026-08-01,WSC,200.0
GFI,M,2026-08-06,TD8,2026-08-01,WSC,415.0
GFI,M,2026-08-06,TD25,2026-08-01,WSC,320.0
GFI,M,2026-08-06,TD22,2026-08-01,LSM,20.0
GFI,M,2026-08-06,TD19,2026-08-01,WSC,240.0
GFI,M,2026-08-06,TD3,2026-09-01,WSC,370.0
GFI,M,2026-08-06,TD20,2026-09-01,WSC,200.0
GFI,M,2026-08-06,TD7,2026-09-01,WSC,175.0
GFI,M,2026-08-06,TD8,2026-09-01,WSC,350.0
GFI,M,2026-08-06,TD25,2026-09-01,WSC,285.0
GFI,M,2026-08-06,TD22,2026-09-01,LSM,18.75
GFI,M,2026-08-06,TD19,2026-09-01,WSC,200.0
GFI,M,2026-08-06,TD3,2026-10-01,WSC,293.0
GFI,M,2026-08-06,TD20,2026-10-01,WSC,196.0
GFI,M,2026-08-06,TD7,2026-10-01,WSC,165.0
GFI,M,2026-08-06,TD8,2026-10-01,WSC,280.0
GFI,M,2026-08-06,TD25,2026-10-01,WSC,260.0
GFI,M,2026-08-06,TD22,2026-10-01,LSM,18.5
GFI,M,2026-08-06,TD19,2026-10-01,WSC,165.0
GFI,M,2026-08-06,TD3,2026-11-01,WSC,280.0
GFI,M,2026-08-06,TD20,2026-11-01,WSC,192.0
GFI,M,2026-08-06,TD7,2026-11-01,WSC,162.0
GFI,M,2026-08-06,TD8,2026-11-01,WSC,260.0
GFI,M,2026-08-06,TD25,2026-11-01,WSC,247.5
GFI,M,2026-08-06,TD22,2026-11-01,LSM,18.0
GFI,M,2026-08-06,TD19,2026-11-01,WSC,153.0
GFI,M,2026-08-06,TD3,2026-12-01,WSC,267.0
GFI,M,2026-08-06,TD20,2026-12-01,WSC,188.0
GFI,M,2026-08-06,TD7,2026-12-01,WSC,159.0
GFI,M,2026-08-06,TD8,2026-12-01,WSC,240.0
GFI,M,2026-08-06,TD25,2026-12-01,WSC,237.5
GFI,M,2026-08-06,TD22,2026-12-01,LSM,17.5
GFI,M,2026-08-06,TD19,2026-12-01,WSC,150.0
GFI,M,2026-08-06,TD3,2027-01-01,PMT,39.3
GFI,M,2026-08-06,TD20,2027-01-01,PMT,28.65
GFI,M,2026-08-06,TD7,2027-01-01,PMT,15.1
GFI,M,2026-08-06,TD8,2027-01-01,PMT,23.5
GFI,M,2026-08-06,TD25,2027-01-01,PMT,43.5
GFI,M,2026-08-06,TD22,2027-01-01,LSM,16.0
GFI,M,2026-08-06,TD19,2027-01-01,PMT,15.75
GFI,M,2026-08-06,TD3,2027-02-01,PMT,36.3
GFI,M,2026-08-06,TD20,2027-02-01,PMT,25.65
GFI,M,2026-08-06,TD7,2027-02-01,PMT,14.6
GFI,M,2026-08-06,TD8,2027-02-01,PMT,22.5
GFI,M,2026-08-06,TD25,2027-02-01,PMT,43.5
GFI,M,2026-08-06,TD22,2027-02-01,LSM,16.0
GFI,M,2026-08-06,TD19,2027-02-01,PMT,14.75
GFI,M,2026-08-06,TD3,2027-03-01,PMT,33.3
GFI,M,2026-08-06,TD20,2027-03-01,PMT,22.65
GFI,M,2026-08-06,TD7,2027-03-01,PMT,14.1
GFI,M,2026-08-06,TD8,2027-03-01,PMT,21.5
GFI,M,2026-08-06,TD25,2027-03-01,PMT,43.5
GFI,M,2026-08-06,TD22,2027-03-01,LSM,16.0
GFI,M,2026-08-06,TD19,2027-03-01,PMT,13.75
GFI,Q,2026-08-06,TD3,2026-10-01,WSC,280.0
GFI,Q,2026-08-06,TD20,2026-10-01,WSC,192.0
GFI,Q,2026-08-06,TD7,2026-10-01,WSC,162.0
GFI,Q,2026-08-06,TD8,2026-10-01,WSC,260.0
GFI,Q,2026-08-06,TD25,2026-10-01,WSC,248.333333
GFI,Q,2026-08-06,TD22,2026-10-01,LSM,18.0
GFI,Q,2026-08-06,TD19,2026-10-01,WSC,156.0
GFI,Q,2026-08-06,TD3,2027-01-01,PMT,36.3
GFI,Q,2026-08-06,TD20,2027-01-01,PMT,25.65
GFI,Q,2026-08-06,TD7,2027-01-01,PMT,14.6
GFI,Q,2026-08-06,TD8,2027-01-01,PMT,22.5
GFI,Q,2026-08-06,TD25,2027-01-01,PMT,43.5
GFI,Q,2026-08-06,TD22,2027-01-01,LSM,16.0
GFI,Q,2026-08-06,TD19,2027-01-01,PMT,14.75
GFI,Q,2026-08-06,TD3,2027-04-01,PMT,27.5
GFI,Q,2026-08-06,TD20,2027-04-01,PMT,19.25
GFI,Q,2026-08-06,TD7,2027-04-01,PMT,13.4
GFI,Q,2026-08-06,TD8,2027-04-01,PMT,20.5
GFI,Q,2026-08-06,TD25,2027-04-01,PMT,38.25
GFI,Q,2026-08-06,TD22,2027-04-01,LSM,13.5
GFI,Q,2026-08-06,TD19,2027-04-01,PMT,13.25
GFI,Q,2026-08-06,TD3,2027-07-01,PMT,19.0
GFI,Q,2026-08-06,TD20,2027-07-01,PMT,16.9
GFI,Q,2026-08-06,TD7,2027-07-01,PMT,12.8
GFI,Q,2026-08-06,TD8,2027-07-01,PMT,19.1
GFI,Q,2026-08-06,TD25,2027-07-01,PMT,34.6
GFI,Q,2026-08-06,TD22,2027-07-01,LSM,12.5
GFI,Q,2026-08-06,TD19,2027-07-01,PMT,13.0
GFI,Q,2026-08-06,TD3,2027-10-01,PMT,21.0
GFI,Q,2026-08-06,TD20,2027-10-01,PMT,21.0
GFI,Q,2026-08-06,TD7,2027-10-01,PMT,14.0
GFI,Q,2026-08-06,TD8,2027-10-01,PMT,21.2
GFI,Q,2026-08-06,TD25,2027-10-01,PMT,37.65
GFI,Q,2026-08-06,TD22,2027-10-01,LSM,13.5
GFI,Q,2026-08-06,TD19,2027-10-01,PMT,15.0
GFI,Q,2026-08-06,TD3,2028-01-01,PMT,18.35
GFI,Q,2026-08-06,TD20,2028-01-01,PMT,19.9
GFI,Q,2026-08-06,TD7,2028-01-01,PMT,14.7
GFI,Q,2026-08-06,TD8,2028-01-01,PMT,22.25
GFI,Q,2026-08-06,TD25,2028-01-01,PMT,35.5
GFI,Q,2026-08-06,TD22,2028-01-01,LSM,11.5
GFI,Q,2026-08-06,TD19,2028-01-01,PMT,15.55
GFI,Q,2026-08-06,TD3,2028-04-01,PMT,16.35
GFI,Q,2026-08-06,TD20,2028-04-01,PMT,17.9
GFI,Q,2026-08-06,TD7,2028-04-01,PMT,12.7
GFI,Q,2026-08-06,TD8,2028-04-01,PMT,20.25
GFI,Q,2026-08-06,TD25,2028-04-01,PMT,33.5
GFI,Q,2026-08-06,TD22,2028-04-01,LSM,9.5
GFI,Q,2026-08-06,TD19,2028-04-01,PMT,13.55
GFI,A,2026-08-06,TD3,2027-01-01,PMT,25.95
GFI,A,2026-08-06,TD20,2027-01-01,PMT,20.7
GFI,A,2026-08-06,TD7,2027-01-01,PMT,13.7
GFI,A,2026-08-06,TD8,2027-01-01,PMT,20.825
GFI,A,2026-08-06,TD25,2027-01-01,PMT,38.5
GFI,A,2026-08-06,TD22,2027-01-01,LSM,13.875
GFI,A,2026-08-06,TD19,2027-01-01,PMT,14.0
GFI,A,2026-08-06,TD3,2028-01-01,PMT,16.35
GFI,A,2026-08-06,TD20,2028-01-01,PMT,17.9
GFI,A,2026-08-06,TD7,2028-01-01,PMT,12.7
GFI,A,2026-08-06,TD8,2028-01-01,PMT,20.25
GFI,A,2026-08-06,TD25,2028-01-01,PMT,33.5
GFI,A,2026-08-06,TD22,2028-01-01,LSM,9.5
GFI,A,2026-08-06,TD19,2028-01-01,PMT,13.55
GFI,A,2026-08-06,TD3,2029-01-01,PMT,14.75
GFI,A,2026-08-06,TD20,2029-01-01,PMT,16.2
GFI,A,2026-08-06,TD7,2029-01-01,PMT,12.6
GFI,A,2026-08-06,TD8,2029-01-01,PMT,19.7
GFI,A,2026-08-06,TD25,2029-01-01,PMT,31.5
GFI,A,2026-08-06,TD22,2029-01-01,LSM,9.3
GFI,A,2026-08-06,TD19,2029-01-01,PMT,13.25
GFI,BITR,2026-08-07,TD3,2026-08-01,WSC,490.0
GFI,BITR,2026-08-07,TD20,2026-08-01,WSC,177.5
GFI,BITR,2026-08-07,TD7,2026-08-01,WSC,212.92
GFI,BITR,2026-08-07,TD8,2026-08-01,WSC,325.0
GFI,BITR,2026-08-07,TD25,2026-08-01,WSC,312.22
GFI,BITR,2026-08-07,TD22,2026-08-01,LSM,18.688889
GFI,BITR,2026-08-07,TD19,2026-08-01,WSC,240.56
GFI,M,2026-08-07,TD3,2026-08-01,WSC,460.0
GFI,M,2026-08-07,TD20,2026-08-01,WSC,207.5
GFI,M,2026-08-07,TD7,2026-08-01,WSC,210.0
GFI,M,2026-08-07,TD8,2026-08-01,WSC,415.0
GFI,M,2026-08-07,TD25,2026-08-01,WSC,325.0
GFI,M,2026-08-07,TD22,2026-08-01,LSM,20.0
GFI,M,2026-08-07,TD19,2026-08-01,WSC,240.0
GFI,M,2026-08-07,TD3,2026-09-01,WSC,390.0
GFI,M,2026-08-07,TD20,2026-09-01,WSC,215.0
GFI,M,2026-08-07,TD7,2026-09-01,WSC,200.0
GFI,M,2026-08-07,TD8,2026-09-01,WSC,350.0
GFI,M,2026-08-07,TD25,2026-09-01,WSC,290.0
GFI,M,2026-08-07,TD22,2026-09-01,LSM,18.75
GFI,M,2026-08-07,TD19,2026-09-01,WSC,200.0
GFI,M,2026-08-07,TD3,2026-10-01,WSC,304.0
GFI,M,2026-08-07,TD20,2026-10-01,WSC,200.5
GFI,M,2026-08-07,TD7,2026-10-01,WSC,195.0
GFI,M,2026-08-07,TD8,2026-10-01,WSC,280.0
GFI,M,2026-08-07,TD25,2026-10-01,WSC,260.0
GFI,M,2026-08-07,TD22,2026-10-01,LSM,18.5
GFI,M,2026-08-07,TD19,2026-10-01,WSC,165.0
GFI,M,2026-08-07,TD3,2026-11-01,WSC,291.0
GFI,M,2026-08-07,TD20,2026-11-01,WSC,196.0
GFI,M,2026-08-07,TD7,2026-11-01,WSC,185.0
GFI,M,2026-08-07,TD8,2026-11-01,WSC,260.0
GFI,M,2026-08-07,TD25,2026-11-01,WSC,250.0
GFI,M,2026-08-07,TD22,2026-11-01,LSM,18.0
GFI,M,2026-08-07,TD19,2026-11-01,WSC,153.0
GFI,M,2026-08-07,TD3,2026-12-01,WSC,278.0
GFI,M,2026-08-07,TD20,2026-12-01,WSC,191.5
GFI,M,2026-08-07,TD7,2026-12-01,WSC,175.0
GFI,M,2026-08-07,TD8,2026-12-01,WSC,240.0
GFI,M,2026-08-07,TD25,2026-12-01,WSC,240.0
GFI,M,2026-08-07,TD22,2026-12-01,LSM,17.5
GFI,M,2026-08-07,TD19,2026-12-01,WSC,150.0
GFI,M,2026-08-07,TD3,2027-01-01,PMT,40.25
GFI,M,2026-08-07,TD20,2027-01-01,PMT,29.55
GFI,M,2026-08-07,TD7,2027-01-01,PMT,15.1
GFI,M,2026-08-07,TD8,2027-01-01,PMT,23.5
GFI,M,2026-08-07,TD25,2027-01-01,PMT,43.5
GFI,M,2026-08-07,TD22,2027-01-01,LSM,16.0
GFI,M,2026-08-07,TD19,2027-01-01,PMT,15.75
GFI,M,2026-08-07,TD3,2027-02-01,PMT,37.25
GFI,M,2026-08-07,TD20,2027-02-01,PMT,26.55
GFI,M,2026-08-07,TD7,2027-02-01,PMT,14.6
GFI,M,2026-08-07,TD8,2027-02-01,PMT,22.5
GFI,M,2026-08-07,TD25,2027-02-01,PMT,43.5
GFI,M,2026-08-07,TD22,2027-02-01,LSM,16.0
GFI,M,2026-08-07,TD19,2027-02-01,PMT,14.75
GFI,M,2026-08-07,TD3,2027-03-01,PMT,34.25
GFI,M,2026-08-07,TD20,2027-03-01,PMT,23.55
GFI,M,2026-08-07,TD7,2027-03-01,PMT,14.1
GFI,M,2026-08-07,TD8,2027-03-01,PMT,21.5
GFI,M,2026-08-07,TD25,2027-03-01,PMT,43.5
GFI,M,2026-08-07,TD22,2027-03-01,LSM,16.0
GFI,M,2026-08-07,TD19,2027-03-01,PMT,13.75
GFI,Q,2026-08-07,TD3,2026-10-01,WSC,291.0
GFI,Q,2026-08-07,TD20,2026-10-01,WSC,196.0
GFI,Q,2026-08-07,TD7,2026-10-01,WSC,185.0
GFI,Q,2026-08-07,TD8,2026-10-01,WSC,260.0
GFI,Q,2026-08-07,TD25,2026-10-01,WSC,250.0
GFI,Q,2026-08-07,TD22,2026-10-01,LSM,18.0
GFI,Q,2026-08-07,TD19,2026-10-01,WSC,156.0
GFI,Q,2026-08-07,TD3,2027-01-01,PMT,37.25
GFI,Q,2026-08-07,TD20,2027-01-01,PMT,26.55
GFI,Q,2026-08-07,TD7,2027-01-01,PMT,14.6
GFI,Q,2026-08-07,TD8,2027-01-01,PMT,22.5
GFI,Q,2026-08-07,TD25,2027-01-01,PMT,43.5
GFI,Q,2026-08-07,TD22,2027-01-01,LSM,16.0
GFI,Q,2026-08-07,TD19,2027-01-01,PMT,14.75
GFI,Q,2026-08-07,TD3,2027-04-01,PMT,28.15
GFI,Q,2026-08-07,TD20,2027-04-01,PMT,20.25
GFI,Q,2026-08-07,TD7,2027-04-01,PMT,13.4
GFI,Q,2026-08-07,TD8,2027-04-01,PMT,20.5
GFI,Q,2026-08-07,TD25,2027-04-01,PMT,38.25
GFI,Q,2026-08-07,TD22,2027-04-01,LSM,13.5
GFI,Q,2026-08-07,TD19,2027-04-01,PMT,13.25
GFI,Q,2026-08-07,TD3,2027-07-01,PMT,20.0
GFI,Q,2026-08-07,TD20,2027-07-01,PMT,18.25
GFI,Q,2026-08-07,TD7,2027-07-01,PMT,12.8
GFI,Q,2026-08-07,TD8,2027-07-01,PMT,19.1
GFI,Q,2026-08-07,TD25,2027-07-01,PMT,34.6
GFI,Q,2026-08-07,TD22,2027-07-01,LSM,12.5
GFI,Q,2026-08-07,TD19,2027-07-01,PMT,13.0
GFI,Q,2026-08-07,TD3,2027-10-01,PMT,22.0
GFI,Q,2026-08-07,TD20,2027-10-01,PMT,21.95
GFI,Q,2026-08-07,TD7,2027-10-01,PMT,14.0
GFI,Q,2026-08-07,TD8,2027-10-01,PMT,21.2
GFI,Q,2026-08-07,TD25,2027-10-01,PMT,39.25
GFI,Q,2026-08-07,TD22,2027-10-01,LSM,13.5
GFI,Q,2026-08-07,TD19,2027-10-01,PMT,15.0
GFI,Q,2026-08-07,TD3,2028-01-01,PMT,18.85
GFI,Q,2026-08-07,TD20,2028-01-01,PMT,19.9
GFI,Q,2026-08-07,TD7,2028-01-01,PMT,14.7
GFI,Q,2026-08-07,TD8,2028-01-01,PMT,22.25
GFI,Q,2026-08-07,TD25,2028-01-01,PMT,35.5
GFI,Q,2026-08-07,TD22,2028-01-01,LSM,11.5
GFI,Q,2026-08-07,TD19,2028-01-01,PMT,15.55
GFI,Q,2026-08-07,TD3,2028-04-01,PMT,16.85
GFI,Q,2026-08-07,TD20,2028-04-01,PMT,17.9
GFI,Q,2026-08-07,TD7,2028-04-01,PMT,12.7
GFI,Q,2026-08-07,TD8,2028-04-01,PMT,20.25
GFI,Q,2026-08-07,TD25,2028-04-01,PMT,33.5
GFI,Q,2026-08-07,TD22,2028-04-01,LSM,9.5
GFI,Q,2026-08-07,TD19,2028-04-01,PMT,13.55
GFI,A,2026-08-07,TD3,2027-01-01,PMT,26.85
GFI,A,2026-08-07,TD20,2027-01-01,PMT,21.75
GFI,A,2026-08-07,TD7,2027-01-01,PMT,13.7
GFI,A,2026-08-07,TD8,2027-01-01,PMT,20.825
GFI,A,2026-08-07,TD25,2027-01-01,PMT,38.9
GFI,A,2026-08-07,TD22,2027-01-01,LSM,13.875
GFI,A,2026-08-07,TD19,2027-01-01,PMT,14.0
GFI,A,2026-08-07,TD3,2028-01-01,PMT,16.85
GFI,A,2026-08-07,TD20,2028-01-01,PMT,17.9
GFI,A,2026-08-07,TD7,2028-01-01,PMT,12.7
GFI,A,2026-08-07,TD8,2028-01-01,PMT,20.25
GFI,A,2026-08-07,TD25,2028-01-01,PMT,33.5
GFI,A,2026-08-07,TD22,2028-01-01,LSM,9.5
GFI,A,2026-08-07,TD19,2028-01-01,PMT,13.55
GFI,A,2026-08-07,TD3,2029-01-01,PMT,14.75
GFI,A,2026-08-07,TD20,2029-01-01,PMT,16.2
GFI,A,2026-08-07,TD7,2029-01-01,PMT,12.6
GFI,A,2026-08-07,TD8,2029-01-01,PMT,19.7
GFI,A,2026-08-07,TD25,2029-01-01,PMT,31.5
GFI,A,2026-08-07,TD22,2029-01-01,LSM,9.3
GFI,A,2026-08-07,TD19,2029-01-01,PMT,13.25
GFI,BITR,2026-08-10,TD3,2026-08-01,WSC,487.78
GFI,BITR,2026-08-10,TD20,2026-08-01,WSC,183.06
GFI,BITR,2026-08-10,TD7,2026-08-01,WSC,207.92
GFI,BITR,2026-08-10,TD8,2026-08-01,WSC,0.0
GFI,BITR,2026-08-10,TD25,2026-08-01,WSC,321.67
GFI,BITR,2026-08-10,TD22,2026-08-01,LSM,18.636111
GFI,BITR,2026-08-10,TD19,2026-08-01,WSC,213.06
GFI,M,2026-08-10,TD3,2026-08-01,WSC,465.0
GFI,M,2026-08-10,TD20,2026-08-01,WSC,205.0
GFI,M,2026-08-10,TD7,2026-08-01,WSC,210.0
GFI,M,2026-08-10,TD8,2026-08-01,WSC,415.0
GFI,M,2026-08-10,TD25,2026-08-01,WSC,335.0
GFI,M,2026-08-10,TD22,2026-08-01,LSM,20.0
GFI,M,2026-08-10,TD19,2026-08-01,WSC,240.0
GFI,M,2026-08-10,TD3,2026-09-01,WSC,410.0
GFI,M,2026-08-10,TD20,2026-09-01,WSC,225.0
GFI,M,2026-08-10,TD7,2026-09-01,WSC,200.0
GFI,M,2026-08-10,TD8,2026-09-01,WSC,350.0
GFI,M,2026-08-10,TD25,2026-09-01,WSC,305.0
GFI,M,2026-08-10,TD22,2026-09-01,LSM,18.75
GFI,M,2026-08-10,TD19,2026-09-01,WSC,200.0
GFI,M,2026-08-10,TD3,2026-10-01,WSC,340.0
GFI,M,2026-08-10,TD20,2026-10-01,WSC,212.5
GFI,M,2026-08-10,TD7,2026-10-01,WSC,195.0
GFI,M,2026-08-10,TD8,2026-10-01,WSC,280.0
GFI,M,2026-08-10,TD25,2026-10-01,WSC,275.0
GFI,M,2026-08-10,TD22,2026-10-01,LSM,18.5
GFI,M,2026-08-10,TD19,2026-10-01,WSC,165.0
GFI,M,2026-08-10,TD3,2026-11-01,WSC,325.0
GFI,M,2026-08-10,TD20,2026-11-01,WSC,205.0
GFI,M,2026-08-10,TD7,2026-11-01,WSC,185.0
GFI,M,2026-08-10,TD8,2026-11-01,WSC,260.0
GFI,M,2026-08-10,TD25,2026-11-01,WSC,260.0
GFI,M,2026-08-10,TD22,2026-11-01,LSM,18.0
GFI,M,2026-08-10,TD19,2026-11-01,WSC,153.0
GFI,M,2026-08-10,TD3,2026-12-01,WSC,302.5
GFI,M,2026-08-10,TD20,2026-12-01,WSC,197.5
GFI,M,2026-08-10,TD7,2026-12-01,WSC,175.0
GFI,M,2026-08-10,TD8,2026-12-01,WSC,240.0
GFI,M,2026-08-10,TD25,2026-12-01,WSC,243.0
GFI,M,2026-08-10,TD22,2026-12-01,LSM,17.5
GFI,M,2026-08-10,TD19,2026-12-01,WSC,150.0
GFI,M,2026-08-10,TD3,2027-01-01,PMT,47.6
GFI,M,2026-08-10,TD20,2027-01-01,PMT,30.5
GFI,M,2026-08-10,TD7,2027-01-01,PMT,15.1
GFI,M,2026-08-10,TD8,2027-01-01,PMT,23.5
GFI,M,2026-08-10,TD25,2027-01-01,PMT,43.75
GFI,M,2026-08-10,TD22,2027-01-01,LSM,16.0
GFI,M,2026-08-10,TD19,2027-01-01,PMT,15.75
GFI,M,2026-08-10,TD3,2027-02-01,PMT,36.6
GFI,M,2026-08-10,TD20,2027-02-01,PMT,27.0
GFI,M,2026-08-10,TD7,2027-02-01,PMT,14.6
GFI,M,2026-08-10,TD8,2027-02-01,PMT,22.5
GFI,M,2026-08-10,TD25,2027-02-01,PMT,43.75
GFI,M,2026-08-10,TD22,2027-02-01,LSM,16.0
GFI,M,2026-08-10,TD19,2027-02-01,PMT,14.75
GFI,M,2026-08-10,TD3,2027-03-01,PMT,31.6
GFI,M,2026-08-10,TD20,2027-03-01,PMT,23.5
GFI,M,2026-08-10,TD7,2027-03-01,PMT,14.1
GFI,M,2026-08-10,TD8,2027-03-01,PMT,21.5
GFI,M,2026-08-10,TD25,2027-03-01,PMT,43.75
GFI,M,2026-08-10,TD22,2027-03-01,LSM,16.0
GFI,M,2026-08-10,TD19,2027-03-01,PMT,13.75
GFI,Q,2026-08-10,TD3,2026-10-01,WSC,322.5
GFI,Q,2026-08-10,TD20,2026-10-01,WSC,205.0
GFI,Q,2026-08-10,TD7,2026-10-01,WSC,185.0
GFI,Q,2026-08-10,TD8,2026-10-01,WSC,260.0
GFI,Q,2026-08-10,TD25,2026-10-01,WSC,259.333333
GFI,Q,2026-08-10,TD22,2026-10-01,LSM,18.0
GFI,Q,2026-08-10,TD19,2026-10-01,WSC,156.0
GFI,Q,2026-08-10,TD3,2027-01-01,PMT,38.6
GFI,Q,2026-08-10,TD20,2027-01-01,PMT,27.0
GFI,Q,2026-08-10,TD7,2027-01-01,PMT,14.6
GFI,Q,2026-08-10,TD8,2027-01-01,PMT,22.5
GFI,Q,2026-08-10,TD25,2027-01-01,PMT,43.75
GFI,Q,2026-08-10,TD22,2027-01-01,LSM,16.0
GFI,Q,2026-08-10,TD19,2027-01-01,PMT,14.75
GFI,Q,2026-08-10,TD3,2027-04-01,PMT,29.3
GFI,Q,2026-08-10,TD20,2027-04-01,PMT,20.5
GFI,Q,2026-08-10,TD7,2027-04-01,PMT,13.4
GFI,Q,2026-08-10,TD8,2027-04-01,PMT,20.5
GFI,Q,2026-08-10,TD25,2027-04-01,PMT,39.0
GFI,Q,2026-08-10,TD22,2027-04-01,LSM,13.5
GFI,Q,2026-08-10,TD19,2027-04-01,PMT,13.25
GFI,Q,2026-08-10,TD3,2027-07-01,PMT,20.75
GFI,Q,2026-08-10,TD20,2027-07-01,PMT,18.5
GFI,Q,2026-08-10,TD7,2027-07-01,PMT,12.8
GFI,Q,2026-08-10,TD8,2027-07-01,PMT,19.1
GFI,Q,2026-08-10,TD25,2027-07-01,PMT,35.0
GFI,Q,2026-08-10,TD22,2027-07-01,LSM,12.5
GFI,Q,2026-08-10,TD19,2027-07-01,PMT,13.0
GFI,Q,2026-08-10,TD3,2027-10-01,PMT,22.75
GFI,Q,2026-08-10,TD20,2027-10-01,PMT,22.0
GFI,Q,2026-08-10,TD7,2027-10-01,PMT,14.0
GFI,Q,2026-08-10,TD8,2027-10-01,PMT,21.2
GFI,Q,2026-08-10,TD25,2027-10-01,PMT,39.25
GFI,Q,2026-08-10,TD22,2027-10-01,LSM,13.5
GFI,Q,2026-08-10,TD19,2027-10-01,PMT,15.0
GFI,Q,2026-08-10,TD3,2028-01-01,PMT,19.35
GFI,Q,2026-08-10,TD20,2028-01-01,PMT,20.5
GFI,Q,2026-08-10,TD7,2028-01-01,PMT,14.7
GFI,Q,2026-08-10,TD8,2028-01-01,PMT,22.25
GFI,Q,2026-08-10,TD25,2028-01-01,PMT,36.2
GFI,Q,2026-08-10,TD22,2028-01-01,LSM,11.5
GFI,Q,2026-08-10,TD19,2028-01-01,PMT,15.55
GFI,Q,2026-08-10,TD3,2028-04-01,PMT,17.35
GFI,Q,2026-08-10,TD20,2028-04-01,PMT,18.5
GFI,Q,2026-08-10,TD7,2028-04-01,PMT,12.7
GFI,Q,2026-08-10,TD8,2028-04-01,PMT,20.25
GFI,Q,2026-08-10,TD25,2028-04-01,PMT,34.2
GFI,Q,2026-08-10,TD22,2028-04-01,LSM,9.5
GFI,Q,2026-08-10,TD19,2028-04-01,PMT,13.55
GFI,A,2026-08-10,TD3,2027-01-01,PMT,27.85
GFI,A,2026-08-10,TD20,2027-01-01,PMT,22.0
GFI,A,2026-08-10,TD7,2027-01-01,PMT,13.7
GFI,A,2026-08-10,TD8,2027-01-01,PMT,20.825
GFI,A,2026-08-10,TD25,2027-01-01,PMT,39.25
GFI,A,2026-08-10,TD22,2027-01-01,LSM,13.875
GFI,A,2026-08-10,TD19,2027-01-01,PMT,14.0
GFI,A,2026-08-10,TD3,2028-01-01,PMT,17.35
GFI,A,2026-08-10,TD20,2028-01-01,PMT,18.5
GFI,A,2026-08-10,TD7,2028-01-01,PMT,12.7
GFI,A,2026-08-10,TD8,2028-01-01,PMT,20.25
GFI,A,2026-08-10,TD25,2028-01-01,PMT,34.2
GFI,A,2026-08-10,TD22,2028-01-01,LSM,9.5
GFI,A,2026-08-10,TD19,2028-01-01,PMT,13.55
GFI,A,2026-08-10,TD3,2029-01-01,PMT,15.2
GFI,A,2026-08-10,TD20,2029-01-01,PMT,16.2
GFI,A,2026-08-10,TD7,2029-01-01,PMT,12.6
GFI,A,2026-08-10,TD8,2029-01-01,PMT,19.7
GFI,A,2026-08-10,TD25,2029-01-01,PMT,31.5
GFI,A,2026-08-10,TD22,2029-01-01,LSM,9.3
GFI,A,2026-08-10,TD19,2029-01-01,PMT,13.25
GFI,BITR,2026-08-11,TD3,2026-08-01,WSC,481.67
GFI,BITR,2026-08-11,TD20,2026-08-01,WSC,195.28
GFI,BITR,2026-08-11,TD7,2026-08-01,WSC,203.33
GFI,BITR,2026-08-11,TD8,2026-08-01,WSC,327.92
GFI,BITR,2026-08-11,TD25,2026-08-01,WSC,323.61
GFI,BITR,2026-08-11,TD22,2026-08-01,LSM,18.622222
GFI,BITR,2026-08-11,TD19,2026-08-01,WSC,208.06
GFI,M,2026-08-11,TD3,2026-08-01,WSC,470.0
GFI,M,2026-08-11,TD20,2026-08-01,WSC,212.5
GFI,M,2026-08-11,TD7,2026-08-01,WSC,210.0
GFI,M,2026-08-11,TD8,2026-08-01,WSC,415.0
GFI,M,2026-08-11,TD25,2026-08-01,WSC,324.75
GFI,M,2026-08-11,TD22,2026-08-01,LSM,20.0
GFI,M,2026-08-11,TD19,2026-08-01,WSC,240.0
GFI,M,2026-08-11,TD3,2026-09-01,WSC,460.0
GFI,M,2026-08-11,TD20,2026-09-01,WSC,235.0
GFI,M,2026-08-11,TD7,2026-09-01,WSC,200.0
GFI,M,2026-08-11,TD8,2026-09-01,WSC,350.0
GFI,M,2026-08-11,TD25,2026-09-01,WSC,320.0
GFI,M,2026-08-11,TD22,2026-09-01,LSM,19.5
GFI,M,2026-08-11,TD19,2026-09-01,WSC,200.0
GFI,M,2026-08-11,TD3,2026-10-01,WSC,417.5
GFI,M,2026-08-11,TD20,2026-10-01,WSC,222.5
GFI,M,2026-08-11,TD7,2026-10-01,WSC,195.0
GFI,M,2026-08-11,TD8,2026-10-01,WSC,280.0
GFI,M,2026-08-11,TD25,2026-10-01,WSC,283.0
GFI,M,2026-08-11,TD22,2026-10-01,LSM,19.5
GFI,M,2026-08-11,TD19,2026-10-01,WSC,165.0
GFI,M,2026-08-11,TD3,2026-11-01,WSC,392.5
GFI,M,2026-08-11,TD20,2026-11-01,WSC,215.0
GFI,M,2026-08-11,TD7,2026-11-01,WSC,185.0
GFI,M,2026-08-11,TD8,2026-11-01,WSC,260.0
GFI,M,2026-08-11,TD25,2026-11-01,WSC,262.0
GFI,M,2026-08-11,TD22,2026-11-01,LSM,19.0
GFI,M,2026-08-11,TD19,2026-11-01,WSC,153.0
GFI,M,2026-08-11,TD3,2026-12-01,WSC,345.0
GFI,M,2026-08-11,TD20,2026-12-01,WSC,207.5
GFI,M,2026-08-11,TD7,2026-12-01,WSC,175.0
GFI,M,2026-08-11,TD8,2026-12-01,WSC,240.0
GFI,M,2026-08-11,TD25,2026-12-01,WSC,247.0
GFI,M,2026-08-11,TD22,2026-12-01,LSM,18.5
GFI,M,2026-08-11,TD19,2026-12-01,WSC,150.0
GFI,M,2026-08-11,TD3,2027-01-01,PMT,56.5
GFI,M,2026-08-11,TD20,2027-01-01,PMT,33.25
GFI,M,2026-08-11,TD7,2027-01-01,PMT,15.1
GFI,M,2026-08-11,TD8,2027-01-01,PMT,23.5
GFI,M,2026-08-11,TD25,2027-01-01,PMT,46.75
GFI,M,2026-08-11,TD22,2027-01-01,LSM,16.0
GFI,M,2026-08-11,TD19,2027-01-01,PMT,15.75
GFI,M,2026-08-11,TD3,2027-02-01,PMT,45.5
GFI,M,2026-08-11,TD20,2027-02-01,PMT,29.75
GFI,M,2026-08-11,TD7,2027-02-01,PMT,14.6
GFI,M,2026-08-11,TD8,2027-02-01,PMT,22.5
GFI,M,2026-08-11,TD25,2027-02-01,PMT,46.75
GFI,M,2026-08-11,TD22,2027-02-01,LSM,16.0
GFI,M,2026-08-11,TD19,2027-02-01,PMT,14.75
GFI,M,2026-08-11,TD3,2027-03-01,PMT,40.5
GFI,M,2026-08-11,TD20,2027-03-01,PMT,26.25
GFI,M,2026-08-11,TD7,2027-03-01,PMT,14.1
GFI,M,2026-08-11,TD8,2027-03-01,PMT,21.5
GFI,M,2026-08-11,TD25,2027-03-01,PMT,46.75
GFI,M,2026-08-11,TD22,2027-03-01,LSM,16.0
GFI,M,2026-08-11,TD19,2027-03-01,PMT,13.75
GFI,Q,2026-08-11,TD3,2026-10-01,WSC,385.0
GFI,Q,2026-08-11,TD20,2026-10-01,WSC,215.0
GFI,Q,2026-08-11,TD7,2026-10-01,WSC,185.0
GFI,Q,2026-08-11,TD8,2026-10-01,WSC,260.0
GFI,Q,2026-08-11,TD25,2026-10-01,WSC,264.0
GFI,Q,2026-08-11,TD22,2026-10-01,LSM,19.0
GFI,Q,2026-08-11,TD19,2026-10-01,WSC,156.0
GFI,Q,2026-08-11,TD3,2027-01-01,PMT,47.5
GFI,Q,2026-08-11,TD20,2027-01-01,PMT,29.75
GFI,Q,2026-08-11,TD7,2027-01-01,PMT,14.6
GFI,Q,2026-08-11,TD8,2027-01-01,PMT,22.5
GFI,Q,2026-08-11,TD25,2027-01-01,PMT,46.75
GFI,Q,2026-08-11,TD22,2027-01-01,LSM,16.0
GFI,Q,2026-08-11,TD19,2027-01-01,PMT,14.75
GFI,Q,2026-08-11,TD3,2027-04-01,PMT,36.5
GFI,Q,2026-08-11,TD20,2027-04-01,PMT,22.75
GFI,Q,2026-08-11,TD7,2027-04-01,PMT,13.4
GFI,Q,2026-08-11,TD8,2027-04-01,PMT,20.5
GFI,Q,2026-08-11,TD25,2027-04-01,PMT,41.0
GFI,Q,2026-08-11,TD22,2027-04-01,LSM,13.5
GFI,Q,2026-08-11,TD19,2027-04-01,PMT,13.25
GFI,Q,2026-08-11,TD3,2027-07-01,PMT,24.0
GFI,Q,2026-08-11,TD20,2027-07-01,PMT,20.0
GFI,Q,2026-08-11,TD7,2027-07-01,PMT,12.8
GFI,Q,2026-08-11,TD8,2027-07-01,PMT,19.1
GFI,Q,2026-08-11,TD25,2027-07-01,PMT,36.75
GFI,Q,2026-08-11,TD22,2027-07-01,LSM,12.5
GFI,Q,2026-08-11,TD19,2027-07-01,PMT,13.0
GFI,Q,2026-08-11,TD3,2027-10-01,PMT,26.0
GFI,Q,2026-08-11,TD20,2027-10-01,PMT,23.5
GFI,Q,2026-08-11,TD7,2027-10-01,PMT,14.0
GFI,Q,2026-08-11,TD8,2027-10-01,PMT,21.2
GFI,Q,2026-08-11,TD25,2027-10-01,PMT,40.75
GFI,Q,2026-08-11,TD22,2027-10-01,LSM,13.5
GFI,Q,2026-08-11,TD19,2027-10-01,PMT,15.0
GFI,Q,2026-08-11,TD3,2028-01-01,PMT,21.0
GFI,Q,2026-08-11,TD20,2028-01-01,PMT,21.25
GFI,Q,2026-08-11,TD7,2028-01-01,PMT,14.7
GFI,Q,2026-08-11,TD8,2028-01-01,PMT,22.25
GFI,Q,2026-08-11,TD25,2028-01-01,PMT,37.0
GFI,Q,2026-08-11,TD22,2028-01-01,LSM,11.5
GFI,Q,2026-08-11,TD19,2028-01-01,PMT,15.55
GFI,Q,2026-08-11,TD3,2028-04-01,PMT,19.0
GFI,Q,2026-08-11,TD20,2028-04-01,PMT,19.25
GFI,Q,2026-08-11,TD7,2028-04-01,PMT,12.7
GFI,Q,2026-08-11,TD8,2028-04-01,PMT,20.25
GFI,Q,2026-08-11,TD25,2028-04-01,PMT,35.0
GFI,Q,2026-08-11,TD22,2028-04-01,LSM,9.5
GFI,Q,2026-08-11,TD19,2028-04-01,PMT,13.55
GFI,A,2026-08-11,TD3,2027-01-01,PMT,33.5
GFI,A,2026-08-11,TD20,2027-01-01,PMT,24.0
GFI,A,2026-08-11,TD7,2027-01-01,PMT,13.7
GFI,A,2026-08-11,TD8,2027-01-01,PMT,20.825
GFI,A,2026-08-11,TD25,2027-01-01,PMT,41.3125
GFI,A,2026-08-11,TD22,2027-01-01,LSM,13.875
GFI,A,2026-08-11,TD19,2027-01-01,PMT,14.0
GFI,A,2026-08-11,TD3,2028-01-01,PMT,19.0
GFI,A,2026-08-11,TD20,2028-01-01,PMT,19.25
GFI,A,2026-08-11,TD7,2028-01-01,PMT,12.7
GFI,A,2026-08-11,TD8,2028-01-01,PMT,20.25
GFI,A,2026-08-11,TD25,2028-01-01,PMT,35.0
GFI,A,2026-08-11,TD22,2028-01-01,LSM,9.5
GFI,A,2026-08-11,TD19,2028-01-01,PMT,13.55
GFI,A,2026-08-11,TD3,2029-01-01,PMT,16.25
GFI,A,2026-08-11,TD20,2029-01-01,PMT,16.2
GFI,A,2026-08-11,TD7,2029-01-01,PMT,12.6
GFI,A,2026-08-11,TD8,2029-01-01,PMT,19.7
GFI,A,2026-08-11,TD25,2029-01-01,PMT,32.0
GFI,A,2026-08-11,TD22,2029-01-01,LSM,9.3
GFI,A,2026-08-11,TD19,2029-01-01,PMT,13.25
GFI,BITR,2026-08-12,TD3,2026-08-01,WSC,479.44
GFI,BITR,2026-08-12,TD20,2026-08-01,WSC,223.33
GFI,BITR,2026-08-12,TD7,2026-08-01,WSC,200.0
GFI,BITR,2026-08-12,TD8,2026-08-01,WSC,330.42
GFI,BITR,2026-08-12,TD25,2026-08-01,WSC,336.67
GFI,BITR,2026-08-12,TD22,2026-08-01,LSM,18.523444
GFI,BITR,2026-08-12,TD19,2026-08-01,WSC,204.17
GFI,M,2026-08-12,TD3,2026-08-01,WSC,470.0
GFI,M,2026-08-12,TD20,2026-08-01,WSC,217.0
GFI,M,2026-08-12,TD7,2026-08-01,WSC,210.0
GFI,M,2026-08-12,TD8,2026-08-01,WSC,415.0
GFI,M,2026-08-12,TD25,2026-08-01,WSC,344.52
GFI,M,2026-08-12,TD22,2026-08-01,LSM,20.0
GFI,M,2026-08-12,TD19,2026-08-01,WSC,240.0
GFI,M,2026-08-12,TD3,2026-09-01,WSC,455.0
GFI,M,2026-08-12,TD20,2026-09-01,WSC,245.0
GFI,M,2026-08-12,TD7,2026-09-01,WSC,200.0
GFI,M,2026-08-12,TD8,2026-09-01,WSC,350.0
GFI,M,2026-08-12,TD25,2026-09-01,WSC,330.0
GFI,M,2026-08-12,TD22,2026-09-01,LSM,19.5
GFI,M,2026-08-12,TD19,2026-09-01,WSC,200.0
GFI,M,2026-08-12,TD3,2026-10-01,WSC,425.0
GFI,M,2026-08-12,TD20,2026-10-01,WSC,222.5
GFI,M,2026-08-12,TD7,2026-10-01,WSC,195.0
GFI,M,2026-08-12,TD8,2026-10-01,WSC,280.0
GFI,M,2026-08-12,TD25,2026-10-01,WSC,290.0
GFI,M,2026-08-12,TD22,2026-10-01,LSM,19.5
GFI,M,2026-08-12,TD19,2026-10-01,WSC,165.0
GFI,M,2026-08-12,TD3,2026-11-01,WSC,390.0
GFI,M,2026-08-12,TD20,2026-11-01,WSC,215.0
GFI,M,2026-08-12,TD7,2026-11-01,WSC,185.0
GFI,M,2026-08-12,TD8,2026-11-01,WSC,260.0
GFI,M,2026-08-12,TD25,2026-11-01,WSC,275.0
GFI,M,2026-08-12,TD22,2026-11-01,LSM,19.0
GFI,M,2026-08-12,TD19,2026-11-01,WSC,153.0
GFI,M,2026-08-12,TD3,2026-12-01,WSC,340.0
GFI,M,2026-08-12,TD20,2026-12-01,WSC,207.5
GFI,M,2026-08-12,TD7,2026-12-01,WSC,175.0
GFI,M,2026-08-12,TD8,2026-12-01,WSC,240.0
GFI,M,2026-08-12,TD25,2026-12-01,WSC,260.0
GFI,M,2026-08-12,TD22,2026-12-01,LSM,18.5
GFI,M,2026-08-12,TD19,2026-12-01,WSC,150.0
GFI,M,2026-08-12,TD3,2027-01-01,PMT,58.8
GFI,M,2026-08-12,TD20,2027-01-01,PMT,33.5
GFI,M,2026-08-12,TD7,2027-01-01,PMT,15.4
GFI,M,2026-08-12,TD8,2027-01-01,PMT,23.5
GFI,M,2026-08-12,TD25,2027-01-01,PMT,48.0
GFI,M,2026-08-12,TD22,2027-01-01,LSM,16.0
GFI,M,2026-08-12,TD19,2027-01-01,PMT,15.75
GFI,M,2026-08-12,TD3,2027-02-01,PMT,47.8
GFI,M,2026-08-12,TD20,2027-02-01,PMT,30.0
GFI,M,2026-08-12,TD7,2027-02-01,PMT,14.9
GFI,M,2026-08-12,TD8,2027-02-01,PMT,22.5
GFI,M,2026-08-12,TD25,2027-02-01,PMT,48.0
GFI,M,2026-08-12,TD22,2027-02-01,LSM,16.0
GFI,M,2026-08-12,TD19,2027-02-01,PMT,14.75
GFI,M,2026-08-12,TD3,2027-03-01,PMT,42.8
GFI,M,2026-08-12,TD20,2027-03-01,PMT,26.5
GFI,M,2026-08-12,TD7,2027-03-01,PMT,14.4
GFI,M,2026-08-12,TD8,2027-03-01,PMT,21.5
GFI,M,2026-08-12,TD25,2027-03-01,PMT,48.0
GFI,M,2026-08-12,TD22,2027-03-01,LSM,16.0
GFI,M,2026-08-12,TD19,2027-03-01,PMT,13.75
GFI,Q,2026-08-12,TD3,2026-10-01,WSC,385.0
GFI,Q,2026-08-12,TD20,2026-10-01,WSC,215.0
GFI,Q,2026-08-12,TD7,2026-10-01,WSC,185.0
GFI,Q,2026-08-12,TD8,2026-10-01,WSC,260.0
GFI,Q,2026-08-12,TD25,2026-10-01,WSC,275.0
GFI,Q,2026-08-12,TD22,2026-10-01,LSM,19.0
GFI,Q,2026-08-12,TD19,2026-10-01,WSC,156.0
GFI,Q,2026-08-12,TD3,2027-01-01,PMT,49.8
GFI,Q,2026-08-12,TD20,2027-01-01,PMT,30.0
GFI,Q,2026-08-12,TD7,2027-01-01,PMT,14.9
GFI,Q,2026-08-12,TD8,2027-01-01,PMT,22.5
GFI,Q,2026-08-12,TD25,2027-01-01,PMT,48.0
GFI,Q,2026-08-12,TD22,2027-01-01,LSM,16.0
GFI,Q,2026-08-12,TD19,2027-01-01,PMT,14.75
GFI,Q,2026-08-12,TD3,2027-04-01,PMT,40.0
GFI,Q,2026-08-12,TD20,2027-04-01,PMT,23.0
GFI,Q,2026-08-12,TD7,2027-04-01,PMT,13.7
GFI,Q,2026-08-12,TD8,2027-04-01,PMT,20.5
GFI,Q,2026-08-12,TD25,2027-04-01,PMT,42.0
GFI,Q,2026-08-12,TD22,2027-04-01,LSM,14.0
GFI,Q,2026-08-12,TD19,2027-04-01,PMT,13.25
GFI,Q,2026-08-12,TD3,2027-07-01,PMT,25.1
GFI,Q,2026-08-12,TD20,2027-07-01,PMT,20.0
GFI,Q,2026-08-12,TD7,2027-07-01,PMT,13.1
GFI,Q,2026-08-12,TD8,2027-07-01,PMT,19.1
GFI,Q,2026-08-12,TD25,2027-07-01,PMT,36.75
GFI,Q,2026-08-12,TD22,2027-07-01,LSM,12.5
GFI,Q,2026-08-12,TD19,2027-07-01,PMT,13.0
GFI,Q,2026-08-12,TD3,2027-10-01,PMT,27.1
GFI,Q,2026-08-12,TD20,2027-10-01,PMT,24.0
GFI,Q,2026-08-12,TD7,2027-10-01,PMT,14.3
GFI,Q,2026-08-12,TD8,2027-10-01,PMT,21.2
GFI,Q,2026-08-12,TD25,2027-10-01,PMT,41.0
GFI,Q,2026-08-12,TD22,2027-10-01,LSM,13.5
GFI,Q,2026-08-12,TD19,2027-10-01,PMT,15.0
GFI,Q,2026-08-12,TD3,2028-01-01,PMT,21.0
GFI,Q,2026-08-12,TD20,2028-01-01,PMT,21.1
GFI,Q,2026-08-12,TD7,2028-01-01,PMT,14.7
GFI,Q,2026-08-12,TD8,2028-01-01,PMT,22.25
GFI,Q,2026-08-12,TD25,2028-01-01,PMT,37.0
GFI,Q,2026-08-12,TD22,2028-01-01,LSM,12.0
GFI,Q,2026-08-12,TD19,2028-01-01,PMT,15.55
GFI,Q,2026-08-12,TD3,2028-04-01,PMT,19.0
GFI,Q,2026-08-12,TD20,2028-04-01,PMT,19.1
GFI,Q,2026-08-12,TD7,2028-04-01,PMT,12.7
GFI,Q,2026-08-12,TD8,2028-04-01,PMT,20.25
GFI,Q,2026-08-12,TD25,2028-04-01,PMT,35.0
GFI,Q,2026-08-12,TD22,2028-04-01,LSM,10.0
GFI,Q,2026-08-12,TD19,2028-04-01,PMT,13.55
GFI,A,2026-08-12,TD3,2027-01-01,PMT,35.5
GFI,A,2026-08-12,TD20,2027-01-01,PMT,24.25
GFI,A,2026-08-12,TD7,2027-01-01,PMT,14.0
GFI,A,2026-08-12,TD8,2027-01-01,PMT,20.825
GFI,A,2026-08-12,TD25,2027-01-01,PMT,41.9375
GFI,A,2026-08-12,TD22,2027-01-01,LSM,14.0
GFI,A,2026-08-12,TD19,2027-01-01,PMT,14.0
GFI,A,2026-08-12,TD3,2028-01-01,PMT,19.0
GFI,A,2026-08-12,TD20,2028-01-01,PMT,19.1
GFI,A,2026-08-12,TD7,2028-01-01,PMT,12.7
GFI,A,2026-08-12,TD8,2028-01-01,PMT,20.25
GFI,A,2026-08-12,TD25,2028-01-01,PMT,35.0
GFI,A,2026-08-12,TD22,2028-01-01,LSM,10.0
GFI,A,2026-08-12,TD19,2028-01-01,PMT,13.55
GFI,A,2026-08-12,TD3,2029-01-01,PMT,16.25
GFI,A,2026-08-12,TD20,2029-01-01,PMT,16.2
GFI,A,2026-08-12,TD7,2029-01-01,PMT,12.6
GFI,A,2026-08-12,TD8,2029-01-01,PMT,19.7
GFI,A,2026-08-12,TD25,2029-01-01,PMT,32.0
GFI,A,2026-08-12,TD22,2029-01-01,LSM,9.5
GFI,A,2026-08-12,TD19,2029-01-01,PMT,13.25
GFI,BITR,2026-08-13,TD3,2026-08-01,WSC,479.44
GFI,BITR,2026-08-13,TD20,2026-08-01,WSC,227.22
GFI,BITR,2026-08-13,TD7,2026-08-01,WSC,201.67
GFI,BITR,2026-08-13,TD8,2026-08-01,WSC,332.92
GFI,BITR,2026-08-13,TD25,2026-08-01,WSC,349.44
GFI,BITR,2026-08-13,TD22,2026-08-01,LSM,18.422222
GFI,BITR,2026-08-13,TD19,2026-08-01,WSC,221.39
GFI,M,2026-08-13,TD3,2026-08-01,WSC,470.0
GFI,M,2026-08-13,TD20,2026-08-01,WSC,217.0
GFI,M,2026-08-13,TD7,2026-08-01,WSC,210.0
GFI,M,2026-08-13,TD8,2026-08-01,WSC,415.0
GFI,M,2026-08-13,TD25,2026-08-01,WSC,344.52
GFI,M,2026-08-13,TD22,2026-08-01,LSM,19.5
GFI,M,2026-08-13,TD19,2026-08-01,WSC,240.0
GFI,M,2026-08-13,TD3,2026-09-01,WSC,485.0
GFI,M,2026-08-13,TD20,2026-09-01,WSC,240.0
GFI,M,2026-08-13,TD7,2026-09-01,WSC,200.0
GFI,M,2026-08-13,TD8,2026-09-01,WSC,350.0
GFI,M,2026-08-13,TD25,2026-09-01,WSC,329.0
GFI,M,2026-08-13,TD22,2026-09-01,LSM,20.0
GFI,M,2026-08-13,TD19,2026-09-01,WSC,200.0
GFI,M,2026-08-13,TD3,2026-10-01,WSC,450.0
GFI,M,2026-08-13,TD20,2026-10-01,WSC,222.5
GFI,M,2026-08-13,TD7,2026-10-01,WSC,195.0
GFI,M,2026-08-13,TD8,2026-10-01,WSC,280.0
GFI,M,2026-08-13,TD25,2026-10-01,WSC,290.0
GFI,M,2026-08-13,TD22,2026-10-01,LSM,19.5
GFI,M,2026-08-13,TD19,2026-10-01,WSC,165.0
GFI,M,2026-08-13,TD3,2026-11-01,WSC,415.0
GFI,M,2026-08-13,TD20,2026-11-01,WSC,215.0
GFI,M,2026-08-13,TD7,2026-11-01,WSC,185.0
GFI,M,2026-08-13,TD8,2026-11-01,WSC,260.0
GFI,M,2026-08-13,TD25,2026-11-01,WSC,277.5
GFI,M,2026-08-13,TD22,2026-11-01,LSM,20.0
GFI,M,2026-08-13,TD19,2026-11-01,WSC,153.0
GFI,M,2026-08-13,TD3,2026-12-01,WSC,380.0
GFI,M,2026-08-13,TD20,2026-12-01,WSC,207.5
GFI,M,2026-08-13,TD7,2026-12-01,WSC,175.0
GFI,M,2026-08-13,TD8,2026-12-01,WSC,240.0
GFI,M,2026-08-13,TD25,2026-12-01,WSC,262.5
GFI,M,2026-08-13,TD22,2026-12-01,LSM,20.5
GFI,M,2026-08-13,TD19,2026-12-01,WSC,150.0
GFI,M,2026-08-13,TD3,2027-01-01,PMT,72.0
GFI,M,2026-08-13,TD20,2027-01-01,PMT,33.5
GFI,M,2026-08-13,TD7,2027-01-01,PMT,16.4
GFI,M,2026-08-13,TD8,2027-01-01,PMT,23.5
GFI,M,2026-08-13,TD25,2027-01-01,PMT,49.0
GFI,M,2026-08-13,TD22,2027-01-01,LSM,20.0
GFI,M,2026-08-13,TD19,2027-01-01,PMT,15.75
GFI,M,2026-08-13,TD3,2027-02-01,PMT,61.0
GFI,M,2026-08-13,TD20,2027-02-01,PMT,30.0
GFI,M,2026-08-13,TD7,2027-02-01,PMT,15.9
GFI,M,2026-08-13,TD8,2027-02-01,PMT,22.5
GFI,M,2026-08-13,TD25,2027-02-01,PMT,49.0
GFI,M,2026-08-13,TD22,2027-02-01,LSM,19.0
GFI,M,2026-08-13,TD19,2027-02-01,PMT,14.75
GFI,M,2026-08-13,TD3,2027-03-01,PMT,56.0
GFI,M,2026-08-13,TD20,2027-03-01,PMT,26.5
GFI,M,2026-08-13,TD7,2027-03-01,PMT,15.4
GFI,M,2026-08-13,TD8,2027-03-01,PMT,21.5
GFI,M,2026-08-13,TD25,2027-03-01,PMT,49.0
GFI,M,2026-08-13,TD22,2027-03-01,LSM,18.0
GFI,M,2026-08-13,TD19,2027-03-01,PMT,13.75
GFI,Q,2026-08-13,TD3,2026-10-01,WSC,415.0
GFI,Q,2026-08-13,TD20,2026-10-01,WSC,215.0
GFI,Q,2026-08-13,TD7,2026-10-01,WSC,185.0
GFI,Q,2026-08-13,TD8,2026-10-01,WSC,260.0
GFI,Q,2026-08-13,TD25,2026-10-01,WSC,276.666667
GFI,Q,2026-08-13,TD22,2026-10-01,LSM,20.0
GFI,Q,2026-08-13,TD19,2026-10-01,WSC,156.0
GFI,Q,2026-08-13,TD3,2027-01-01,PMT,63.0
GFI,Q,2026-08-13,TD20,2027-01-01,PMT,30.0
GFI,Q,2026-08-13,TD7,2027-01-01,PMT,15.9
GFI,Q,2026-08-13,TD8,2027-01-01,PMT,22.5
GFI,Q,2026-08-13,TD25,2027-01-01,PMT,49.0
GFI,Q,2026-08-13,TD22,2027-01-01,LSM,19.0
GFI,Q,2026-08-13,TD19,2027-01-01,PMT,14.75
GFI,Q,2026-08-13,TD3,2027-04-01,PMT,49.0
GFI,Q,2026-08-13,TD20,2027-04-01,PMT,23.0
GFI,Q,2026-08-13,TD7,2027-04-01,PMT,14.7
GFI,Q,2026-08-13,TD8,2027-04-01,PMT,20.5
GFI,Q,2026-08-13,TD25,2027-04-01,PMT,42.5
GFI,Q,2026-08-13,TD22,2027-04-01,LSM,16.0
GFI,Q,2026-08-13,TD19,2027-04-01,PMT,13.25
GFI,Q,2026-08-13,TD3,2027-07-01,PMT,29.0
GFI,Q,2026-08-13,TD20,2027-07-01,PMT,20.0
GFI,Q,2026-08-13,TD7,2027-07-01,PMT,14.1
GFI,Q,2026-08-13,TD8,2027-07-01,PMT,19.1
GFI,Q,2026-08-13,TD25,2027-07-01,PMT,37.25
GFI,Q,2026-08-13,TD22,2027-07-01,LSM,14.5
GFI,Q,2026-08-13,TD19,2027-07-01,PMT,13.0
GFI,Q,2026-08-13,TD3,2027-10-01,PMT,31.0
GFI,Q,2026-08-13,TD20,2027-10-01,PMT,24.0
GFI,Q,2026-08-13,TD7,2027-10-01,PMT,15.3
GFI,Q,2026-08-13,TD8,2027-10-01,PMT,21.2
GFI,Q,2026-08-13,TD25,2027-10-01,PMT,40.75
GFI,Q,2026-08-13,TD22,2027-10-01,LSM,15.5
GFI,Q,2026-08-13,TD19,2027-10-01,PMT,15.0
GFI,Q,2026-08-13,TD3,2028-01-01,PMT,24.0
GFI,Q,2026-08-13,TD20,2028-01-01,PMT,21.1
GFI,Q,2026-08-13,TD7,2028-01-01,PMT,15.0
GFI,Q,2026-08-13,TD8,2028-01-01,PMT,22.25
GFI,Q,2026-08-13,TD25,2028-01-01,PMT,37.5
GFI,Q,2026-08-13,TD22,2028-01-01,LSM,14.0
GFI,Q,2026-08-13,TD19,2028-01-01,PMT,15.55
GFI,Q,2026-08-13,TD3,2028-04-01,PMT,22.0
GFI,Q,2026-08-13,TD20,2028-04-01,PMT,19.1
GFI,Q,2026-08-13,TD7,2028-04-01,PMT,13.0
GFI,Q,2026-08-13,TD8,2028-04-01,PMT,20.25
GFI,Q,2026-08-13,TD25,2028-04-01,PMT,35.5
GFI,Q,2026-08-13,TD22,2028-04-01,LSM,12.0
GFI,Q,2026-08-13,TD19,2028-04-01,PMT,13.55
GFI,A,2026-08-13,TD3,2027-01-01,PMT,43.0
GFI,A,2026-08-13,TD20,2027-01-01,PMT,24.25
GFI,A,2026-08-13,TD7,2027-01-01,PMT,15.0
GFI,A,2026-08-13,TD8,2027-01-01,PMT,20.825
GFI,A,2026-08-13,TD25,2027-01-01,PMT,42.375
GFI,A,2026-08-13,TD22,2027-01-01,LSM,16.25
GFI,A,2026-08-13,TD19,2027-01-01,PMT,14.0
GFI,A,2026-08-13,TD3,2028-01-01,PMT,22.0
GFI,A,2026-08-13,TD20,2028-01-01,PMT,19.1
GFI,A,2026-08-13,TD7,2028-01-01,PMT,13.0
GFI,A,2026-08-13,TD8,2028-01-01,PMT,20.25
GFI,A,2026-08-13,TD25,2028-01-01,PMT,35.5
GFI,A,2026-08-13,TD22,2028-01-01,LSM,12.0
GFI,A,2026-08-13,TD19,2028-01-01,PMT,13.55
GFI,A,2026-08-13,TD3,2029-01-01,PMT,17.5
GFI,A,2026-08-13,TD20,2029-01-01,PMT,16.2
GFI,A,2026-08-13,TD7,2029-01-01,PMT,12.9
GFI,A,2026-08-13,TD8,2029-01-01,PMT,19.7
GFI,A,2026-08-13,TD25,2029-01-01,PMT,32.0
GFI,A,2026-08-13,TD22,2029-01-01,LSM,11.5
GFI,A,2026-08-13,TD19,2029-01-01,PMT,13.25
GFI,BITR,2026-08-14,TD3,2026-08-01,WSC,481.67
GFI,BITR,2026-08-14,TD20,2026-08-01,WSC,259.83
GFI,BITR,2026-08-14,TD7,2026-08-01,WSC,201.67
GFI,BITR,2026-08-14,TD8,2026-08-01,WSC,335.0
GFI,BITR,2026-08-14,TD25,2026-08-01,WSC,369.44
GFI,BITR,2026-08-14,TD22,2026-08-01,LSM,18.55
GFI,BITR,2026-08-14,TD19,2026-08-01,WSC,225.22
GFI,M,2026-08-14,TD3,2026-08-01,WSC,470.0
GFI,M,2026-08-14,TD20,2026-08-01,WSC,227.0
GFI,M,2026-08-14,TD7,2026-08-01,WSC,210.0
GFI,M,2026-08-14,TD8,2026-08-01,WSC,415.0
GFI,M,2026-08-14,TD25,2026-08-01,WSC,359.0
GFI,M,2026-08-14,TD22,2026-08-01,LSM,19.5
GFI,M,2026-08-14,TD19,2026-08-01,WSC,240.0
GFI,M,2026-08-14,TD3,2026-09-01,WSC,485.0
GFI,M,2026-08-14,TD20,2026-09-01,WSC,260.0
GFI,M,2026-08-14,TD7,2026-09-01,WSC,200.0
GFI,M,2026-08-14,TD8,2026-09-01,WSC,350.0
GFI,M,2026-08-14,TD25,2026-09-01,WSC,345.0
GFI,M,2026-08-14,TD22,2026-09-01,LSM,20.0
GFI,M,2026-08-14,TD19,2026-09-01,WSC,200.0
GFI,M,2026-08-14,TD3,2026-10-01,WSC,480.0
GFI,M,2026-08-14,TD20,2026-10-01,WSC,232.5
GFI,M,2026-08-14,TD7,2026-10-01,WSC,195.0
GFI,M,2026-08-14,TD8,2026-10-01,WSC,280.0
GFI,M,2026-08-14,TD25,2026-10-01,WSC,305.0
GFI,M,2026-08-14,TD22,2026-10-01,LSM,19.5
GFI,M,2026-08-14,TD19,2026-10-01,WSC,165.0
GFI,M,2026-08-14,TD3,2026-11-01,WSC,440.0
GFI,M,2026-08-14,TD20,2026-11-01,WSC,225.0
GFI,M,2026-08-14,TD7,2026-11-01,WSC,185.0
GFI,M,2026-08-14,TD8,2026-11-01,WSC,260.0
GFI,M,2026-08-14,TD25,2026-11-01,WSC,290.0
GFI,M,2026-08-14,TD22,2026-11-01,LSM,20.0
GFI,M,2026-08-14,TD19,2026-11-01,WSC,153.0
GFI,M,2026-08-14,TD3,2026-12-01,WSC,395.0
GFI,M,2026-08-14,TD20,2026-12-01,WSC,217.5
GFI,M,2026-08-14,TD7,2026-12-01,WSC,175.0
GFI,M,2026-08-14,TD8,2026-12-01,WSC,240.0
GFI,M,2026-08-14,TD25,2026-12-01,WSC,275.0
GFI,M,2026-08-14,TD22,2026-12-01,LSM,20.5
GFI,M,2026-08-14,TD19,2026-12-01,WSC,150.0
GFI,M,2026-08-14,TD3,2027-01-01,PMT,85.25
GFI,M,2026-08-14,TD20,2027-01-01,PMT,34.25
GFI,M,2026-08-14,TD7,2027-01-01,PMT,16.4
GFI,M,2026-08-14,TD8,2027-01-01,PMT,23.5
GFI,M,2026-08-14,TD25,2027-01-01,PMT,50.5
GFI,M,2026-08-14,TD22,2027-01-01,LSM,20.0
GFI,M,2026-08-14,TD19,2027-01-01,PMT,15.75
GFI,M,2026-08-14,TD3,2027-02-01,PMT,77.25
GFI,M,2026-08-14,TD20,2027-02-01,PMT,30.75
GFI,M,2026-08-14,TD7,2027-02-01,PMT,15.9
GFI,M,2026-08-14,TD8,2027-02-01,PMT,22.5
GFI,M,2026-08-14,TD25,2027-02-01,PMT,50.5
GFI,M,2026-08-14,TD22,2027-02-01,LSM,19.0
GFI,M,2026-08-14,TD19,2027-02-01,PMT,14.75
GFI,M,2026-08-14,TD3,2027-03-01,PMT,72.25
GFI,M,2026-08-14,TD20,2027-03-01,PMT,27.25
GFI,M,2026-08-14,TD7,2027-03-01,PMT,15.4
GFI,M,2026-08-14,TD8,2027-03-01,PMT,21.5
GFI,M,2026-08-14,TD25,2027-03-01,PMT,50.5
GFI,M,2026-08-14,TD22,2027-03-01,LSM,18.0
GFI,M,2026-08-14,TD19,2027-03-01,PMT,13.75
GFI,Q,2026-08-14,TD3,2026-10-01,WSC,438.333333
GFI,Q,2026-08-14,TD20,2026-10-01,WSC,225.0
GFI,Q,2026-08-14,TD7,2026-10-01,WSC,185.0
GFI,Q,2026-08-14,TD8,2026-10-01,WSC,260.0
GFI,Q,2026-08-14,TD25,2026-10-01,WSC,290.0
GFI,Q,2026-08-14,TD22,2026-10-01,LSM,20.0
GFI,Q,2026-08-14,TD19,2026-10-01,WSC,156.0
GFI,Q,2026-08-14,TD3,2027-01-01,PMT,78.25
GFI,Q,2026-08-14,TD20,2027-01-01,PMT,30.75
GFI,Q,2026-08-14,TD7,2027-01-01,PMT,15.9
GFI,Q,2026-08-14,TD8,2027-01-01,PMT,22.5
GFI,Q,2026-08-14,TD25,2027-01-01,PMT,50.5
GFI,Q,2026-08-14,TD22,2027-01-01,LSM,19.0
GFI,Q,2026-08-14,TD19,2027-01-01,PMT,14.75
GFI,Q,2026-08-14,TD3,2027-04-01,PMT,60.0
GFI,Q,2026-08-14,TD20,2027-04-01,PMT,23.75
GFI,Q,2026-08-14,TD7,2027-04-01,PMT,14.7
GFI,Q,2026-08-14,TD8,2027-04-01,PMT,20.5
GFI,Q,2026-08-14,TD25,2027-04-01,PMT,43.0
GFI,Q,2026-08-14,TD22,2027-04-01,LSM,16.0
GFI,Q,2026-08-14,TD19,2027-04-01,PMT,13.25
GFI,Q,2026-08-14,TD3,2027-07-01,PMT,37.0
GFI,Q,2026-08-14,TD20,2027-07-01,PMT,21.25
GFI,Q,2026-08-14,TD7,2027-07-01,PMT,14.1
GFI,Q,2026-08-14,TD8,2027-07-01,PMT,19.1
GFI,Q,2026-08-14,TD25,2027-07-01,PMT,38.5
GFI,Q,2026-08-14,TD22,2027-07-01,LSM,14.5
GFI,Q,2026-08-14,TD19,2027-07-01,PMT,13.0
GFI,Q,2026-08-14,TD3,2027-10-01,PMT,39.0
GFI,Q,2026-08-14,TD20,2027-10-01,PMT,25.25
GFI,Q,2026-08-14,TD7,2027-10-01,PMT,15.3
GFI,Q,2026-08-14,TD8,2027-10-01,PMT,21.2
GFI,Q,2026-08-14,TD25,2027-10-01,PMT,42.0
GFI,Q,2026-08-14,TD22,2027-10-01,LSM,15.5
GFI,Q,2026-08-14,TD19,2027-10-01,PMT,15.0
GFI,Q,2026-08-14,TD3,2028-01-01,PMT,25.0
GFI,Q,2026-08-14,TD20,2028-01-01,PMT,21.5
GFI,Q,2026-08-14,TD7,2028-01-01,PMT,15.0
GFI,Q,2026-08-14,TD8,2028-01-01,PMT,22.25
GFI,Q,2026-08-14,TD25,2028-01-01,PMT,37.0
GFI,Q,2026-08-14,TD22,2028-01-01,LSM,14.0
GFI,Q,2026-08-14,TD19,2028-01-01,PMT,15.55
GFI,Q,2026-08-14,TD3,2028-04-01,PMT,23.0
GFI,Q,2026-08-14,TD20,2028-04-01,PMT,19.5
GFI,Q,2026-08-14,TD7,2028-04-01,PMT,13.0
GFI,Q,2026-08-14,TD8,2028-04-01,PMT,20.25
GFI,Q,2026-08-14,TD25,2028-04-01,PMT,35.0
GFI,Q,2026-08-14,TD22,2028-04-01,LSM,12.0
GFI,Q,2026-08-14,TD19,2028-04-01,PMT,13.55
GFI,A,2026-08-14,TD3,2027-01-01,PMT,53.5625
GFI,A,2026-08-14,TD20,2027-01-01,PMT,25.25
GFI,A,2026-08-14,TD7,2027-01-01,PMT,15.0
GFI,A,2026-08-14,TD8,2027-01-01,PMT,20.825
GFI,A,2026-08-14,TD25,2027-01-01,PMT,43.5
GFI,A,2026-08-14,TD22,2027-01-01,LSM,16.25
GFI,A,2026-08-14,TD19,2027-01-01,PMT,14.0
GFI,A,2026-08-14,TD3,2028-01-01,PMT,23.0
GFI,A,2026-08-14,TD20,2028-01-01,PMT,19.5
GFI,A,2026-08-14,TD7,2028-01-01,PMT,13.0
GFI,A,2026-08-14,TD8,2028-01-01,PMT,20.25
GFI,A,2026-08-14,TD25,2028-01-01,PMT,35.0
GFI,A,2026-08-14,TD22,2028-01-01,LSM,12.0
GFI,A,2026-08-14,TD19,2028-01-01,PMT,13.55
GFI,A,2026-08-14,TD3,2029-01-01,PMT,18.5
GFI,A,2026-08-14,TD20,2029-01-01,PMT,16.25
GFI,A,2026-08-14,TD7,2029-01-01,PMT,12.9
GFI,A,2026-08-14,TD8,2029-01-01,PMT,19.7
GFI,A,2026-08-14,TD25,2029-01-01,PMT,32.0
GFI,A,2026-08-14,TD22,2029-01-01,LSM,11.5
GFI,A,2026-08-14,TD19,2029-01-01,PMT,13.25
GFI,BITR,2026-08-17,TD3,2026-08-01,WSC,501.67
GFI,BITR,2026-08-17,TD20,2026-08-01,WSC,311.67
GFI,BITR,2026-08-17,TD7,2026-08-01,WSC,202.08
GFI,BITR,2026-08-17,TD8,2026-08-01,WSC,327.0
GFI,BITR,2026-08-17,TD25,2026-08-01,WSC,377.22
GFI,BITR,2026-08-17,TD22,2026-08-01,LSM,18.791667
GFI,BITR,2026-08-17,TD19,2026-08-01,WSC,226.06
GFI,M,2026-08-17,TD3,2026-08-01,WSC,470.0
GFI,M,2026-08-17,TD20,2026-08-01,WSC,250.0
GFI,M,2026-08-17,TD7,2026-08-01,WSC,210.0
GFI,M,2026-08-17,TD8,2026-08-01,WSC,415.0
GFI,M,2026-08-17,TD25,2026-08-01,WSC,360.0
GFI,M,2026-08-17,TD22,2026-08-01,LSM,19.5
GFI,M,2026-08-17,TD19,2026-08-01,WSC,240.0
GFI,M,2026-08-17,TD3,2026-09-01,WSC,485.0
GFI,M,2026-08-17,TD20,2026-09-01,WSC,280.0
GFI,M,2026-08-17,TD7,2026-09-01,WSC,200.0
GFI,M,2026-08-17,TD8,2026-09-01,WSC,350.0
GFI,M,2026-08-17,TD25,2026-09-01,WSC,345.0
GFI,M,2026-08-17,TD22,2026-09-01,LSM,20.0
GFI,M,2026-08-17,TD19,2026-09-01,WSC,200.0
GFI,M,2026-08-17,TD3,2026-10-01,WSC,468.75
GFI,M,2026-08-17,TD20,2026-10-01,WSC,242.5
GFI,M,2026-08-17,TD7,2026-10-01,WSC,195.0
GFI,M,2026-08-17,TD8,2026-10-01,WSC,280.0
GFI,M,2026-08-17,TD25,2026-10-01,WSC,313.0
GFI,M,2026-08-17,TD22,2026-10-01,LSM,19.5
GFI,M,2026-08-17,TD19,2026-10-01,WSC,165.0
GFI,M,2026-08-17,TD3,2026-11-01,WSC,441.25
GFI,M,2026-08-17,TD20,2026-11-01,WSC,230.0
GFI,M,2026-08-17,TD7,2026-11-01,WSC,185.0
GFI,M,2026-08-17,TD8,2026-11-01,WSC,260.0
GFI,M,2026-08-17,TD25,2026-11-01,WSC,294.0
GFI,M,2026-08-17,TD22,2026-11-01,LSM,20.0
GFI,M,2026-08-17,TD19,2026-11-01,WSC,153.0
GFI,M,2026-08-17,TD3,2026-12-01,WSC,410.0
GFI,M,2026-08-17,TD20,2026-12-01,WSC,217.5
GFI,M,2026-08-17,TD7,2026-12-01,WSC,175.0
GFI,M,2026-08-17,TD8,2026-12-01,WSC,240.0
GFI,M,2026-08-17,TD25,2026-12-01,WSC,278.0
GFI,M,2026-08-17,TD22,2026-12-01,LSM,20.5
GFI,M,2026-08-17,TD19,2026-12-01,WSC,150.0
GFI,M,2026-08-17,TD3,2027-01-01,PMT,82.5
GFI,M,2026-08-17,TD20,2027-01-01,PMT,34.25
GFI,M,2026-08-17,TD7,2027-01-01,PMT,16.4
GFI,M,2026-08-17,TD8,2027-01-01,PMT,23.5
GFI,M,2026-08-17,TD25,2027-01-01,PMT,50.0
GFI,M,2026-08-17,TD22,2027-01-01,LSM,20.0
GFI,M,2026-08-17,TD19,2027-01-01,PMT,15.75
GFI,M,2026-08-17,TD3,2027-02-01,PMT,80.0
GFI,M,2026-08-17,TD20,2027-02-01,PMT,30.75
GFI,M,2026-08-17,TD7,2027-02-01,PMT,15.9
GFI,M,2026-08-17,TD8,2027-02-01,PMT,22.5
GFI,M,2026-08-17,TD25,2027-02-01,PMT,50.0
GFI,M,2026-08-17,TD22,2027-02-01,LSM,19.0
GFI,M,2026-08-17,TD19,2027-02-01,PMT,14.75
GFI,M,2026-08-17,TD3,2027-03-01,PMT,77.5
GFI,M,2026-08-17,TD20,2027-03-01,PMT,27.25
GFI,M,2026-08-17,TD7,2027-03-01,PMT,15.4
GFI,M,2026-08-17,TD8,2027-03-01,PMT,21.5
GFI,M,2026-08-17,TD25,2027-03-01,PMT,50.0
GFI,M,2026-08-17,TD22,2027-03-01,LSM,18.0
GFI,M,2026-08-17,TD19,2027-03-01,PMT,13.75
GFI,Q,2026-08-17,TD3,2026-10-01,WSC,440.0
GFI,Q,2026-08-17,TD20,2026-10-01,WSC,230.0
GFI,Q,2026-08-17,TD7,2026-10-01,WSC,185.0
GFI,Q,2026-08-17,TD8,2026-10-01,WSC,260.0
GFI,Q,2026-08-17,TD25,2026-10-01,WSC,295.0
GFI,Q,2026-08-17,TD22,2026-10-01,LSM,20.0
GFI,Q,2026-08-17,TD19,2026-10-01,WSC,156.0
GFI,Q,2026-08-17,TD3,2027-01-01,PMT,80.0
GFI,Q,2026-08-17,TD20,2027-01-01,PMT,30.75
GFI,Q,2026-08-17,TD7,2027-01-01,PMT,15.9
GFI,Q,2026-08-17,TD8,2027-01-01,PMT,22.5
GFI,Q,2026-08-17,TD25,2027-01-01,PMT,50.0
GFI,Q,2026-08-17,TD22,2027-01-01,LSM,19.0
GFI,Q,2026-08-17,TD19,2027-01-01,PMT,14.75
GFI,Q,2026-08-17,TD3,2027-04-01,PMT,64.0
GFI,Q,2026-08-17,TD20,2027-04-01,PMT,23.75
GFI,Q,2026-08-17,TD7,2027-04-01,PMT,14.7
GFI,Q,2026-08-17,TD8,2027-04-01,PMT,20.5
GFI,Q,2026-08-17,TD25,2027-04-01,PMT,43.5
GFI,Q,2026-08-17,TD22,2027-04-01,LSM,16.0
GFI,Q,2026-08-17,TD19,2027-04-01,PMT,13.25
GFI,Q,2026-08-17,TD3,2027-07-01,PMT,39.0
GFI,Q,2026-08-17,TD20,2027-07-01,PMT,21.25
GFI,Q,2026-08-17,TD7,2027-07-01,PMT,14.1
GFI,Q,2026-08-17,TD8,2027-07-01,PMT,19.1
GFI,Q,2026-08-17,TD25,2027-07-01,PMT,38.75
GFI,Q,2026-08-17,TD22,2027-07-01,LSM,14.5
GFI,Q,2026-08-17,TD19,2027-07-01,PMT,13.0
GFI,Q,2026-08-17,TD3,2027-10-01,PMT,41.0
GFI,Q,2026-08-17,TD20,2027-10-01,PMT,25.25
GFI,Q,2026-08-17,TD7,2027-10-01,PMT,15.3
GFI,Q,2026-08-17,TD8,2027-10-01,PMT,21.2
GFI,Q,2026-08-17,TD25,2027-10-01,PMT,42.25
GFI,Q,2026-08-17,TD22,2027-10-01,LSM,15.5
GFI,Q,2026-08-17,TD19,2027-10-01,PMT,15.0
GFI,Q,2026-08-17,TD3,2028-01-01,PMT,25.0
GFI,Q,2026-08-17,TD20,2028-01-01,PMT,21.5
GFI,Q,2026-08-17,TD7,2028-01-01,PMT,15.0
GFI,Q,2026-08-17,TD8,2028-01-01,PMT,22.25
GFI,Q,2026-08-17,TD25,2028-01-01,PMT,37.5
GFI,Q,2026-08-17,TD22,2028-01-01,LSM,14.0
GFI,Q,2026-08-17,TD19,2028-01-01,PMT,15.55
GFI,Q,2026-08-17,TD3,2028-04-01,PMT,23.0
GFI,Q,2026-08-17,TD20,2028-04-01,PMT,19.5
GFI,Q,2026-08-17,TD7,2028-04-01,PMT,13.0
GFI,Q,2026-08-17,TD8,2028-04-01,PMT,20.25
GFI,Q,2026-08-17,TD25,2028-04-01,PMT,35.5
GFI,Q,2026-08-17,TD22,2028-04-01,LSM,12.0
GFI,Q,2026-08-17,TD19,2028-04-01,PMT,13.55
GFI,A,2026-08-17,TD3,2027-01-01,PMT,56.0
GFI,A,2026-08-17,TD20,2027-01-01,PMT,25.25
GFI,A,2026-08-17,TD7,2027-01-01,PMT,15.0
GFI,A,2026-08-17,TD8,2027-01-01,PMT,20.825
GFI,A,2026-08-17,TD25,2027-01-01,PMT,43.625
GFI,A,2026-08-17,TD22,2027-01-01,LSM,16.25
GFI,A,2026-08-17,TD19,2027-01-01,PMT,14.0
GFI,A,2026-08-17,TD3,2028-01-01,PMT,23.0
GFI,A,2026-08-17,TD20,2028-01-01,PMT,19.5
GFI,A,2026-08-17,TD7,2028-01-01,PMT,13.0
GFI,A,2026-08-17,TD8,2028-01-01,PMT,20.25
GFI,A,2026-08-17,TD25,2028-01-01,PMT,35.5
GFI,A,2026-08-17,TD22,2028-01-01,LSM,12.0
GFI,A,2026-08-17,TD19,2028-01-01,PMT,13.55
GFI,A,2026-08-17,TD3,2029-01-01,PMT,18.5
GFI,A,2026-08-17,TD20,2029-01-01,PMT,16.25
GFI,A,2026-08-17,TD7,2029-01-01,PMT,12.9
GFI,A,2026-08-17,TD8,2029-01-01,PMT,19.7
GFI,A,2026-08-17,TD25,2029-01-01,PMT,32.0
GFI,A,2026-08-17,TD22,2029-01-01,LSM,11.5
GFI,A,2026-08-17,TD19,2029-01-01,PMT,13.25
GFI,BITR,2026-08-18,TD3,2026-08-01,WSC,514.44
GFI,BITR,2026-08-18,TD20,2026-08-01,WSC,328.33
GFI,BITR,2026-08-18,TD7,2026-08-01,WSC,202.08
GFI,BITR,2026-08-18,TD8,2026-08-01,WSC,324.17
GFI,BITR,2026-08-18,TD25,2026-08-01,WSC,361.67
GFI,BITR,2026-08-18,TD22,2026-08-01,LSM,20.322222
GFI,BITR,2026-08-18,TD19,2026-08-01,WSC,227.5
GFI,M,2026-08-18,TD3,2026-08-01,WSC,489.0
GFI,M,2026-08-18,TD20,2026-08-01,WSC,251.0
GFI,M,2026-08-18,TD7,2026-08-01,WSC,210.0
GFI,M,2026-08-18,TD8,2026-08-01,WSC,415.0
GFI,M,2026-08-18,TD25,2026-08-01,WSC,334.75
GFI,M,2026-08-18,TD22,2026-08-01,LSM,19.35
GFI,M,2026-08-18,TD19,2026-08-01,WSC,240.0
GFI,M,2026-08-18,TD3,2026-09-01,WSC,510.0
GFI,M,2026-08-18,TD20,2026-09-01,WSC,276.0
GFI,M,2026-08-18,TD7,2026-09-01,WSC,200.0
GFI,M,2026-08-18,TD8,2026-09-01,WSC,350.0
GFI,M,2026-08-18,TD25,2026-09-01,WSC,325.0
GFI,M,2026-08-18,TD22,2026-09-01,LSM,22.5
GFI,M,2026-08-18,TD19,2026-09-01,WSC,200.0
GFI,M,2026-08-18,TD3,2026-10-01,WSC,490.0
GFI,M,2026-08-18,TD20,2026-10-01,WSC,247.5
GFI,M,2026-08-18,TD7,2026-10-01,WSC,195.0
GFI,M,2026-08-18,TD8,2026-10-01,WSC,280.0
GFI,M,2026-08-18,TD25,2026-10-01,WSC,300.0
GFI,M,2026-08-18,TD22,2026-10-01,LSM,22.5
GFI,M,2026-08-18,TD19,2026-10-01,WSC,165.0
GFI,M,2026-08-18,TD3,2026-11-01,WSC,460.0
GFI,M,2026-08-18,TD20,2026-11-01,WSC,227.5
GFI,M,2026-08-18,TD7,2026-11-01,WSC,185.0
GFI,M,2026-08-18,TD8,2026-11-01,WSC,260.0
GFI,M,2026-08-18,TD25,2026-11-01,WSC,290.0
GFI,M,2026-08-18,TD22,2026-11-01,LSM,22.25
GFI,M,2026-08-18,TD19,2026-11-01,WSC,153.0
GFI,M,2026-08-18,TD3,2026-12-01,WSC,430.0
GFI,M,2026-08-18,TD20,2026-12-01,WSC,215.0
GFI,M,2026-08-18,TD7,2026-12-01,WSC,175.0
GFI,M,2026-08-18,TD8,2026-12-01,WSC,240.0
GFI,M,2026-08-18,TD25,2026-12-01,WSC,280.0
GFI,M,2026-08-18,TD22,2026-12-01,LSM,22.0
GFI,M,2026-08-18,TD19,2026-12-01,WSC,150.0
GFI,M,2026-08-18,TD3,2027-01-01,PMT,87.5
GFI,M,2026-08-18,TD20,2027-01-01,PMT,36.65
GFI,M,2026-08-18,TD7,2027-01-01,PMT,16.4
GFI,M,2026-08-18,TD8,2027-01-01,PMT,23.5
GFI,M,2026-08-18,TD25,2027-01-01,PMT,50.5
GFI,M,2026-08-18,TD22,2027-01-01,LSM,21.0
GFI,M,2026-08-18,TD19,2027-01-01,PMT,15.75
GFI,M,2026-08-18,TD3,2027-02-01,PMT,85.0
GFI,M,2026-08-18,TD20,2027-02-01,PMT,33.15
GFI,M,2026-08-18,TD7,2027-02-01,PMT,15.9
GFI,M,2026-08-18,TD8,2027-02-01,PMT,22.5
GFI,M,2026-08-18,TD25,2027-02-01,PMT,50.5
GFI,M,2026-08-18,TD22,2027-02-01,LSM,20.0
GFI,M,2026-08-18,TD19,2027-02-01,PMT,14.75
GFI,M,2026-08-18,TD3,2027-03-01,PMT,82.5
GFI,M,2026-08-18,TD20,2027-03-01,PMT,29.65
GFI,M,2026-08-18,TD7,2027-03-01,PMT,15.4
GFI,M,2026-08-18,TD8,2027-03-01,PMT,21.5
GFI,M,2026-08-18,TD25,2027-03-01,PMT,50.5
GFI,M,2026-08-18,TD22,2027-03-01,LSM,19.0
GFI,M,2026-08-18,TD19,2027-03-01,PMT,13.75
GFI,Q,2026-08-18,TD3,2026-10-01,WSC,460.0
GFI,Q,2026-08-18,TD20,2026-10-01,WSC,230.0
GFI,Q,2026-08-18,TD7,2026-10-01,WSC,185.0
GFI,Q,2026-08-18,TD8,2026-10-01,WSC,260.0
GFI,Q,2026-08-18,TD25,2026-10-01,WSC,290.0
GFI,Q,2026-08-18,TD22,2026-10-01,LSM,22.25
GFI,Q,2026-08-18,TD19,2026-10-01,WSC,156.0
GFI,Q,2026-08-18,TD3,2027-01-01,PMT,85.0
GFI,Q,2026-08-18,TD20,2027-01-01,PMT,33.15
GFI,Q,2026-08-18,TD7,2027-01-01,PMT,15.9
GFI,Q,2026-08-18,TD8,2027-01-01,PMT,22.5
GFI,Q,2026-08-18,TD25,2027-01-01,PMT,50.5
GFI,Q,2026-08-18,TD22,2027-01-01,LSM,20.0
GFI,Q,2026-08-18,TD19,2027-01-01,PMT,14.75
GFI,Q,2026-08-18,TD3,2027-04-01,PMT,69.0
GFI,Q,2026-08-18,TD20,2027-04-01,PMT,26.65
GFI,Q,2026-08-18,TD7,2027-04-01,PMT,14.7
GFI,Q,2026-08-18,TD8,2027-04-01,PMT,20.5
GFI,Q,2026-08-18,TD25,2027-04-01,PMT,43.0
GFI,Q,2026-08-18,TD22,2027-04-01,LSM,17.5
GFI,Q,2026-08-18,TD19,2027-04-01,PMT,13.25
GFI,Q,2026-08-18,TD3,2027-07-01,PMT,42.0
GFI,Q,2026-08-18,TD20,2027-07-01,PMT,22.9
GFI,Q,2026-08-18,TD7,2027-07-01,PMT,14.1
GFI,Q,2026-08-18,TD8,2027-07-01,PMT,19.1
GFI,Q,2026-08-18,TD25,2027-07-01,PMT,38.75
GFI,Q,2026-08-18,TD22,2027-07-01,LSM,14.75
GFI,Q,2026-08-18,TD19,2027-07-01,PMT,13.0
GFI,Q,2026-08-18,TD3,2027-10-01,PMT,44.0
GFI,Q,2026-08-18,TD20,2027-10-01,PMT,26.7
GFI,Q,2026-08-18,TD7,2027-10-01,PMT,15.3
GFI,Q,2026-08-18,TD8,2027-10-01,PMT,21.2
GFI,Q,2026-08-18,TD25,2027-10-01,PMT,42.25
GFI,Q,2026-08-18,TD22,2027-10-01,LSM,15.75
GFI,Q,2026-08-18,TD19,2027-10-01,PMT,15.0
GFI,Q,2026-08-18,TD3,2028-01-01,PMT,25.0
GFI,Q,2026-08-18,TD20,2028-01-01,PMT,21.2
GFI,Q,2026-08-18,TD7,2028-01-01,PMT,15.0
GFI,Q,2026-08-18,TD8,2028-01-01,PMT,22.25
GFI,Q,2026-08-18,TD25,2028-01-01,PMT,37.3
GFI,Q,2026-08-18,TD22,2028-01-01,LSM,14.0
GFI,Q,2026-08-18,TD19,2028-01-01,PMT,15.55
GFI,Q,2026-08-18,TD3,2028-04-01,PMT,23.0
GFI,Q,2026-08-18,TD20,2028-04-01,PMT,19.2
GFI,Q,2026-08-18,TD7,2028-04-01,PMT,13.0
GFI,Q,2026-08-18,TD8,2028-04-01,PMT,20.25
GFI,Q,2026-08-18,TD25,2028-04-01,PMT,35.3
GFI,Q,2026-08-18,TD22,2028-04-01,LSM,12.0
GFI,Q,2026-08-18,TD19,2028-04-01,PMT,13.55
GFI,A,2026-08-18,TD3,2027-01-01,PMT,60.0
GFI,A,2026-08-18,TD20,2027-01-01,PMT,27.35
GFI,A,2026-08-18,TD7,2027-01-01,PMT,15.0
GFI,A,2026-08-18,TD8,2027-01-01,PMT,20.825
GFI,A,2026-08-18,TD25,2027-01-01,PMT,43.625
GFI,A,2026-08-18,TD22,2027-01-01,LSM,17.0
GFI,A,2026-08-18,TD19,2027-01-01,PMT,14.0
GFI,A,2026-08-18,TD3,2028-01-01,PMT,23.0
GFI,A,2026-08-18,TD20,2028-01-01,PMT,19.2
GFI,A,2026-08-18,TD7,2028-01-01,PMT,13.0
GFI,A,2026-08-18,TD8,2028-01-01,PMT,20.25
GFI,A,2026-08-18,TD25,2028-01-01,PMT,35.3
GFI,A,2026-08-18,TD22,2028-01-01,LSM,12.0
GFI,A,2026-08-18,TD19,2028-01-01,PMT,13.55
GFI,A,2026-08-18,TD3,2029-01-01,PMT,19.0
GFI,A,2026-08-18,TD20,2029-01-01,PMT,16.25
GFI,A,2026-08-18,TD7,2029-01-01,PMT,12.9
GFI,A,2026-08-18,TD8,2029-01-01,PMT,19.7
GFI,A,2026-08-18,TD25,2029-01-01,PMT,32.0
GFI,A,2026-08-18,TD22,2029-01-01,LSM,11.5
GFI,A,2026-08-18,TD19,2029-01-01,PMT,13.25
GFI,BITR,2026-08-19,TD3,2026-08-01,WSC,546.25
GFI,BITR,2026-08-19,TD20,2026-08-01,WSC,333.89
GFI,BITR,2026-08-19,TD7,2026-08-01,WSC,202.5
GFI,BITR,2026-08-19,TD8,2026-08-01,WSC,317.83
GFI,BITR,2026-08-19,TD25,2026-08-01,WSC,332.78
GFI,BITR,2026-08-19,TD22,2026-08-01,LSM,22.044444
GFI,BITR,2026-08-19,TD19,2026-08-01,WSC,242.5
GFI,M,2026-08-19,TD3,2026-08-01,WSC,515.0
GFI,M,2026-08-19,TD20,2026-08-01,WSC,255.0
GFI,M,2026-08-19,TD7,2026-08-01,WSC,210.0
GFI,M,2026-08-19,TD8,2026-08-01,WSC,400.0
GFI,M,2026-08-19,TD25,2026-08-01,WSC,337.0
GFI,M,2026-08-19,TD22,2026-08-01,LSM,20.25
GFI,M,2026-08-19,TD19,2026-08-01,WSC,230.0
GFI,M,2026-08-19,TD3,2026-09-01,WSC,560.0
GFI,M,2026-08-19,TD20,2026-09-01,WSC,290.0
GFI,M,2026-08-19,TD7,2026-09-01,WSC,200.0
GFI,M,2026-08-19,TD8,2026-09-01,WSC,350.0
GFI,M,2026-08-19,TD25,2026-09-01,WSC,335.0
GFI,M,2026-08-19,TD22,2026-09-01,LSM,25.0
GFI,M,2026-08-19,TD19,2026-09-01,WSC,200.0
GFI,M,2026-08-19,TD3,2026-10-01,WSC,530.0
GFI,M,2026-08-19,TD20,2026-10-01,WSC,255.0
GFI,M,2026-08-19,TD7,2026-10-01,WSC,195.0
GFI,M,2026-08-19,TD8,2026-10-01,WSC,280.0
GFI,M,2026-08-19,TD25,2026-10-01,WSC,320.0
GFI,M,2026-08-19,TD22,2026-10-01,LSM,25.0
GFI,M,2026-08-19,TD19,2026-10-01,WSC,165.0
GFI,M,2026-08-19,TD3,2026-11-01,WSC,500.0
GFI,M,2026-08-19,TD20,2026-11-01,WSC,230.0
GFI,M,2026-08-19,TD7,2026-11-01,WSC,185.0
GFI,M,2026-08-19,TD8,2026-11-01,WSC,260.0
GFI,M,2026-08-19,TD25,2026-11-01,WSC,309.0
GFI,M,2026-08-19,TD22,2026-11-01,LSM,24.75
GFI,M,2026-08-19,TD19,2026-11-01,WSC,153.0
GFI,M,2026-08-19,TD3,2026-12-01,WSC,470.0
GFI,M,2026-08-19,TD20,2026-12-01,WSC,225.0
GFI,M,2026-08-19,TD7,2026-12-01,WSC,175.0
GFI,M,2026-08-19,TD8,2026-12-01,WSC,240.0
GFI,M,2026-08-19,TD25,2026-12-01,WSC,295.0
GFI,M,2026-08-19,TD22,2026-12-01,LSM,24.5
GFI,M,2026-08-19,TD19,2026-12-01,WSC,150.0
GFI,M,2026-08-19,TD3,2027-01-01,PMT,87.5
GFI,M,2026-08-19,TD20,2027-01-01,PMT,37.5
GFI,M,2026-08-19,TD7,2027-01-01,PMT,16.4
GFI,M,2026-08-19,TD8,2027-01-01,PMT,23.5
GFI,M,2026-08-19,TD25,2027-01-01,PMT,53.0
GFI,M,2026-08-19,TD22,2027-01-01,LSM,24.0
GFI,M,2026-08-19,TD19,2027-01-01,PMT,15.75
GFI,M,2026-08-19,TD3,2027-02-01,PMT,85.0
GFI,M,2026-08-19,TD20,2027-02-01,PMT,34.0
GFI,M,2026-08-19,TD7,2027-02-01,PMT,15.9
GFI,M,2026-08-19,TD8,2027-02-01,PMT,22.5
GFI,M,2026-08-19,TD25,2027-02-01,PMT,53.0
GFI,M,2026-08-19,TD22,2027-02-01,LSM,23.0
GFI,M,2026-08-19,TD19,2027-02-01,PMT,14.75
GFI,M,2026-08-19,TD3,2027-03-01,PMT,82.5
GFI,M,2026-08-19,TD20,2027-03-01,PMT,30.5
GFI,M,2026-08-19,TD7,2027-03-01,PMT,15.4
GFI,M,2026-08-19,TD8,2027-03-01,PMT,21.5
GFI,M,2026-08-19,TD25,2027-03-01,PMT,53.0
GFI,M,2026-08-19,TD22,2027-03-01,LSM,22.0
GFI,M,2026-08-19,TD19,2027-03-01,PMT,13.75
GFI,Q,2026-08-19,TD3,2026-10-01,WSC,500.0
GFI,Q,2026-08-19,TD20,2026-10-01,WSC,236.666667
GFI,Q,2026-08-19,TD7,2026-10-01,WSC,185.0
GFI,Q,2026-08-19,TD8,2026-10-01,WSC,260.0
GFI,Q,2026-08-19,TD25,2026-10-01,WSC,308.0
GFI,Q,2026-08-19,TD22,2026-10-01,LSM,24.75
GFI,Q,2026-08-19,TD19,2026-10-01,WSC,156.0
GFI,Q,2026-08-19,TD3,2027-01-01,PMT,85.0
GFI,Q,2026-08-19,TD20,2027-01-01,PMT,34.0
GFI,Q,2026-08-19,TD7,2027-01-01,PMT,15.9
GFI,Q,2026-08-19,TD8,2027-01-01,PMT,22.5
GFI,Q,2026-08-19,TD25,2027-01-01,PMT,53.0
GFI,Q,2026-08-19,TD22,2027-01-01,LSM,23.0
GFI,Q,2026-08-19,TD19,2027-01-01,PMT,14.75
GFI,Q,2026-08-19,TD3,2027-04-01,PMT,69.0
GFI,Q,2026-08-19,TD20,2027-04-01,PMT,28.0
GFI,Q,2026-08-19,TD7,2027-04-01,PMT,14.7
GFI,Q,2026-08-19,TD8,2027-04-01,PMT,20.5
GFI,Q,2026-08-19,TD25,2027-04-01,PMT,43.5
GFI,Q,2026-08-19,TD22,2027-04-01,LSM,17.5
GFI,Q,2026-08-19,TD19,2027-04-01,PMT,13.25
GFI,Q,2026-08-19,TD3,2027-07-01,PMT,42.0
GFI,Q,2026-08-19,TD20,2027-07-01,PMT,24.5
GFI,Q,2026-08-19,TD7,2027-07-01,PMT,14.1
GFI,Q,2026-08-19,TD8,2027-07-01,PMT,19.1
GFI,Q,2026-08-19,TD25,2027-07-01,PMT,39.0
GFI,Q,2026-08-19,TD22,2027-07-01,LSM,14.75
GFI,Q,2026-08-19,TD19,2027-07-01,PMT,13.0
GFI,Q,2026-08-19,TD3,2027-10-01,PMT,44.0
GFI,Q,2026-08-19,TD20,2027-10-01,PMT,25.5
GFI,Q,2026-08-19,TD7,2027-10-01,PMT,15.3
GFI,Q,2026-08-19,TD8,2027-10-01,PMT,21.2
GFI,Q,2026-08-19,TD25,2027-10-01,PMT,42.5
GFI,Q,2026-08-19,TD22,2027-10-01,LSM,15.75
GFI,Q,2026-08-19,TD19,2027-10-01,PMT,15.0
GFI,Q,2026-08-19,TD3,2028-01-01,PMT,26.0
GFI,Q,2026-08-19,TD20,2028-01-01,PMT,21.5
GFI,Q,2026-08-19,TD7,2028-01-01,PMT,15.0
GFI,Q,2026-08-19,TD8,2028-01-01,PMT,22.25
GFI,Q,2026-08-19,TD25,2028-01-01,PMT,38.5
GFI,Q,2026-08-19,TD22,2028-01-01,LSM,14.0
GFI,Q,2026-08-19,TD19,2028-01-01,PMT,15.55
GFI,Q,2026-08-19,TD3,2028-04-01,PMT,24.0
GFI,Q,2026-08-19,TD20,2028-04-01,PMT,19.5
GFI,Q,2026-08-19,TD7,2028-04-01,PMT,13.0
GFI,Q,2026-08-19,TD8,2028-04-01,PMT,20.25
GFI,Q,2026-08-19,TD25,2028-04-01,PMT,36.5
GFI,Q,2026-08-19,TD22,2028-04-01,LSM,12.0
GFI,Q,2026-08-19,TD19,2028-04-01,PMT,13.55
GFI,A,2026-08-19,TD3,2027-01-01,PMT,60.0
GFI,A,2026-08-19,TD20,2027-01-01,PMT,28.0
GFI,A,2026-08-19,TD7,2027-01-01,PMT,15.0
GFI,A,2026-08-19,TD8,2027-01-01,PMT,20.825
GFI,A,2026-08-19,TD25,2027-01-01,PMT,44.5
GFI,A,2026-08-19,TD22,2027-01-01,LSM,17.75
GFI,A,2026-08-19,TD19,2027-01-01,PMT,14.0
GFI,A,2026-08-19,TD3,2028-01-01,PMT,24.0
GFI,A,2026-08-19,TD20,2028-01-01,PMT,19.5
GFI,A,2026-08-19,TD7,2028-01-01,PMT,13.0
GFI,A,2026-08-19,TD8,2028-01-01,PMT,20.25
GFI,A,2026-08-19,TD25,2028-01-01,PMT,36.5
GFI,A,2026-08-19,TD22,2028-01-01,LSM,12.0
GFI,A,2026-08-19,TD19,2028-01-01,PMT,13.55
GFI,A,2026-08-19,TD3,2029-01-01,PMT,19.0
GFI,A,2026-08-19,TD20,2029-01-01,PMT,17.75
GFI,A,2026-08-19,TD7,2029-01-01,PMT,12.9
GFI,A,2026-08-19,TD8,2029-01-01,PMT,19.7
GFI,A,2026-08-19,TD25,2029-01-01,PMT,33.75
GFI,A,2026-08-19,TD22,2029-01-01,LSM,11.5
GFI,A,2026-08-19,TD19,2029-01-01,PMT,13.25
GFI,BITR,2026-08-20,TD3,2026-08-01,WSC,570.0
GFI,BITR,2026-08-20,TD20,2026-08-01,WSC,328.89
GFI,BITR,2026-08-20,TD7,2026-08-01,WSC,202.92
GFI,BITR,2026-08-20,TD8,2026-08-01,WSC,325.83
GFI,BITR,2026-08-20,TD25,2026-08-01,WSC,327.78
GFI,BITR,2026-08-20,TD22,2026-08-01,LSM,24.888889
GFI,BITR,2026-08-20,TD19,2026-08-01,WSC,248.61
GFI,M,2026-08-20,TD3,2026-08-01,WSC,515.0
GFI,M,2026-08-20,TD20,2026-08-01,WSC,259.5
GFI,M,2026-08-20,TD7,2026-08-01,WSC,205.0
GFI,M,2026-08-20,TD8,2026-08-01,WSC,400.0
GFI,M,2026-08-20,TD25,2026-08-01,WSC,337.0
GFI,M,2026-08-20,TD22,2026-08-01,LSM,20.35
GFI,M,2026-08-20,TD19,2026-08-01,WSC,230.0
GFI,M,2026-08-20,TD3,2026-09-01,WSC,600.0
GFI,M,2026-08-20,TD20,2026-09-01,WSC,290.0
GFI,M,2026-08-20,TD7,2026-09-01,WSC,200.0
GFI,M,2026-08-20,TD8,2026-09-01,WSC,350.0
GFI,M,2026-08-20,TD25,2026-09-01,WSC,330.0
GFI,M,2026-08-20,TD22,2026-09-01,LSM,25.0
GFI,M,2026-08-20,TD19,2026-09-01,WSC,200.0
GFI,M,2026-08-20,TD3,2026-10-01,WSC,560.0
GFI,M,2026-08-20,TD20,2026-10-01,WSC,257.0
GFI,M,2026-08-20,TD7,2026-10-01,WSC,195.0
GFI,M,2026-08-20,TD8,2026-10-01,WSC,280.0
GFI,M,2026-08-20,TD25,2026-10-01,WSC,317.0
GFI,M,2026-08-20,TD22,2026-10-01,LSM,24.0
GFI,M,2026-08-20,TD19,2026-10-01,WSC,165.0
GFI,M,2026-08-20,TD3,2026-11-01,WSC,530.0
GFI,M,2026-08-20,TD20,2026-11-01,WSC,237.0
GFI,M,2026-08-20,TD7,2026-11-01,WSC,185.0
GFI,M,2026-08-20,TD8,2026-11-01,WSC,260.0
GFI,M,2026-08-20,TD25,2026-11-01,WSC,312.0
GFI,M,2026-08-20,TD22,2026-11-01,LSM,22.75
GFI,M,2026-08-20,TD19,2026-11-01,WSC,153.0
GFI,M,2026-08-20,TD3,2026-12-01,WSC,510.0
GFI,M,2026-08-20,TD20,2026-12-01,WSC,226.0
GFI,M,2026-08-20,TD7,2026-12-01,WSC,175.0
GFI,M,2026-08-20,TD8,2026-12-01,WSC,240.0
GFI,M,2026-08-20,TD25,2026-12-01,WSC,307.0
GFI,M,2026-08-20,TD22,2026-12-01,LSM,22.5
GFI,M,2026-08-20,TD19,2026-12-01,WSC,150.0
GFI,M,2026-08-20,TD3,2027-01-01,PMT,95.0
GFI,M,2026-08-20,TD20,2027-01-01,PMT,38.25
GFI,M,2026-08-20,TD7,2027-01-01,PMT,16.4
GFI,M,2026-08-20,TD8,2027-01-01,PMT,23.5
GFI,M,2026-08-20,TD25,2027-01-01,PMT,56.0
GFI,M,2026-08-20,TD22,2027-01-01,LSM,22.0
GFI,M,2026-08-20,TD19,2027-01-01,PMT,15.75
GFI,M,2026-08-20,TD3,2027-02-01,PMT,91.5
GFI,M,2026-08-20,TD20,2027-02-01,PMT,34.75
GFI,M,2026-08-20,TD7,2027-02-01,PMT,15.9
GFI,M,2026-08-20,TD8,2027-02-01,PMT,22.5
GFI,M,2026-08-20,TD25,2027-02-01,PMT,56.0
GFI,M,2026-08-20,TD22,2027-02-01,LSM,21.75
GFI,M,2026-08-20,TD19,2027-02-01,PMT,14.75
GFI,M,2026-08-20,TD3,2027-03-01,PMT,88.0
GFI,M,2026-08-20,TD20,2027-03-01,PMT,31.25
GFI,M,2026-08-20,TD7,2027-03-01,PMT,15.4
GFI,M,2026-08-20,TD8,2027-03-01,PMT,21.5
GFI,M,2026-08-20,TD25,2027-03-01,PMT,56.0
GFI,M,2026-08-20,TD22,2027-03-01,LSM,21.5
GFI,M,2026-08-20,TD19,2027-03-01,PMT,13.75
GFI,Q,2026-08-20,TD3,2026-10-01,WSC,533.333333
GFI,Q,2026-08-20,TD20,2026-10-01,WSC,240.0
GFI,Q,2026-08-20,TD7,2026-10-01,WSC,185.0
GFI,Q,2026-08-20,TD8,2026-10-01,WSC,260.0
GFI,Q,2026-08-20,TD25,2026-10-01,WSC,312.0
GFI,Q,2026-08-20,TD22,2026-10-01,LSM,23.083333
GFI,Q,2026-08-20,TD19,2026-10-01,WSC,156.0
GFI,Q,2026-08-20,TD3,2027-01-01,PMT,91.5
GFI,Q,2026-08-20,TD20,2027-01-01,PMT,34.75
GFI,Q,2026-08-20,TD7,2027-01-01,PMT,15.9
GFI,Q,2026-08-20,TD8,2027-01-01,PMT,22.5
GFI,Q,2026-08-20,TD25,2027-01-01,PMT,56.0
GFI,Q,2026-08-20,TD22,2027-01-01,LSM,21.25
GFI,Q,2026-08-20,TD19,2027-01-01,PMT,14.75
GFI,Q,2026-08-20,TD3,2027-04-01,PMT,79.0
GFI,Q,2026-08-20,TD20,2027-04-01,PMT,30.0
GFI,Q,2026-08-20,TD7,2027-04-01,PMT,14.7
GFI,Q,2026-08-20,TD8,2027-04-01,PMT,20.5
GFI,Q,2026-08-20,TD25,2027-04-01,PMT,45.0
GFI,Q,2026-08-20,TD22,2027-04-01,LSM,20.0
GFI,Q,2026-08-20,TD19,2027-04-01,PMT,13.25
GFI,Q,2026-08-20,TD3,2027-07-01,PMT,48.0
GFI,Q,2026-08-20,TD20,2027-07-01,PMT,26.25
GFI,Q,2026-08-20,TD7,2027-07-01,PMT,14.1
GFI,Q,2026-08-20,TD8,2027-07-01,PMT,19.1
GFI,Q,2026-08-20,TD25,2027-07-01,PMT,42.0
GFI,Q,2026-08-20,TD22,2027-07-01,LSM,15.0
GFI,Q,2026-08-20,TD19,2027-07-01,PMT,13.0
GFI,Q,2026-08-20,TD3,2027-10-01,PMT,45.5
GFI,Q,2026-08-20,TD20,2027-10-01,PMT,27.0
GFI,Q,2026-08-20,TD7,2027-10-01,PMT,15.3
GFI,Q,2026-08-20,TD8,2027-10-01,PMT,21.2
GFI,Q,2026-08-20,TD25,2027-10-01,PMT,45.0
GFI,Q,2026-08-20,TD22,2027-10-01,LSM,16.0
GFI,Q,2026-08-20,TD19,2027-10-01,PMT,15.0
GFI,Q,2026-08-20,TD3,2028-01-01,PMT,27.25
GFI,Q,2026-08-20,TD20,2028-01-01,PMT,21.5
GFI,Q,2026-08-20,TD7,2028-01-01,PMT,15.0
GFI,Q,2026-08-20,TD8,2028-01-01,PMT,22.25
GFI,Q,2026-08-20,TD25,2028-01-01,PMT,38.5
GFI,Q,2026-08-20,TD22,2028-01-01,LSM,15.0
GFI,Q,2026-08-20,TD19,2028-01-01,PMT,15.55
GFI,Q,2026-08-20,TD3,2028-04-01,PMT,25.25
GFI,Q,2026-08-20,TD20,2028-04-01,PMT,19.5
GFI,Q,2026-08-20,TD7,2028-04-01,PMT,13.0
GFI,Q,2026-08-20,TD8,2028-04-01,PMT,20.25
GFI,Q,2026-08-20,TD25,2028-04-01,PMT,36.5
GFI,Q,2026-08-20,TD22,2028-04-01,LSM,13.0
GFI,Q,2026-08-20,TD19,2028-04-01,PMT,13.55
GFI,A,2026-08-20,TD3,2027-01-01,PMT,66.0
GFI,A,2026-08-20,TD20,2027-01-01,PMT,29.5
GFI,A,2026-08-20,TD7,2027-01-01,PMT,15.0
GFI,A,2026-08-20,TD8,2027-01-01,PMT,20.825
GFI,A,2026-08-20,TD25,2027-01-01,PMT,47.0
GFI,A,2026-08-20,TD22,2027-01-01,LSM,18.0625
GFI,A,2026-08-20,TD19,2027-01-01,PMT,14.0
GFI,A,2026-08-20,TD3,2028-01-01,PMT,25.25
GFI,A,2026-08-20,TD20,2028-01-01,PMT,19.5
GFI,A,2026-08-20,TD7,2028-01-01,PMT,13.0
GFI,A,2026-08-20,TD8,2028-01-01,PMT,20.25
GFI,A,2026-08-20,TD25,2028-01-01,PMT,36.5
GFI,A,2026-08-20,TD22,2028-01-01,LSM,13.0
GFI,A,2026-08-20,TD19,2028-01-01,PMT,13.55
GFI,A,2026-08-20,TD3,2029-01-01,PMT,19.5
GFI,A,2026-08-20,TD20,2029-01-01,PMT,17.75
GFI,A,2026-08-20,TD7,2029-01-01,PMT,12.9
GFI,A,2026-08-20,TD8,2029-01-01,PMT,19.7
GFI,A,2026-08-20,TD25,2029-01-01,PMT,33.75
GFI,A,2026-08-20,TD22,2029-01-01,LSM,12.5
GFI,A,2026-08-20,TD19,2029-01-01,PMT,13.25
GFI,BITR,2026-08-21,TD3,2026-08-01,WSC,586.88
GFI,BITR,2026-08-21,TD20,2026-08-01,WSC,323.89
GFI,BITR,2026-08-21,TD7,2026-08-01,WSC,202.92
GFI,BITR,2026-08-21,TD8,2026-08-01,WSC,335.42
GFI,BITR,2026-08-21,TD25,2026-08-01,WSC,318.89
GFI,BITR,2026-08-21,TD22,2026-08-01,LSM,25.611111
GFI,BITR,2026-08-21,TD19,2026-08-01,WSC,257.0
GFI,M,2026-08-21,TD3,2026-08-01,WSC,516.0
GFI,M,2026-08-21,TD20,2026-08-01,WSC,259.5
GFI,M,2026-08-21,TD7,2026-08-01,WSC,205.0
GFI,M,2026-08-21,TD8,2026-08-01,WSC,400.0
GFI,M,2026-08-21,TD25,2026-08-01,WSC,337.0
GFI,M,2026-08-21,TD22,2026-08-01,LSM,21.2
GFI,M,2026-08-21,TD19,2026-08-01,WSC,230.0
GFI,M,2026-08-21,TD3,2026-09-01,WSC,675.0
GFI,M,2026-08-21,TD20,2026-09-01,WSC,295.0
GFI,M,2026-08-21,TD7,2026-09-01,WSC,200.0
GFI,M,2026-08-21,TD8,2026-09-01,WSC,350.0
GFI,M,2026-08-21,TD25,2026-09-01,WSC,345.0
GFI,M,2026-08-21,TD22,2026-09-01,LSM,25.0
GFI,M,2026-08-21,TD19,2026-09-01,WSC,200.0
GFI,M,2026-08-21,TD3,2026-10-01,WSC,63.0
GFI,M,2026-08-21,TD20,2026-10-01,WSC,260.0
GFI,M,2026-08-21,TD7,2026-10-01,WSC,195.0
GFI,M,2026-08-21,TD8,2026-10-01,WSC,280.0
GFI,M,2026-08-21,TD25,2026-10-01,WSC,340.0
GFI,M,2026-08-21,TD22,2026-10-01,LSM,24.0
GFI,M,2026-08-21,TD19,2026-10-01,WSC,165.0
GFI,M,2026-08-21,TD3,2026-11-01,WSC,570.0
GFI,M,2026-08-21,TD20,2026-11-01,WSC,240.0
GFI,M,2026-08-21,TD7,2026-11-01,WSC,185.0
GFI,M,2026-08-21,TD8,2026-11-01,WSC,260.0
GFI,M,2026-08-21,TD25,2026-11-01,WSC,325.0
GFI,M,2026-08-21,TD22,2026-11-01,LSM,22.5
GFI,M,2026-08-21,TD19,2026-11-01,WSC,153.0
GFI,M,2026-08-21,TD3,2026-12-01,WSC,560.0
GFI,M,2026-08-21,TD20,2026-12-01,WSC,229.0
GFI,M,2026-08-21,TD7,2026-12-01,WSC,175.0
GFI,M,2026-08-21,TD8,2026-12-01,WSC,240.0
GFI,M,2026-08-21,TD25,2026-12-01,WSC,310.0
GFI,M,2026-08-21,TD22,2026-12-01,LSM,22.5
GFI,M,2026-08-21,TD19,2026-12-01,WSC,150.0
GFI,M,2026-08-21,TD3,2027-01-01,PMT,97.5
GFI,M,2026-08-21,TD20,2027-01-01,PMT,38.25
GFI,M,2026-08-21,TD7,2027-01-01,PMT,16.4
GFI,M,2026-08-21,TD8,2027-01-01,PMT,23.5
GFI,M,2026-08-21,TD25,2027-01-01,PMT,56.5
GFI,M,2026-08-21,TD22,2027-01-01,LSM,22.25
GFI,M,2026-08-21,TD19,2027-01-01,PMT,15.75
GFI,M,2026-08-21,TD3,2027-02-01,PMT,94.0
GFI,M,2026-08-21,TD20,2027-02-01,PMT,34.75
GFI,M,2026-08-21,TD7,2027-02-01,PMT,15.9
GFI,M,2026-08-21,TD8,2027-02-01,PMT,22.5
GFI,M,2026-08-21,TD25,2027-02-01,PMT,56.5
GFI,M,2026-08-21,TD22,2027-02-01,LSM,22.0
GFI,M,2026-08-21,TD19,2027-02-01,PMT,14.75
GFI,M,2026-08-21,TD3,2027-03-01,PMT,90.5
GFI,M,2026-08-21,TD20,2027-03-01,PMT,31.25
GFI,M,2026-08-21,TD7,2027-03-01,PMT,15.4
GFI,M,2026-08-21,TD8,2027-03-01,PMT,21.5
GFI,M,2026-08-21,TD25,2027-03-01,PMT,56.5
GFI,M,2026-08-21,TD22,2027-03-01,LSM,21.75
GFI,M,2026-08-21,TD19,2027-03-01,PMT,13.75
GFI,Q,2026-08-21,TD3,2026-10-01,WSC,397.666667
GFI,Q,2026-08-21,TD20,2026-10-01,WSC,243.0
GFI,Q,2026-08-21,TD7,2026-10-01,WSC,185.0
GFI,Q,2026-08-21,TD8,2026-10-01,WSC,260.0
GFI,Q,2026-08-21,TD25,2026-10-01,WSC,325.0
GFI,Q,2026-08-21,TD22,2026-10-01,LSM,23.0
GFI,Q,2026-08-21,TD19,2026-10-01,WSC,156.0
GFI,Q,2026-08-21,TD3,2027-01-01,PMT,94.0
GFI,Q,2026-08-21,TD20,2027-01-01,PMT,34.75
GFI,Q,2026-08-21,TD7,2027-01-01,PMT,15.9
GFI,Q,2026-08-21,TD8,2027-01-01,PMT,22.5
GFI,Q,2026-08-21,TD25,2027-01-01,PMT,56.5
GFI,Q,2026-08-21,TD22,2027-01-01,LSM,22.0
GFI,Q,2026-08-21,TD19,2027-01-01,PMT,14.75
GFI,Q,2026-08-21,TD3,2027-04-01,PMT,81.0
GFI,Q,2026-08-21,TD20,2027-04-01,PMT,30.0
GFI,Q,2026-08-21,TD7,2027-04-01,PMT,14.7
GFI,Q,2026-08-21,TD8,2027-04-01,PMT,20.5
GFI,Q,2026-08-21,TD25,2027-04-01,PMT,46.2
GFI,Q,2026-08-21,TD22,2027-04-01,LSM,20.0
GFI,Q,2026-08-21,TD19,2027-04-01,PMT,13.25
GFI,Q,2026-08-21,TD3,2027-07-01,PMT,48.0
GFI,Q,2026-08-21,TD20,2027-07-01,PMT,25.75
GFI,Q,2026-08-21,TD7,2027-07-01,PMT,14.1
GFI,Q,2026-08-21,TD8,2027-07-01,PMT,19.1
GFI,Q,2026-08-21,TD25,2027-07-01,PMT,42.9
GFI,Q,2026-08-21,TD22,2027-07-01,LSM,15.0
GFI,Q,2026-08-21,TD19,2027-07-01,PMT,13.0
GFI,Q,2026-08-21,TD3,2027-10-01,PMT,45.0
GFI,Q,2026-08-21,TD20,2027-10-01,PMT,26.5
GFI,Q,2026-08-21,TD7,2027-10-01,PMT,15.3
GFI,Q,2026-08-21,TD8,2027-10-01,PMT,21.2
GFI,Q,2026-08-21,TD25,2027-10-01,PMT,46.0
GFI,Q,2026-08-21,TD22,2027-10-01,LSM,16.0
GFI,Q,2026-08-21,TD19,2027-10-01,PMT,15.0
GFI,Q,2026-08-21,TD3,2028-01-01,PMT,27.5
GFI,Q,2026-08-21,TD20,2028-01-01,PMT,22.0
GFI,Q,2026-08-21,TD7,2028-01-01,PMT,15.0
GFI,Q,2026-08-21,TD8,2028-01-01,PMT,22.25
GFI,Q,2026-08-21,TD25,2028-01-01,PMT,40.0
GFI,Q,2026-08-21,TD22,2028-01-01,LSM,15.0
GFI,Q,2026-08-21,TD19,2028-01-01,PMT,15.55
GFI,Q,2026-08-21,TD3,2028-04-01,PMT,25.5
GFI,Q,2026-08-21,TD20,2028-04-01,PMT,20.0
GFI,Q,2026-08-21,TD7,2028-04-01,PMT,13.0
GFI,Q,2026-08-21,TD8,2028-04-01,PMT,20.25
GFI,Q,2026-08-21,TD25,2028-04-01,PMT,38.0
GFI,Q,2026-08-21,TD22,2028-04-01,LSM,13.0
GFI,Q,2026-08-21,TD19,2028-04-01,PMT,13.55
GFI,A,2026-08-21,TD3,2027-01-01,PMT,67.0
GFI,A,2026-08-21,TD20,2027-01-01,PMT,29.25
GFI,A,2026-08-21,TD7,2027-01-01,PMT,15.0
GFI,A,2026-08-21,TD8,2027-01-01,PMT,20.825
GFI,A,2026-08-21,TD25,2027-01-01,PMT,47.9
GFI,A,2026-08-21,TD22,2027-01-01,LSM,18.25
GFI,A,2026-08-21,TD19,2027-01-01,PMT,14.0
GFI,A,2026-08-21,TD3,2028-01-01,PMT,25.5
GFI,A,2026-08-21,TD20,2028-01-01,PMT,20.0
GFI,A,2026-08-21,TD7,2028-01-01,PMT,13.0
GFI,A,2026-08-21,TD8,2028-01-01,PMT,20.25
GFI,A,2026-08-21,TD25,2028-01-01,PMT,38.0
GFI,A,2026-08-21,TD22,2028-01-01,LSM,13.0
GFI,A,2026-08-21,TD19,2028-01-01,PMT,13.55
GFI,A,2026-08-21,TD3,2029-01-01,PMT,19.5
GFI,A,2026-08-21,TD20,2029-01-01,PMT,17.75
GFI,A,2026-08-21,TD7,2029-01-01,PMT,12.9
GFI,A,2026-08-21,TD8,2029-01-01,PMT,19.7
GFI,A,2026-08-21,TD25,2029-01-01,PMT,34.0
GFI,A,2026-08-21,TD22,2029-01-01,LSM,12.5
GFI,A,2026-08-21,TD19,2029-01-01,PMT,13.25
GFI,BITR,2026-08-24,TD3,2026-08-01,WSC,605.56
GFI,BITR,2026-08-24,TD20,2026-08-01,WSC,305.28
GFI,BITR,2026-08-24,TD7,2026-08-01,WSC,205.42
GFI,BITR,2026-08-24,TD8,2026-08-01,WSC,347.92
GFI,BITR,2026-08-24,TD25,2026-08-01,WSC,309.44
GFI,BITR,2026-08-24,TD22,2026-08-01,LSM,24.355556
GFI,BITR,2026-08-24,TD19,2026-08-01,WSC,262.5
GFI,M,2026-08-24,TD3,2026-08-01,WSC,522.5
GFI,M,2026-08-24,TD20,2026-08-01,WSC,259.5
GFI,M,2026-08-24,TD7,2026-08-01,WSC,205.0
GFI,M,2026-08-24,TD8,2026-08-01,WSC,400.0
GFI,M,2026-08-24,TD25,2026-08-01,WSC,337.0
GFI,M,2026-08-24,TD22,2026-08-01,LSM,21.2
GFI,M,2026-08-24,TD19,2026-08-01,WSC,230.0
GFI,M,2026-08-24,TD3,2026-09-01,WSC,675.0
GFI,M,2026-08-24,TD20,2026-09-01,WSC,270.0
GFI,M,2026-08-24,TD7,2026-09-01,WSC,200.0
GFI,M,2026-08-24,TD8,2026-09-01,WSC,350.0
GFI,M,2026-08-24,TD25,2026-09-01,WSC,337.0
GFI,M,2026-08-24,TD22,2026-09-01,LSM,25.0
GFI,M,2026-08-24,TD19,2026-09-01,WSC,200.0
GFI,M,2026-08-24,TD3,2026-10-01,WSC,630.0
GFI,M,2026-08-24,TD20,2026-10-01,WSC,247.0
GFI,M,2026-08-24,TD7,2026-10-01,WSC,195.0
GFI,M,2026-08-24,TD8,2026-10-01,WSC,280.0
GFI,M,2026-08-24,TD25,2026-10-01,WSC,337.0
GFI,M,2026-08-24,TD22,2026-10-01,LSM,24.0
GFI,M,2026-08-24,TD19,2026-10-01,WSC,165.0
GFI,M,2026-08-24,TD3,2026-11-01,WSC,570.0
GFI,M,2026-08-24,TD20,2026-11-01,WSC,227.0
GFI,M,2026-08-24,TD7,2026-11-01,WSC,185.0
GFI,M,2026-08-24,TD8,2026-11-01,WSC,260.0
GFI,M,2026-08-24,TD25,2026-11-01,WSC,315.0
GFI,M,2026-08-24,TD22,2026-11-01,LSM,22.5
GFI,M,2026-08-24,TD19,2026-11-01,WSC,153.0
GFI,M,2026-08-24,TD3,2026-12-01,WSC,550.0
GFI,M,2026-08-24,TD20,2026-12-01,WSC,216.0
GFI,M,2026-08-24,TD7,2026-12-01,WSC,175.0
GFI,M,2026-08-24,TD8,2026-12-01,WSC,240.0
GFI,M,2026-08-24,TD25,2026-12-01,WSC,305.0
GFI,M,2026-08-24,TD22,2026-12-01,LSM,22.5
GFI,M,2026-08-24,TD19,2026-12-01,WSC,150.0
GFI,M,2026-08-24,TD3,2027-01-01,PMT,98.5
GFI,M,2026-08-24,TD20,2027-01-01,PMT,37.5
GFI,M,2026-08-24,TD7,2027-01-01,PMT,16.4
GFI,M,2026-08-24,TD8,2027-01-01,PMT,23.5
GFI,M,2026-08-24,TD25,2027-01-01,PMT,55.0
GFI,M,2026-08-24,TD22,2027-01-01,LSM,22.25
GFI,M,2026-08-24,TD19,2027-01-01,PMT,15.75
GFI,M,2026-08-24,TD3,2027-02-01,PMT,95.0
GFI,M,2026-08-24,TD20,2027-02-01,PMT,34.0
GFI,M,2026-08-24,TD7,2027-02-01,PMT,15.9
GFI,M,2026-08-24,TD8,2027-02-01,PMT,22.5
GFI,M,2026-08-24,TD25,2027-02-01,PMT,55.0
GFI,M,2026-08-24,TD22,2027-02-01,LSM,22.0
GFI,M,2026-08-24,TD19,2027-02-01,PMT,14.75
GFI,M,2026-08-24,TD3,2027-03-01,PMT,91.5
GFI,M,2026-08-24,TD20,2027-03-01,PMT,30.5
GFI,M,2026-08-24,TD7,2027-03-01,PMT,15.4
GFI,M,2026-08-24,TD8,2027-03-01,PMT,21.5
GFI,M,2026-08-24,TD25,2027-03-01,PMT,55.0
GFI,M,2026-08-24,TD22,2027-03-01,LSM,21.75
GFI,M,2026-08-24,TD19,2027-03-01,PMT,13.75
GFI,Q,2026-08-24,TD3,2026-10-01,WSC,583.333333
GFI,Q,2026-08-24,TD20,2026-10-01,WSC,230.0
GFI,Q,2026-08-24,TD7,2026-10-01,WSC,185.0
GFI,Q,2026-08-24,TD8,2026-10-01,WSC,260.0
GFI,Q,2026-08-24,TD25,2026-10-01,WSC,319.0
GFI,Q,2026-08-24,TD22,2026-10-01,LSM,23.0
GFI,Q,2026-08-24,TD19,2026-10-01,WSC,156.0
GFI,Q,2026-08-24,TD3,2027-01-01,PMT,95.0
GFI,Q,2026-08-24,TD20,2027-01-01,PMT,34.0
GFI,Q,2026-08-24,TD7,2027-01-01,PMT,15.9
GFI,Q,2026-08-24,TD8,2027-01-01,PMT,22.5
GFI,Q,2026-08-24,TD25,2027-01-01,PMT,55.0
GFI,Q,2026-08-24,TD22,2027-01-01,LSM,22.0
GFI,Q,2026-08-24,TD19,2027-01-01,PMT,14.75
GFI,Q,2026-08-24,TD3,2027-04-01,PMT,82.0
GFI,Q,2026-08-24,TD20,2027-04-01,PMT,29.25
GFI,Q,2026-08-24,TD7,2027-04-01,PMT,14.7
GFI,Q,2026-08-24,TD8,2027-04-01,PMT,20.5
GFI,Q,2026-08-24,TD25,2027-04-01,PMT,45.25
GFI,Q,2026-08-24,TD22,2027-04-01,LSM,20.0
GFI,Q,2026-08-24,TD19,2027-04-01,PMT,13.25
GFI,Q,2026-08-24,TD3,2027-07-01,PMT,53.5
GFI,Q,2026-08-24,TD20,2027-07-01,PMT,25.0
GFI,Q,2026-08-24,TD7,2027-07-01,PMT,14.1
GFI,Q,2026-08-24,TD8,2027-07-01,PMT,19.1
GFI,Q,2026-08-24,TD25,2027-07-01,PMT,43.5
GFI,Q,2026-08-24,TD22,2027-07-01,LSM,15.0
GFI,Q,2026-08-24,TD19,2027-07-01,PMT,13.0
GFI,Q,2026-08-24,TD3,2027-10-01,PMT,47.5
GFI,Q,2026-08-24,TD20,2027-10-01,PMT,25.75
GFI,Q,2026-08-24,TD7,2027-10-01,PMT,15.3
GFI,Q,2026-08-24,TD8,2027-10-01,PMT,21.2
GFI,Q,2026-08-24,TD25,2027-10-01,PMT,44.25
GFI,Q,2026-08-24,TD22,2027-10-01,LSM,16.0
GFI,Q,2026-08-24,TD19,2027-10-01,PMT,15.0
GFI,Q,2026-08-24,TD3,2028-01-01,PMT,28.0
GFI,Q,2026-08-24,TD20,2028-01-01,PMT,22.0
GFI,Q,2026-08-24,TD7,2028-01-01,PMT,15.0
GFI,Q,2026-08-24,TD8,2028-01-01,PMT,22.25
GFI,Q,2026-08-24,TD25,2028-01-01,PMT,40.0
GFI,Q,2026-08-24,TD22,2028-01-01,LSM,15.0
GFI,Q,2026-08-24,TD19,2028-01-01,PMT,15.55
GFI,Q,2026-08-24,TD3,2028-04-01,PMT,26.0
GFI,Q,2026-08-24,TD20,2028-04-01,PMT,20.0
GFI,Q,2026-08-24,TD7,2028-04-01,PMT,13.0
GFI,Q,2026-08-24,TD8,2028-04-01,PMT,20.25
GFI,Q,2026-08-24,TD25,2028-04-01,PMT,38.0
GFI,Q,2026-08-24,TD22,2028-04-01,LSM,13.0
GFI,Q,2026-08-24,TD19,2028-04-01,PMT,13.55
GFI,A,2026-08-24,TD3,2027-01-01,PMT,69.5
GFI,A,2026-08-24,TD20,2027-01-01,PMT,28.5
GFI,A,2026-08-24,TD7,2027-01-01,PMT,15.0
GFI,A,2026-08-24,TD8,2027-01-01,PMT,20.825
GFI,A,2026-08-24,TD25,2027-01-01,PMT,47.0
GFI,A,2026-08-24,TD22,2027-01-01,LSM,18.25
GFI,A,2026-08-24,TD19,2027-01-01,PMT,14.0
GFI,A,2026-08-24,TD3,2028-01-01,PMT,26.0
GFI,A,2026-08-24,TD20,2028-01-01,PMT,20.0
GFI,A,2026-08-24,TD7,2028-01-01,PMT,13.0
GFI,A,2026-08-24,TD8,2028-01-01,PMT,20.25
GFI,A,2026-08-24,TD25,2028-01-01,PMT,38.0
GFI,A,2026-08-24,TD22,2028-01-01,LSM,13.0
GFI,A,2026-08-24,TD19,2028-01-01,PMT,13.55
GFI,A,2026-08-24,TD3,2029-01-01,PMT,19.5
GFI,A,2026-08-24,TD20,2029-01-01,PMT,17.75
GFI,A,2026-08-24,TD7,2029-01-01,PMT,12.9
GFI,A,2026-08-24,TD8,2029-01-01,PMT,19.7
GFI,A,2026-08-24,TD25,2029-01-01,PMT,34.0
GFI,A,2026-08-24,TD22,2029-01-01,LSM,12.5
GFI,A,2026-08-24,TD19,2029-01-01,PMT,13.25
GFI,BITR,2026-08-25,TD3,2026-08-01,WSC,609.44
GFI,BITR,2026-08-25,TD20,2026-08-01,WSC,274.44
GFI,BITR,2026-08-25,TD7,2026-08-01,WSC,214.17
GFI,BITR,2026-08-25,TD8,2026-08-01,WSC,358.33
GFI,BITR,2026-08-25,TD25,2026-08-01,WSC,268.33
GFI,BITR,2026-08-25,TD22,2026-08-01,LSM,25.0
GFI,BITR,2026-08-25,TD19,2026-08-01,WSC,268.72
GFI,M,2026-08-25,TD3,2026-08-01,WSC,522.5
GFI,M,2026-08-25,TD20,2026-08-01,WSC,252.0
GFI,M,2026-08-25,TD7,2026-08-01,WSC,207.5
GFI,M,2026-08-25,TD8,2026-08-01,WSC,330.0
GFI,M,2026-08-25,TD25,2026-08-01,WSC,317.5
GFI,M,2026-08-25,TD22,2026-08-01,LSM,21.2
GFI,M,2026-08-25,TD19,2026-08-01,WSC,230.0
GFI,M,2026-08-25,TD3,2026-09-01,WSC,660.0
GFI,M,2026-08-25,TD20,2026-09-01,WSC,250.0
GFI,M,2026-08-25,TD7,2026-09-01,WSC,195.0
GFI,M,2026-08-25,TD8,2026-09-01,WSC,350.0
GFI,M,2026-08-25,TD25,2026-09-01,WSC,296.0
GFI,M,2026-08-25,TD22,2026-09-01,LSM,25.5
GFI,M,2026-08-25,TD19,2026-09-01,WSC,200.0
GFI,M,2026-08-25,TD3,2026-10-01,WSC,620.0
GFI,M,2026-08-25,TD20,2026-10-01,WSC,235.0
GFI,M,2026-08-25,TD7,2026-10-01,WSC,192.5
GFI,M,2026-08-25,TD8,2026-10-01,WSC,280.0
GFI,M,2026-08-25,TD25,2026-10-01,WSC,306.0
GFI,M,2026-08-25,TD22,2026-10-01,LSM,24.5
GFI,M,2026-08-25,TD19,2026-10-01,WSC,165.0
GFI,M,2026-08-25,TD3,2026-11-01,WSC,575.0
GFI,M,2026-08-25,TD20,2026-11-01,WSC,217.5
GFI,M,2026-08-25,TD7,2026-11-01,WSC,182.5
GFI,M,2026-08-25,TD8,2026-11-01,WSC,260.0
GFI,M,2026-08-25,TD25,2026-11-01,WSC,298.0
GFI,M,2026-08-25,TD22,2026-11-01,LSM,22.75
GFI,M,2026-08-25,TD19,2026-11-01,WSC,153.0
GFI,M,2026-08-25,TD3,2026-12-01,WSC,560.0
GFI,M,2026-08-25,TD20,2026-12-01,WSC,207.5
GFI,M,2026-08-25,TD7,2026-12-01,WSC,172.5
GFI,M,2026-08-25,TD8,2026-12-01,WSC,240.0
GFI,M,2026-08-25,TD25,2026-12-01,WSC,308.0
GFI,M,2026-08-25,TD22,2026-12-01,LSM,22.5
GFI,M,2026-08-25,TD19,2026-12-01,WSC,150.0
GFI,M,2026-08-25,TD3,2027-01-01,PMT,100.5
GFI,M,2026-08-25,TD20,2027-01-01,PMT,35.0
GFI,M,2026-08-25,TD7,2027-01-01,PMT,16.3
GFI,M,2026-08-25,TD8,2027-01-01,PMT,23.5
GFI,M,2026-08-25,TD25,2027-01-01,PMT,52.0
GFI,M,2026-08-25,TD22,2027-01-01,LSM,22.25
GFI,M,2026-08-25,TD19,2027-01-01,PMT,15.75
GFI,M,2026-08-25,TD3,2027-02-01,PMT,97.0
GFI,M,2026-08-25,TD20,2027-02-01,PMT,31.5
GFI,M,2026-08-25,TD7,2027-02-01,PMT,15.8
GFI,M,2026-08-25,TD8,2027-02-01,PMT,22.5
GFI,M,2026-08-25,TD25,2027-02-01,PMT,52.0
GFI,M,2026-08-25,TD22,2027-02-01,LSM,22.0
GFI,M,2026-08-25,TD19,2027-02-01,PMT,14.75
GFI,M,2026-08-25,TD3,2027-03-01,PMT,93.5
GFI,M,2026-08-25,TD20,2027-03-01,PMT,28.0
GFI,M,2026-08-25,TD7,2027-03-01,PMT,15.3
GFI,M,2026-08-25,TD8,2027-03-01,PMT,21.5
GFI,M,2026-08-25,TD25,2027-03-01,PMT,52.0
GFI,M,2026-08-25,TD22,2027-03-01,LSM,21.75
GFI,M,2026-08-25,TD19,2027-03-01,PMT,13.75
GFI,Q,2026-08-25,TD3,2026-10-01,WSC,585.0
GFI,Q,2026-08-25,TD20,2026-10-01,WSC,220.0
GFI,Q,2026-08-25,TD7,2026-10-01,WSC,182.5
GFI,Q,2026-08-25,TD8,2026-10-01,WSC,260.0
GFI,Q,2026-08-25,TD25,2026-10-01,WSC,304.0
GFI,Q,2026-08-25,TD22,2026-10-01,LSM,23.25
GFI,Q,2026-08-25,TD19,2026-10-01,WSC,156.0
GFI,Q,2026-08-25,TD3,2027-01-01,PMT,97.0
GFI,Q,2026-08-25,TD20,2027-01-01,PMT,31.5
GFI,Q,2026-08-25,TD7,2027-01-01,PMT,15.8
GFI,Q,2026-08-25,TD8,2027-01-01,PMT,22.5
GFI,Q,2026-08-25,TD25,2027-01-01,PMT,52.0
GFI,Q,2026-08-25,TD22,2027-01-01,LSM,22.0
GFI,Q,2026-08-25,TD19,2027-01-01,PMT,14.75
GFI,Q,2026-08-25,TD3,2027-04-01,PMT,84.0
GFI,Q,2026-08-25,TD20,2027-04-01,PMT,26.0
GFI,Q,2026-08-25,TD7,2027-04-01,PMT,14.6
GFI,Q,2026-08-25,TD8,2027-04-01,PMT,20.5
GFI,Q,2026-08-25,TD25,2027-04-01,PMT,43.0
GFI,Q,2026-08-25,TD22,2027-04-01,LSM,20.0
GFI,Q,2026-08-25,TD19,2027-04-01,PMT,13.25
GFI,Q,2026-08-25,TD3,2027-07-01,PMT,61.0
GFI,Q,2026-08-25,TD20,2027-07-01,PMT,23.0
GFI,Q,2026-08-25,TD7,2027-07-01,PMT,14.0
GFI,Q,2026-08-25,TD8,2027-07-01,PMT,19.1
GFI,Q,2026-08-25,TD25,2027-07-01,PMT,39.0
GFI,Q,2026-08-25,TD22,2027-07-01,LSM,15.0
GFI,Q,2026-08-25,TD19,2027-07-01,PMT,13.0
GFI,Q,2026-08-25,TD3,2027-10-01,PMT,56.0
GFI,Q,2026-08-25,TD20,2027-10-01,PMT,23.5
GFI,Q,2026-08-25,TD7,2027-10-01,PMT,15.2
GFI,Q,2026-08-25,TD8,2027-10-01,PMT,21.2
GFI,Q,2026-08-25,TD25,2027-10-01,PMT,42.0
GFI,Q,2026-08-25,TD22,2027-10-01,LSM,16.0
GFI,Q,2026-08-25,TD19,2027-10-01,PMT,15.0
GFI,Q,2026-08-25,TD3,2028-01-01,PMT,31.0
GFI,Q,2026-08-25,TD20,2028-01-01,PMT,21.0
GFI,Q,2026-08-25,TD7,2028-01-01,PMT,15.0
GFI,Q,2026-08-25,TD8,2028-01-01,PMT,22.25
GFI,Q,2026-08-25,TD25,2028-01-01,PMT,37.5
GFI,Q,2026-08-25,TD22,2028-01-01,LSM,15.0
GFI,Q,2026-08-25,TD19,2028-01-01,PMT,15.55
GFI,Q,2026-08-25,TD3,2028-04-01,PMT,29.0
GFI,Q,2026-08-25,TD20,2028-04-01,PMT,19.0
GFI,Q,2026-08-25,TD7,2028-04-01,PMT,13.0
GFI,Q,2026-08-25,TD8,2028-04-01,PMT,20.25
GFI,Q,2026-08-25,TD25,2028-04-01,PMT,35.5
GFI,Q,2026-08-25,TD22,2028-04-01,LSM,13.0
GFI,Q,2026-08-25,TD19,2028-04-01,PMT,13.55
GFI,A,2026-08-25,TD3,2027-01-01,PMT,74.5
GFI,A,2026-08-25,TD20,2027-01-01,PMT,26.0
GFI,A,2026-08-25,TD7,2027-01-01,PMT,14.9
GFI,A,2026-08-25,TD8,2027-01-01,PMT,20.825
GFI,A,2026-08-25,TD25,2027-01-01,PMT,44.0
GFI,A,2026-08-25,TD22,2027-01-01,LSM,18.25
GFI,A,2026-08-25,TD19,2027-01-01,PMT,14.0
GFI,A,2026-08-25,TD3,2028-01-01,PMT,29.0
GFI,A,2026-08-25,TD20,2028-01-01,PMT,19.0
GFI,A,2026-08-25,TD7,2028-01-01,PMT,13.0
GFI,A,2026-08-25,TD8,2028-01-01,PMT,20.25
GFI,A,2026-08-25,TD25,2028-01-01,PMT,35.5
GFI,A,2026-08-25,TD22,2028-01-01,LSM,13.0
GFI,A,2026-08-25,TD19,2028-01-01,PMT,13.55
GFI,A,2026-08-25,TD3,2029-01-01,PMT,19.5
GFI,A,2026-08-25,TD20,2029-01-01,PMT,17.5
GFI,A,2026-08-25,TD7,2029-01-01,PMT,12.9
GFI,A,2026-08-25,TD8,2029-01-01,PMT,19.7
GFI,A,2026-08-25,TD25,2029-01-01,PMT,32.5
GFI,A,2026-08-25,TD22,2029-01-01,LSM,12.5
GFI,A,2026-08-25,TD19,2029-01-01,PMT,13.25
GFI,BITR,2026-08-26,TD3,2026-08-01,WSC,619.44
GFI,BITR,2026-08-26,TD20,2026-08-01,WSC,264.17
GFI,BITR,2026-08-26,TD7,2026-08-01,WSC,216.25
GFI,BITR,2026-08-26,TD8,2026-08-01,WSC,360.83
GFI,BITR,2026-08-26,TD25,2026-08-01,WSC,230.28
GFI,BITR,2026-08-26,TD22,2026-08-01,LSM,24.85
GFI,BITR,2026-08-26,TD19,2026-08-01,WSC,270.11
GFI,M,2026-08-26,TD3,2026-08-01,WSC,521.0
GFI,M,2026-08-26,TD20,2026-08-01,WSC,251.0
GFI,M,2026-08-26,TD7,2026-08-01,WSC,207.5
GFI,M,2026-08-26,TD8,2026-08-01,WSC,345.0
GFI,M,2026-08-26,TD25,2026-08-01,WSC,317.0
GFI,M,2026-08-26,TD22,2026-08-01,LSM,21.2
GFI,M,2026-08-26,TD19,2026-08-01,WSC,230.0
GFI,M,2026-08-26,TD3,2026-09-01,WSC,590.0
GFI,M,2026-08-26,TD20,2026-09-01,WSC,230.0
GFI,M,2026-08-26,TD7,2026-09-01,WSC,195.0
GFI,M,2026-08-26,TD8,2026-09-01,WSC,350.0
GFI,M,2026-08-26,TD25,2026-09-01,WSC,265.0
GFI,M,2026-08-26,TD22,2026-09-01,LSM,25.5
GFI,M,2026-08-26,TD19,2026-09-01,WSC,200.0
GFI,M,2026-08-26,TD3,2026-10-01,WSC,540.0
GFI,M,2026-08-26,TD20,2026-10-01,WSC,225.0
GFI,M,2026-08-26,TD7,2026-10-01,WSC,192.5
GFI,M,2026-08-26,TD8,2026-10-01,WSC,280.0
GFI,M,2026-08-26,TD25,2026-10-01,WSC,284.0
GFI,M,2026-08-26,TD22,2026-10-01,LSM,24.5
GFI,M,2026-08-26,TD19,2026-10-01,WSC,165.0
GFI,M,2026-08-26,TD3,2026-11-01,WSC,520.0
GFI,M,2026-08-26,TD20,2026-11-01,WSC,206.5
GFI,M,2026-08-26,TD7,2026-11-01,WSC,182.5
GFI,M,2026-08-26,TD8,2026-11-01,WSC,260.0
GFI,M,2026-08-26,TD25,2026-11-01,WSC,284.0
GFI,M,2026-08-26,TD22,2026-11-01,LSM,22.75
GFI,M,2026-08-26,TD19,2026-11-01,WSC,153.0
GFI,M,2026-08-26,TD3,2026-12-01,WSC,500.0
GFI,M,2026-08-26,TD20,2026-12-01,WSC,197.0
GFI,M,2026-08-26,TD7,2026-12-01,WSC,172.5
GFI,M,2026-08-26,TD8,2026-12-01,WSC,240.0
GFI,M,2026-08-26,TD25,2026-12-01,WSC,284.0
GFI,M,2026-08-26,TD22,2026-12-01,LSM,22.5
GFI,M,2026-08-26,TD19,2026-12-01,WSC,150.0
GFI,M,2026-08-26,TD3,2027-01-01,PMT,79.0
GFI,M,2026-08-26,TD20,2027-01-01,PMT,34.0
GFI,M,2026-08-26,TD7,2027-01-01,PMT,16.3
GFI,M,2026-08-26,TD8,2027-01-01,PMT,23.5
GFI,M,2026-08-26,TD25,2027-01-01,PMT,49.5
GFI,M,2026-08-26,TD22,2027-01-01,LSM,22.25
GFI,M,2026-08-26,TD19,2027-01-01,PMT,15.75
GFI,M,2026-08-26,TD3,2027-02-01,PMT,75.5
GFI,M,2026-08-26,TD20,2027-02-01,PMT,30.5
GFI,M,2026-08-26,TD7,2027-02-01,PMT,15.8
GFI,M,2026-08-26,TD8,2027-02-01,PMT,22.5
GFI,M,2026-08-26,TD25,2027-02-01,PMT,49.5
GFI,M,2026-08-26,TD22,2027-02-01,LSM,22.0
GFI,M,2026-08-26,TD19,2027-02-01,PMT,14.75
GFI,M,2026-08-26,TD3,2027-03-01,PMT,72.0
GFI,M,2026-08-26,TD20,2027-03-01,PMT,27.0
GFI,M,2026-08-26,TD7,2027-03-01,PMT,15.3
GFI,M,2026-08-26,TD8,2027-03-01,PMT,21.5
GFI,M,2026-08-26,TD25,2027-03-01,PMT,49.5
GFI,M,2026-08-26,TD22,2027-03-01,LSM,21.75
GFI,M,2026-08-26,TD19,2027-03-01,PMT,13.75
GFI,Q,2026-08-26,TD3,2026-10-01,WSC,520.0
GFI,Q,2026-08-26,TD20,2026-10-01,WSC,209.5
GFI,Q,2026-08-26,TD7,2026-10-01,WSC,182.5
GFI,Q,2026-08-26,TD8,2026-10-01,WSC,260.0
GFI,Q,2026-08-26,TD25,2026-10-01,WSC,284.0
GFI,Q,2026-08-26,TD22,2026-10-01,LSM,23.25
GFI,Q,2026-08-26,TD19,2026-10-01,WSC,156.0
GFI,Q,2026-08-26,TD3,2027-01-01,PMT,75.5
GFI,Q,2026-08-26,TD20,2027-01-01,PMT,30.5
GFI,Q,2026-08-26,TD7,2027-01-01,PMT,15.8
GFI,Q,2026-08-26,TD8,2027-01-01,PMT,22.5
GFI,Q,2026-08-26,TD25,2027-01-01,PMT,49.5
GFI,Q,2026-08-26,TD22,2027-01-01,LSM,22.0
GFI,Q,2026-08-26,TD19,2027-01-01,PMT,14.75
GFI,Q,2026-08-26,TD3,2027-04-01,PMT,64.0
GFI,Q,2026-08-26,TD20,2027-04-01,PMT,25.5
GFI,Q,2026-08-26,TD7,2027-04-01,PMT,14.6
GFI,Q,2026-08-26,TD8,2027-04-01,PMT,20.5
GFI,Q,2026-08-26,TD25,2027-04-01,PMT,42.5
GFI,Q,2026-08-26,TD22,2027-04-01,LSM,20.0
GFI,Q,2026-08-26,TD19,2027-04-01,PMT,13.25
GFI,Q,2026-08-26,TD3,2027-07-01,PMT,49.0
GFI,Q,2026-08-26,TD20,2027-07-01,PMT,22.0
GFI,Q,2026-08-26,TD7,2027-07-01,PMT,14.0
GFI,Q,2026-08-26,TD8,2027-07-01,PMT,19.1
GFI,Q,2026-08-26,TD25,2027-07-01,PMT,38.0
GFI,Q,2026-08-26,TD22,2027-07-01,LSM,15.0
GFI,Q,2026-08-26,TD19,2027-07-01,PMT,13.0
GFI,Q,2026-08-26,TD3,2027-10-01,PMT,43.5
GFI,Q,2026-08-26,TD20,2027-10-01,PMT,23.0
GFI,Q,2026-08-26,TD7,2027-10-01,PMT,15.2
GFI,Q,2026-08-26,TD8,2027-10-01,PMT,21.2
GFI,Q,2026-08-26,TD25,2027-10-01,PMT,43.0
GFI,Q,2026-08-26,TD22,2027-10-01,LSM,16.0
GFI,Q,2026-08-26,TD19,2027-10-01,PMT,15.0
GFI,Q,2026-08-26,TD3,2028-01-01,PMT,29.25
GFI,Q,2026-08-26,TD20,2028-01-01,PMT,20.25
GFI,Q,2026-08-26,TD7,2028-01-01,PMT,15.0
GFI,Q,2026-08-26,TD8,2028-01-01,PMT,22.25
GFI,Q,2026-08-26,TD25,2028-01-01,PMT,37.5
GFI,Q,2026-08-26,TD22,2028-01-01,LSM,15.0
GFI,Q,2026-08-26,TD19,2028-01-01,PMT,15.55
GFI,Q,2026-08-26,TD3,2028-04-01,PMT,27.25
GFI,Q,2026-08-26,TD20,2028-04-01,PMT,18.25
GFI,Q,2026-08-26,TD7,2028-04-01,PMT,13.0
GFI,Q,2026-08-26,TD8,2028-04-01,PMT,20.25
GFI,Q,2026-08-26,TD25,2028-04-01,PMT,35.5
GFI,Q,2026-08-26,TD22,2028-04-01,LSM,13.0
GFI,Q,2026-08-26,TD19,2028-04-01,PMT,13.55
GFI,A,2026-08-26,TD3,2027-01-01,PMT,58.0
GFI,A,2026-08-26,TD20,2027-01-01,PMT,25.25
GFI,A,2026-08-26,TD7,2027-01-01,PMT,14.9
GFI,A,2026-08-26,TD8,2027-01-01,PMT,20.825
GFI,A,2026-08-26,TD25,2027-01-01,PMT,43.25
GFI,A,2026-08-26,TD22,2027-01-01,LSM,18.25
GFI,A,2026-08-26,TD19,2027-01-01,PMT,14.0
GFI,A,2026-08-26,TD3,2028-01-01,PMT,27.25
GFI,A,2026-08-26,TD20,2028-01-01,PMT,18.25
GFI,A,2026-08-26,TD7,2028-01-01,PMT,13.0
GFI,A,2026-08-26,TD8,2028-01-01,PMT,20.25
GFI,A,2026-08-26,TD25,2028-01-01,PMT,35.5
GFI,A,2026-08-26,TD22,2028-01-01,LSM,13.0
GFI,A,2026-08-26,TD19,2028-01-01,PMT,13.55
GFI,A,2026-08-26,TD3,2029-01-01,PMT,19.0
GFI,A,2026-08-26,TD20,2029-01-01,PMT,16.5
GFI,A,2026-08-26,TD7,2029-01-01,PMT,12.9
GFI,A,2026-08-26,TD8,2029-01-01,PMT,19.7
GFI,A,2026-08-26,TD25,2029-01-01,PMT,32.5
GFI,A,2026-08-26,TD22,2029-01-01,LSM,12.5
GFI,A,2026-08-26,TD19,2029-01-01,PMT,13.25
GFI,BITR,2026-08-27,TD3,2026-08-01,WSC,623.33
GFI,BITR,2026-08-27,TD20,2026-08-01,WSC,237.78
GFI,BITR,2026-08-27,TD7,2026-08-01,WSC,213.75
GFI,BITR,2026-08-27,TD8,2026-08-01,WSC,360.42
GFI,BITR,2026-08-27,TD25,2026-08-01,WSC,201.67
GFI,BITR,2026-08-27,TD22,2026-08-01,LSM,24.6
GFI,BITR,2026-08-27,TD19,2026-08-01,WSC,268.0
GFI,M,2026-08-27,TD3,2026-08-01,WSC,523.5
GFI,M,2026-08-27,TD20,2026-08-01,WSC,247.0
GFI,M,2026-08-27,TD7,2026-08-01,WSC,207.5
GFI,M,2026-08-27,TD8,2026-08-01,WSC,345.0
GFI,M,2026-08-27,TD25,2026-08-01,WSC,307.0
GFI,M,2026-08-27,TD22,2026-08-01,LSM,21.2
GFI,M,2026-08-27,TD19,2026-08-01,WSC,230.0
GFI,M,2026-08-27,TD3,2026-09-01,WSC,600.0
GFI,M,2026-08-27,TD20,2026-09-01,WSC,230.0
GFI,M,2026-08-27,TD7,2026-09-01,WSC,195.0
GFI,M,2026-08-27,TD8,2026-09-01,WSC,350.0
GFI,M,2026-08-27,TD25,2026-09-01,WSC,277.0
GFI,M,2026-08-27,TD22,2026-09-01,LSM,25.5
GFI,M,2026-08-27,TD19,2026-09-01,WSC,200.0
GFI,M,2026-08-27,TD3,2026-10-01,WSC,550.0
GFI,M,2026-08-27,TD20,2026-10-01,WSC,240.0
GFI,M,2026-08-27,TD7,2026-10-01,WSC,192.5
GFI,M,2026-08-27,TD8,2026-10-01,WSC,280.0
GFI,M,2026-08-27,TD25,2026-10-01,WSC,300.0
GFI,M,2026-08-27,TD22,2026-10-01,LSM,24.5
GFI,M,2026-08-27,TD19,2026-10-01,WSC,165.0
GFI,M,2026-08-27,TD3,2026-11-01,WSC,530.0
GFI,M,2026-08-27,TD20,2026-11-01,WSC,223.0
GFI,M,2026-08-27,TD7,2026-11-01,WSC,182.5
GFI,M,2026-08-27,TD8,2026-11-01,WSC,260.0
GFI,M,2026-08-27,TD25,2026-11-01,WSC,300.0
GFI,M,2026-08-27,TD22,2026-11-01,LSM,22.75
GFI,M,2026-08-27,TD19,2026-11-01,WSC,153.0
GFI,M,2026-08-27,TD3,2026-12-01,WSC,510.0
GFI,M,2026-08-27,TD20,2026-12-01,WSC,209.0
GFI,M,2026-08-27,TD7,2026-12-01,WSC,172.5
GFI,M,2026-08-27,TD8,2026-12-01,WSC,240.0
GFI,M,2026-08-27,TD25,2026-12-01,WSC,300.0
GFI,M,2026-08-27,TD22,2026-12-01,LSM,22.5
GFI,M,2026-08-27,TD19,2026-12-01,WSC,150.0
GFI,M,2026-08-27,TD3,2027-01-01,PMT,89.5
GFI,M,2026-08-27,TD20,2027-01-01,PMT,36.4
GFI,M,2026-08-27,TD7,2027-01-01,PMT,16.3
GFI,M,2026-08-27,TD8,2027-01-01,PMT,23.5
GFI,M,2026-08-27,TD25,2027-01-01,PMT,51.5
GFI,M,2026-08-27,TD22,2027-01-01,LSM,22.25
GFI,M,2026-08-27,TD19,2027-01-01,PMT,15.75
GFI,M,2026-08-27,TD3,2027-02-01,PMT,86.0
GFI,M,2026-08-27,TD20,2027-02-01,PMT,32.9
GFI,M,2026-08-27,TD7,2027-02-01,PMT,15.8
GFI,M,2026-08-27,TD8,2027-02-01,PMT,22.5
GFI,M,2026-08-27,TD25,2027-02-01,PMT,51.5
GFI,M,2026-08-27,TD22,2027-02-01,LSM,22.0
GFI,M,2026-08-27,TD19,2027-02-01,PMT,14.75
GFI,M,2026-08-27,TD3,2027-03-01,PMT,82.5
GFI,M,2026-08-27,TD20,2027-03-01,PMT,29.4
GFI,M,2026-08-27,TD7,2027-03-01,PMT,15.3
GFI,M,2026-08-27,TD8,2027-03-01,PMT,21.5
GFI,M,2026-08-27,TD25,2027-03-01,PMT,51.5
GFI,M,2026-08-27,TD22,2027-03-01,LSM,21.75
GFI,M,2026-08-27,TD19,2027-03-01,PMT,13.75
GFI,Q,2026-08-27,TD3,2026-10-01,WSC,530.0
GFI,Q,2026-08-27,TD20,2026-10-01,WSC,224.0
GFI,Q,2026-08-27,TD7,2026-10-01,WSC,182.5
GFI,Q,2026-08-27,TD8,2026-10-01,WSC,260.0
GFI,Q,2026-08-27,TD25,2026-10-01,WSC,300.0
GFI,Q,2026-08-27,TD22,2026-10-01,LSM,23.25
GFI,Q,2026-08-27,TD19,2026-10-01,WSC,156.0
GFI,Q,2026-08-27,TD3,2027-01-01,PMT,86.0
GFI,Q,2026-08-27,TD20,2027-01-01,PMT,32.9
GFI,Q,2026-08-27,TD7,2027-01-01,PMT,15.8
GFI,Q,2026-08-27,TD8,2027-01-01,PMT,22.5
GFI,Q,2026-08-27,TD25,2027-01-01,PMT,51.5
GFI,Q,2026-08-27,TD22,2027-01-01,LSM,22.0
GFI,Q,2026-08-27,TD19,2027-01-01,PMT,14.75
GFI,Q,2026-08-27,TD3,2027-04-01,PMT,71.0
GFI,Q,2026-08-27,TD20,2027-04-01,PMT,27.5
GFI,Q,2026-08-27,TD7,2027-04-01,PMT,14.6
GFI,Q,2026-08-27,TD8,2027-04-01,PMT,20.5
GFI,Q,2026-08-27,TD25,2027-04-01,PMT,44.0
GFI,Q,2026-08-27,TD22,2027-04-01,LSM,20.0
GFI,Q,2026-08-27,TD19,2027-04-01,PMT,13.25
GFI,Q,2026-08-27,TD3,2027-07-01,PMT,50.0
GFI,Q,2026-08-27,TD20,2027-07-01,PMT,22.0
GFI,Q,2026-08-27,TD7,2027-07-01,PMT,14.0
GFI,Q,2026-08-27,TD8,2027-07-01,PMT,19.1
GFI,Q,2026-08-27,TD25,2027-07-01,PMT,40.0
GFI,Q,2026-08-27,TD22,2027-07-01,LSM,15.0
GFI,Q,2026-08-27,TD19,2027-07-01,PMT,13.0
GFI,Q,2026-08-27,TD3,2027-10-01,PMT,43.0
GFI,Q,2026-08-27,TD20,2027-10-01,PMT,23.4
GFI,Q,2026-08-27,TD7,2027-10-01,PMT,15.2
GFI,Q,2026-08-27,TD8,2027-10-01,PMT,21.2
GFI,Q,2026-08-27,TD25,2027-10-01,PMT,43.7
GFI,Q,2026-08-27,TD22,2027-10-01,LSM,16.0
GFI,Q,2026-08-27,TD19,2027-10-01,PMT,15.0
GFI,Q,2026-08-27,TD3,2028-01-01,PMT,29.85
GFI,Q,2026-08-27,TD20,2028-01-01,PMT,21.0
GFI,Q,2026-08-27,TD7,2028-01-01,PMT,15.0
GFI,Q,2026-08-27,TD8,2028-01-01,PMT,22.25
GFI,Q,2026-08-27,TD25,2028-01-01,PMT,38.0
GFI,Q,2026-08-27,TD22,2028-01-01,LSM,15.0
GFI,Q,2026-08-27,TD19,2028-01-01,PMT,15.55
GFI,Q,2026-08-27,TD3,2028-04-01,PMT,27.85
GFI,Q,2026-08-27,TD20,2028-04-01,PMT,19.0
GFI,Q,2026-08-27,TD7,2028-04-01,PMT,13.0
GFI,Q,2026-08-27,TD8,2028-04-01,PMT,20.25
GFI,Q,2026-08-27,TD25,2028-04-01,PMT,36.0
GFI,Q,2026-08-27,TD22,2028-04-01,LSM,13.0
GFI,Q,2026-08-27,TD19,2028-04-01,PMT,13.55
GFI,A,2026-08-27,TD3,2027-01-01,PMT,62.5
GFI,A,2026-08-27,TD20,2027-01-01,PMT,26.45
GFI,A,2026-08-27,TD7,2027-01-01,PMT,14.9
GFI,A,2026-08-27,TD8,2027-01-01,PMT,20.825
GFI,A,2026-08-27,TD25,2027-01-01,PMT,44.8
GFI,A,2026-08-27,TD22,2027-01-01,LSM,18.25
GFI,A,2026-08-27,TD19,2027-01-01,PMT,14.0
GFI,A,2026-08-27,TD3,2028-01-01,PMT,27.85
GFI,A,2026-08-27,TD20,2028-01-01,PMT,19.0
GFI,A,2026-08-27,TD7,2028-01-01,PMT,13.0
GFI,A,2026-08-27,TD8,2028-01-01,PMT,20.25
GFI,A,2026-08-27,TD25,2028-01-01,PMT,36.0
GFI,A,2026-08-27,TD22,2028-01-01,LSM,13.0
GFI,A,2026-08-27,TD19,2028-01-01,PMT,13.55
GFI,A,2026-08-27,TD3,2029-01-01,PMT,19.0
GFI,A,2026-08-27,TD20,2029-01-01,PMT,16.5
GFI,A,2026-08-27,TD7,2029-01-01,PMT,12.9
GFI,A,2026-08-27,TD8,2029-01-01,PMT,19.7
GFI,A,2026-08-27,TD25,2029-01-01,PMT,33.0
GFI,A,2026-08-27,TD22,2029-01-01,LSM,12.5
GFI,A,2026-08-27,TD19,2029-01-01,PMT,13.25
GFI,BITR,2026-08-28,TD3,2026-08-01,WSC,631.67
GFI,BITR,2026-08-28,TD20,2026-08-01,WSC,212.78
GFI,BITR,2026-08-28,TD7,2026-08-01,WSC,211.25
GFI,BITR,2026-08-28,TD8,2026-08-01,WSC,360.0
GFI,BITR,2026-08-28,TD25,2026-08-01,WSC,216.67
GFI,BITR,2026-08-28,TD22,2026-08-01,LSM,24.333333
GFI,BITR,2026-08-28,TD19,2026-08-01,WSC,265.56
GFI,M,2026-08-28,TD3,2026-08-01,WSC,523.5
GFI,M,2026-08-28,TD20,2026-08-01,WSC,247.0
GFI,M,2026-08-28,TD7,2026-08-01,WSC,207.5
GFI,M,2026-08-28,TD8,2026-08-01,WSC,345.0
GFI,M,2026-08-28,TD25,2026-08-01,WSC,314.0
GFI,M,2026-08-28,TD22,2026-08-01,LSM,21.2
GFI,M,2026-08-28,TD19,2026-08-01,WSC,230.0
GFI,M,2026-08-28,TD3,2026-09-01,WSC,600.0
GFI,M,2026-08-28,TD20,2026-09-01,WSC,230.0
GFI,M,2026-08-28,TD7,2026-09-01,WSC,195.0
GFI,M,2026-08-28,TD8,2026-09-01,WSC,350.0
GFI,M,2026-08-28,TD25,2026-09-01,WSC,281.0
GFI,M,2026-08-28,TD22,2026-09-01,LSM,25.5
GFI,M,2026-08-28,TD19,2026-09-01,WSC,200.0
GFI,M,2026-08-28,TD3,2026-10-01,WSC,554.0
GFI,M,2026-08-28,TD20,2026-10-01,WSC,238.0
GFI,M,2026-08-28,TD7,2026-10-01,WSC,192.5
GFI,M,2026-08-28,TD8,2026-10-01,WSC,280.0
GFI,M,2026-08-28,TD25,2026-10-01,WSC,301.0
GFI,M,2026-08-28,TD22,2026-10-01,LSM,24.5
GFI,M,2026-08-28,TD19,2026-10-01,WSC,165.0
GFI,M,2026-08-28,TD3,2026-11-01,WSC,534.0
GFI,M,2026-08-28,TD20,2026-11-01,WSC,230.0
GFI,M,2026-08-28,TD7,2026-11-01,WSC,182.5
GFI,M,2026-08-28,TD8,2026-11-01,WSC,260.0
GFI,M,2026-08-28,TD25,2026-11-01,WSC,300.0
GFI,M,2026-08-28,TD22,2026-11-01,LSM,22.75
GFI,M,2026-08-28,TD19,2026-11-01,WSC,153.0
GFI,M,2026-08-28,TD3,2026-12-01,WSC,514.0
GFI,M,2026-08-28,TD20,2026-12-01,WSC,219.0
GFI,M,2026-08-28,TD7,2026-12-01,WSC,172.5
GFI,M,2026-08-28,TD8,2026-12-01,WSC,240.0
GFI,M,2026-08-28,TD25,2026-12-01,WSC,299.0
GFI,M,2026-08-28,TD22,2026-12-01,LSM,22.5
GFI,M,2026-08-28,TD19,2026-12-01,WSC,150.0
GFI,M,2026-08-28,TD3,2027-01-01,PMT,87.5
GFI,M,2026-08-28,TD20,2027-01-01,PMT,36.25
GFI,M,2026-08-28,TD7,2027-01-01,PMT,16.3
GFI,M,2026-08-28,TD8,2027-01-01,PMT,23.5
GFI,M,2026-08-28,TD25,2027-01-01,PMT,51.5
GFI,M,2026-08-28,TD22,2027-01-01,LSM,22.25
GFI,M,2026-08-28,TD19,2027-01-01,PMT,15.75
GFI,M,2026-08-28,TD3,2027-02-01,PMT,84.0
GFI,M,2026-08-28,TD20,2027-02-01,PMT,32.75
GFI,M,2026-08-28,TD7,2027-02-01,PMT,15.8
GFI,M,2026-08-28,TD8,2027-02-01,PMT,22.5
GFI,M,2026-08-28,TD25,2027-02-01,PMT,51.5
GFI,M,2026-08-28,TD22,2027-02-01,LSM,22.0
GFI,M,2026-08-28,TD19,2027-02-01,PMT,14.75
GFI,M,2026-08-28,TD3,2027-03-01,PMT,80.5
GFI,M,2026-08-28,TD20,2027-03-01,PMT,29.25
GFI,M,2026-08-28,TD7,2027-03-01,PMT,15.3
GFI,M,2026-08-28,TD8,2027-03-01,PMT,21.5
GFI,M,2026-08-28,TD25,2027-03-01,PMT,51.5
GFI,M,2026-08-28,TD22,2027-03-01,LSM,21.75
GFI,M,2026-08-28,TD19,2027-03-01,PMT,13.75
GFI,Q,2026-08-28,TD3,2026-10-01,WSC,534.0
GFI,Q,2026-08-28,TD20,2026-10-01,WSC,229.0
GFI,Q,2026-08-28,TD7,2026-10-01,WSC,182.5
GFI,Q,2026-08-28,TD8,2026-10-01,WSC,260.0
GFI,Q,2026-08-28,TD25,2026-10-01,WSC,300.0
GFI,Q,2026-08-28,TD22,2026-10-01,LSM,23.25
GFI,Q,2026-08-28,TD19,2026-10-01,WSC,156.0
GFI,Q,2026-08-28,TD3,2027-01-01,PMT,84.0
GFI,Q,2026-08-28,TD20,2027-01-01,PMT,32.75
GFI,Q,2026-08-28,TD7,2027-01-01,PMT,15.8
GFI,Q,2026-08-28,TD8,2027-01-01,PMT,22.5
GFI,Q,2026-08-28,TD25,2027-01-01,PMT,51.5
GFI,Q,2026-08-28,TD22,2027-01-01,LSM,22.0
GFI,Q,2026-08-28,TD19,2027-01-01,PMT,14.75
GFI,Q,2026-08-28,TD3,2027-04-01,PMT,68.0
GFI,Q,2026-08-28,TD20,2027-04-01,PMT,27.35
GFI,Q,2026-08-28,TD7,2027-04-01,PMT,14.6
GFI,Q,2026-08-28,TD8,2027-04-01,PMT,20.5
GFI,Q,2026-08-28,TD25,2027-04-01,PMT,44.0
GFI,Q,2026-08-28,TD22,2027-04-01,LSM,20.0
GFI,Q,2026-08-28,TD19,2027-04-01,PMT,13.25
GFI,Q,2026-08-28,TD3,2027-07-01,PMT,50.0
GFI,Q,2026-08-28,TD20,2027-07-01,PMT,21.5
GFI,Q,2026-08-28,TD7,2027-07-01,PMT,14.0
GFI,Q,2026-08-28,TD8,2027-07-01,PMT,19.1
GFI,Q,2026-08-28,TD25,2027-07-01,PMT,41.0
GFI,Q,2026-08-28,TD22,2027-07-01,LSM,15.0
GFI,Q,2026-08-28,TD19,2027-07-01,PMT,13.0
GFI,Q,2026-08-28,TD3,2027-10-01,PMT,44.0
GFI,Q,2026-08-28,TD20,2027-10-01,PMT,23.0
GFI,Q,2026-08-28,TD7,2027-10-01,PMT,15.2
GFI,Q,2026-08-28,TD8,2027-10-01,PMT,21.2
GFI,Q,2026-08-28,TD25,2027-10-01,PMT,43.5
GFI,Q,2026-08-28,TD22,2027-10-01,LSM,16.0
GFI,Q,2026-08-28,TD19,2027-10-01,PMT,15.0
GFI,Q,2026-08-28,TD3,2028-01-01,PMT,29.85
GFI,Q,2026-08-28,TD20,2028-01-01,PMT,20.75
GFI,Q,2026-08-28,TD7,2028-01-01,PMT,15.0
GFI,Q,2026-08-28,TD8,2028-01-01,PMT,22.25
GFI,Q,2026-08-28,TD25,2028-01-01,PMT,38.0
GFI,Q,2026-08-28,TD22,2028-01-01,LSM,15.0
GFI,Q,2026-08-28,TD19,2028-01-01,PMT,15.55
GFI,Q,2026-08-28,TD3,2028-04-01,PMT,27.85
GFI,Q,2026-08-28,TD20,2028-04-01,PMT,18.75
GFI,Q,2026-08-28,TD7,2028-04-01,PMT,13.0
GFI,Q,2026-08-28,TD8,2028-04-01,PMT,20.25
GFI,Q,2026-08-28,TD25,2028-04-01,PMT,36.0
GFI,Q,2026-08-28,TD22,2028-04-01,LSM,13.0
GFI,Q,2026-08-28,TD19,2028-04-01,PMT,13.55
GFI,A,2026-08-28,TD3,2027-01-01,PMT,61.5
GFI,A,2026-08-28,TD20,2027-01-01,PMT,26.15
GFI,A,2026-08-28,TD7,2027-01-01,PMT,14.9
GFI,A,2026-08-28,TD8,2027-01-01,PMT,20.825
GFI,A,2026-08-28,TD25,2027-01-01,PMT,45.0
GFI,A,2026-08-28,TD22,2027-01-01,LSM,18.25
GFI,A,2026-08-28,TD19,2027-01-01,PMT,14.0
GFI,A,2026-08-28,TD3,2028-01-01,PMT,27.85
GFI,A,2026-08-28,TD20,2028-01-01,PMT,18.75
GFI,A,2026-08-28,TD7,2028-01-01,PMT,13.0
GFI,A,2026-08-28,TD8,2028-01-01,PMT,20.25
GFI,A,2026-08-28,TD25,2028-01-01,PMT,36.0
GFI,A,2026-08-28,TD22,2028-01-01,LSM,13.0
GFI,A,2026-08-28,TD19,2028-01-01,PMT,13.55
GFI,A,2026-08-28,TD3,2029-01-01,PMT,19.0
GFI,A,2026-08-28,TD20,2029-01-01,PMT,16.5
GFI,A,2026-08-28,TD7,2029-01-01,PMT,12.9
GFI,A,2026-08-28,TD8,2029-01-01,PMT,19.7
GFI,A,2026-08-28,TD25,2029-01-01,PMT,33.0
GFI,A,2026-08-28,TD22,2029-01-01,LSM,12.5
GFI,A,2026-08-28,TD19,2029-01-01,PMT,13.25
GFI,MTD,2026-06-29,TD3,2026-06-01,WSC,407.31
GFI,MTD,2026-06-29,TD20,2026-06-01,WSC,178.55
GFI,MTD,2026-06-29,TD7,2026-06-01,WSC,146.81
GFI,MTD,2026-06-29,TD8,2026-06-01,WSC,310.89
GFI,MTD,2026-06-29,TD25,2026-06-01,WSC,201.93
GFI,MTD,2026-06-29,TD22,2026-06-01,LSM,18.140158760000002
GFI,MTD,2026-06-29,TD19,2026-06-01,WSC,193.07
GFI,MTD,2026-06-30,TD3,2026-06-01,WSC,402.38
GFI,MTD,2026-06-30,TD20,2026-06-01,WSC,181.21
GFI,MTD,2026-06-30,TD7,2026-06-01,WSC,146.57
GFI,MTD,2026-06-30,TD8,2026-06-01,WSC,310.74
GFI,MTD,2026-06-30,TD25,2026-06-01,WSC,201.46
GFI,MTD,2026-06-30,TD22,2026-06-01,LSM,18.15752527
GFI,MTD,2026-06-30,TD19,2026-06-01,WSC,191.23
GFI,MTD,2026-07-01,TD3,2026-06-01,WSC,293.89
GFI,MTD,2026-07-01,TD20,2026-06-01,WSC,243.33
GFI,MTD,2026-07-01,TD7,2026-06-01,WSC,136.67
GFI,MTD,2026-07-01,TD8,2026-06-01,WSC,302.86
GFI,MTD,2026-07-01,TD25,2026-06-01,WSC,168.06
GFI,MTD,2026-07-01,TD22,2026-06-01,LSM,18.027778
GFI,MTD,2026-07-01,TD19,2026-06-01,WSC,150.11
GFI,MTD,2026-07-02,TD3,2026-07-01,WSC,293.89
GFI,MTD,2026-07-02,TD20,2026-07-01,WSC,243.19
GFI,MTD,2026-07-02,TD7,2026-07-01,WSC,135.84
GFI,MTD,2026-07-02,TD8,2026-07-01,WSC,300.36
GFI,MTD,2026-07-02,TD25,2026-07-01,WSC,169.31
GFI,MTD,2026-07-02,TD22,2026-07-01,LSM,17.854167
GFI,MTD,2026-07-02,TD19,2026-07-01,WSC,150.41
GFI,MTD,2026-07-03,TD3,2026-07-01,WSC,295.0
GFI,MTD,2026-07-03,TD20,2026-07-01,WSC,242.59
GFI,MTD,2026-07-03,TD7,2026-07-01,WSC,135.56
GFI,MTD,2026-07-03,TD8,2026-07-01,WSC,299.29
GFI,MTD,2026-07-03,TD25,2026-07-01,WSC,169.31
GFI,MTD,2026-07-03,TD22,2026-07-01,LSM,17.80694467
GFI,MTD,2026-07-03,TD19,2026-07-01,WSC,153.39
GFI,MTD,2026-07-06,TD3,2026-07-01,WSC,296.6
GFI,MTD,2026-07-06,TD20,2026-07-01,WSC,241.88
GFI,MTD,2026-07-06,TD7,2026-07-01,WSC,135.84
GFI,MTD,2026-07-06,TD8,2026-07-01,WSC,298.75
GFI,MTD,2026-07-06,TD25,2026-07-01,WSC,170.1
GFI,MTD,2026-07-06,TD22,2026-07-01,LSM,17.72048625
GFI,MTD,2026-07-06,TD19,2026-07-01,WSC,157.89
GFI,MTD,2026-07-07,TD3,2026-07-01,WSC,301.39
GFI,MTD,2026-07-07,TD20,2026-07-01,WSC,240.94
GFI,MTD,2026-07-07,TD7,2026-07-01,WSC,136.08
GFI,MTD,2026-07-07,TD8,2026-07-01,WSC,296.5
GFI,MTD,2026-07-07,TD25,2026-07-01,WSC,169.24
GFI,MTD,2026-07-07,TD22,2026-07-01,LSM,17.6519446
GFI,MTD,2026-07-07,TD19,2026-07-01,WSC,163.92
GFI,MTD,2026-07-08,TD3,2026-07-01,WSC,308.38
GFI,MTD,2026-07-08,TD20,2026-07-01,WSC,239.72
GFI,MTD,2026-07-08,TD7,2026-07-01,WSC,136.46
GFI,MTD,2026-07-08,TD8,2026-07-01,WSC,295.65
GFI,MTD,2026-07-08,TD25,2026-07-01,WSC,168.67
GFI,MTD,2026-07-08,TD22,2026-07-01,LSM,17.62241683
GFI,MTD,2026-07-08,TD19,2026-07-01,WSC,169.7
GFI,MTD,2026-07-09,TD3,2026-07-01,WSC,313.61
GFI,MTD,2026-07-09,TD20,2026-07-01,WSC,238.77
GFI,MTD,2026-07-09,TD7,2026-07-01,WSC,137.17
GFI,MTD,2026-07-09,TD8,2026-07-01,WSC,296.48
GFI,MTD,2026-07-09,TD25,2026-07-01,WSC,168.29
GFI,MTD,2026-07-09,TD22,2026-07-01,LSM,17.593024
GFI,MTD,2026-07-09,TD19,2026-07-01,WSC,176.59
GFI,MTD,2026-07-10,TD3,2026-07-01,WSC,319.06
GFI,MTD,2026-07-10,TD20,2026-07-01,WSC,237.95
GFI,MTD,2026-07-10,TD7,2026-07-01,WSC,138.88
GFI,MTD,2026-07-10,TD8,2026-07-01,WSC,297.75
GFI,MTD,2026-07-10,TD25,2026-07-01,WSC,176.07
GFI,MTD,2026-07-10,TD22,2026-07-01,LSM,17.57125713
GFI,MTD,2026-07-10,TD19,2026-07-01,WSC,182.29
GFI,MTD,2026-07-14,TD3,2026-07-01,WSC,329.36
GFI,MTD,2026-07-14,TD20,2026-07-01,WSC,237.08
GFI,MTD,2026-07-14,TD7,2026-07-01,WSC,145.6
GFI,MTD,2026-07-14,TD8,2026-07-01,WSC,299.54
GFI,MTD,2026-07-14,TD25,2026-07-01,WSC,189.11
GFI,MTD,2026-07-14,TD22,2026-07-01,LSM,17.5405613
GFI,MTD,2026-07-14,TD19,2026-07-01,WSC,199.22
GFI,MTD,2026-07-13,TD3,2026-07-01,WSC,324.6
GFI,MTD,2026-07-13,TD20,2026-07-01,WSC,237.5
GFI,MTD,2026-07-13,TD7,2026-07-01,WSC,140.94
GFI,MTD,2026-07-13,TD8,2026-07-01,WSC,298.74
GFI,MTD,2026-07-13,TD25,2026-07-01,WSC,182.68
GFI,MTD,2026-07-13,TD22,2026-07-01,LSM,17.55284589
GFI,MTD,2026-07-13,TD19,2026-07-01,WSC,188.09
GFI,MTD,2026-07-15,TD3,2026-07-01,WSC,333.36
GFI,MTD,2026-07-15,TD20,2026-07-01,WSC,236.74
GFI,MTD,2026-07-15,TD7,2026-07-01,WSC,150.92
GFI,MTD,2026-07-15,TD8,2026-07-01,WSC,300.19
GFI,MTD,2026-07-15,TD25,2026-07-01,WSC,195.14
GFI,MTD,2026-07-15,TD22,2026-07-01,LSM,17.53030827
GFI,MTD,2026-07-15,TD19,2026-07-01,WSC,213.08
GFI,MTD,2026-07-16,TD3,2026-07-01,WSC,336.64
GFI,MTD,2026-07-16,TD20,2026-07-01,WSC,236.32
GFI,MTD,2026-07-16,TD7,2026-07-01,WSC,157.65
GFI,MTD,2026-07-16,TD8,2026-07-01,WSC,300.59
GFI,MTD,2026-07-16,TD25,2026-07-01,WSC,200.53
GFI,MTD,2026-07-16,TD22,2026-07-01,LSM,17.499078920000002
GFI,MTD,2026-07-16,TD19,2026-07-01,WSC,227.73
GFI,MTD,2026-07-17,TD3,2026-07-01,WSC,339.68
GFI,MTD,2026-07-17,TD20,2026-07-01,WSC,235.98
GFI,MTD,2026-07-17,TD7,2026-07-01,WSC,163.22
GFI,MTD,2026-07-17,TD8,2026-07-01,WSC,300.86
GFI,MTD,2026-07-17,TD25,2026-07-01,WSC,206.41
GFI,MTD,2026-07-17,TD22,2026-07-01,LSM,17.45940615
GFI,MTD,2026-07-17,TD19,2026-07-01,WSC,240.34
GFI,MTD,2026-07-20,TD3,2026-07-01,WSC,342.56
GFI,MTD,2026-07-20,TD20,2026-07-01,WSC,235.56
GFI,MTD,2026-07-20,TD7,2026-07-01,WSC,168.11
GFI,MTD,2026-07-20,TD8,2026-07-01,WSC,301.16
GFI,MTD,2026-07-20,TD25,2026-07-01,WSC,212.59
GFI,MTD,2026-07-20,TD22,2026-07-01,LSM,17.40143271
GFI,MTD,2026-07-20,TD19,2026-07-01,WSC,250.4
GFI,MTD,2026-07-21,TD3,2026-07-01,WSC,345.46
GFI,MTD,2026-07-21,TD20,2026-07-01,WSC,234.93
GFI,MTD,2026-07-21,TD7,2026-07-01,WSC,172.01
GFI,MTD,2026-07-21,TD8,2026-07-01,WSC,301.47
GFI,MTD,2026-07-21,TD25,2026-07-01,WSC,223.75
GFI,MTD,2026-07-21,TD22,2026-07-01,LSM,17.312707600000003
GFI,MTD,2026-07-21,TD19,2026-07-01,WSC,258.76
GFI,MTD,2026-07-22,TD3,2026-07-01,WSC,348.05
GFI,MTD,2026-07-22,TD20,2026-07-01,WSC,234.31
GFI,MTD,2026-07-22,TD7,2026-07-01,WSC,175.58
GFI,MTD,2026-07-22,TD8,2026-07-01,WSC,301.74
GFI,MTD,2026-07-22,TD25,2026-07-01,WSC,236.91
GFI,MTD,2026-07-22,TD22,2026-07-01,LSM,17.22580225
GFI,MTD,2026-07-22,TD19,2026-07-01,WSC,266.06
GFI,MTD,2026-07-23,TD3,2026-07-01,WSC,350.32
GFI,MTD,2026-07-23,TD20,2026-07-01,WSC,233.95
GFI,MTD,2026-07-23,TD7,2026-07-01,WSC,179.03
GFI,MTD,2026-07-23,TD8,2026-07-01,WSC,301.98
GFI,MTD,2026-07-23,TD25,2026-07-01,WSC,249.78
GFI,MTD,2026-07-23,TD22,2026-07-01,LSM,17.169055710000002
GFI,MTD,2026-07-23,TD19,2026-07-01,WSC,273.66
GFI,MTD,2026-07-24,TD3,2026-07-01,WSC,352.35
GFI,MTD,2026-07-24,TD20,2026-07-01,WSC,233.76
GFI,MTD,2026-07-24,TD7,2026-07-01,WSC,182.23
GFI,MTD,2026-07-24,TD8,2026-07-01,WSC,302.2
GFI,MTD,2026-07-24,TD25,2026-07-01,WSC,260.97
GFI,MTD,2026-07-24,TD22,2026-07-01,LSM,17.16120694
GFI,MTD,2026-07-24,TD19,2026-07-01,WSC,280.68
GFI,MTD,2026-07-27,TD3,2026-07-01,WSC,354.5
GFI,MTD,2026-07-27,TD20,2026-07-01,WSC,233.79
GFI,MTD,2026-07-27,TD7,2026-07-01,WSC,185.08
GFI,MTD,2026-07-27,TD8,2026-07-01,WSC,302.34
GFI,MTD,2026-07-27,TD25,2026-07-01,WSC,270.56
GFI,MTD,2026-07-27,TD22,2026-07-01,LSM,17.205061530000002
GFI,MTD,2026-07-27,TD19,2026-07-01,WSC,286.84
GFI,MTD,2026-07-28,TD3,2026-07-01,WSC,356.93
GFI,MTD,2026-07-28,TD20,2026-07-01,WSC,233.75
GFI,MTD,2026-07-28,TD7,2026-07-01,WSC,187.51
GFI,MTD,2026-07-28,TD8,2026-07-01,WSC,302.48
GFI,MTD,2026-07-28,TD25,2026-07-01,WSC,278.22
GFI,MTD,2026-07-28,TD22,2026-07-01,LSM,17.31119735
GFI,MTD,2026-07-28,TD19,2026-07-01,WSC,292.07
GFI,MTD,2026-07-29,TD3,2026-07-01,WSC,359.18
GFI,MTD,2026-07-29,TD20,2026-07-01,WSC,233.58
GFI,MTD,2026-07-29,TD7,2026-07-01,WSC,189.24
GFI,MTD,2026-07-29,TD8,2026-07-01,WSC,302.6
GFI,MTD,2026-07-29,TD25,2026-07-01,WSC,284.5
GFI,MTD,2026-07-29,TD22,2026-07-01,LSM,17.43764829
GFI,MTD,2026-07-29,TD19,2026-07-01,WSC,296.26
GFI,MTD,2026-07-30,TD3,2026-07-01,WSC,362.14
GFI,MTD,2026-07-30,TD20,2026-07-01,WSC,233.08
GFI,MTD,2026-07-30,TD7,2026-07-01,WSC,190.59
GFI,MTD,2026-07-30,TD8,2026-07-01,WSC,302.71
GFI,MTD,2026-07-30,TD25,2026-07-01,WSC,288.82
GFI,MTD,2026-07-30,TD22,2026-07-01,LSM,17.549320820000002
GFI,MTD,2026-07-30,TD19,2026-07-01,WSC,297.37
GFI,MTD,2026-07-31,TD3,2026-07-01,WSC,362.14
GFI,MTD,2026-07-31,TD20,2026-07-01,WSC,233.08
GFI,MTD,2026-07-31,TD7,2026-07-01,WSC,190.59
GFI,MTD,2026-07-31,TD8,2026-07-01,WSC,302.71
GFI,MTD,2026-07-31,TD25,2026-07-01,WSC,288.82
GFI,MTD,2026-07-31,TD22,2026-07-01,LSM,17.549320820000002
GFI,MTD,2026-07-31,TD19,2026-07-01,WSC,297.37
GFI,MTD,2026-08-03,TD3,2026-08-01,WSC,429.44
GFI,MTD,2026-08-03,TD20,2026-08-01,WSC,207.5
GFI,MTD,2026-08-03,TD7,2026-08-01,WSC,213.33
GFI,MTD,2026-08-03,TD8,2026-08-01,WSC,310.67
GFI,MTD,2026-08-03,TD25,2026-08-01,WSC,380.56
GFI,MTD,2026-08-03,TD22,2026-08-01,LSM,19.444444
GFI,MTD,2026-08-03,TD19,2026-08-01,WSC,243.06
GFI,MTD,2026-08-04,TD3,2026-08-01,WSC,429.44
GFI,MTD,2026-08-04,TD20,2026-08-01,WSC,192.22
GFI,MTD,2026-08-04,TD7,2026-08-01,WSC,212.71
GFI,MTD,2026-08-04,TD8,2026-08-01,WSC,313.05
GFI,MTD,2026-08-04,TD25,2026-08-01,WSC,375.0
GFI,MTD,2026-08-04,TD22,2026-08-01,LSM,19.3055555
GFI,MTD,2026-08-04,TD19,2026-08-01,WSC,243.69
GFI,MTD,2026-08-05,TD3,2026-08-01,WSC,430.37
GFI,MTD,2026-08-05,TD20,2026-08-01,WSC,185.65
GFI,MTD,2026-08-05,TD7,2026-08-01,WSC,212.64
GFI,MTD,2026-08-05,TD8,2026-08-01,WSC,314.7
GFI,MTD,2026-08-05,TD25,2026-08-01,WSC,363.89
GFI,MTD,2026-08-05,TD22,2026-08-01,LSM,19.18333333
GFI,MTD,2026-08-05,TD19,2026-08-01,WSC,243.7
GFI,MTD,2026-08-06,TD3,2026-08-01,WSC,441.67
GFI,MTD,2026-08-06,TD20,2026-08-01,WSC,182.29
GFI,MTD,2026-08-06,TD7,2026-08-01,WSC,212.71
GFI,MTD,2026-08-06,TD8,2026-08-01,WSC,315.92
GFI,MTD,2026-08-06,TD25,2026-08-01,WSC,349.58
GFI,MTD,2026-08-06,TD22,2026-08-01,LSM,19.07916675
GFI,MTD,2026-08-06,TD19,2026-08-01,WSC,243.25
GFI,MTD,2026-08-07,TD3,2026-08-01,WSC,451.33
GFI,MTD,2026-08-07,TD20,2026-08-01,WSC,181.33
GFI,MTD,2026-08-07,TD7,2026-08-01,WSC,212.75
GFI,MTD,2026-08-07,TD8,2026-08-01,WSC,329.88
GFI,MTD,2026-08-07,TD25,2026-08-01,WSC,342.11
GFI,MTD,2026-08-07,TD22,2026-08-01,LSM,19.0011112
GFI,MTD,2026-08-07,TD19,2026-08-01,WSC,242.71
GFI,MTD,2026-08-10,TD3,2026-08-01,WSC,457.41
GFI,MTD,2026-08-10,TD20,2026-08-01,WSC,181.62
GFI,MTD,2026-08-10,TD7,2026-08-01,WSC,211.94
GFI,MTD,2026-08-10,TD8,2026-08-01,WSC,329.88
GFI,MTD,2026-08-10,TD25,2026-08-01,WSC,338.7
GFI,MTD,2026-08-10,TD22,2026-08-01,LSM,18.94027783
GFI,MTD,2026-08-10,TD19,2026-08-01,WSC,237.77
GFI,MTD,2026-08-11,TD3,2026-08-01,WSC,460.87
GFI,MTD,2026-08-11,TD20,2026-08-01,WSC,183.57
GFI,MTD,2026-08-11,TD7,2026-08-01,WSC,210.71
GFI,MTD,2026-08-11,TD8,2026-08-01,WSC,329.55
GFI,MTD,2026-08-11,TD25,2026-08-01,WSC,336.55
GFI,MTD,2026-08-11,TD22,2026-08-01,LSM,18.89484129
GFI,MTD,2026-08-11,TD19,2026-08-01,WSC,233.53
GFI,MTD,2026-08-12,TD3,2026-08-01,WSC,463.19
GFI,MTD,2026-08-12,TD20,2026-08-01,WSC,188.54
GFI,MTD,2026-08-12,TD7,2026-08-01,WSC,209.38
GFI,MTD,2026-08-12,TD8,2026-08-01,WSC,329.67
GFI,MTD,2026-08-12,TD25,2026-08-01,WSC,336.56
GFI,MTD,2026-08-12,TD22,2026-08-01,LSM,18.84841663
GFI,MTD,2026-08-12,TD19,2026-08-01,WSC,229.86
GFI,MTD,2026-08-13,TD3,2026-08-01,WSC,465.0
GFI,MTD,2026-08-13,TD20,2026-08-01,WSC,192.84
GFI,MTD,2026-08-13,TD7,2026-08-01,WSC,208.52
GFI,MTD,2026-08-13,TD8,2026-08-01,WSC,330.08
GFI,MTD,2026-08-13,TD25,2026-08-01,WSC,337.99
GFI,MTD,2026-08-13,TD22,2026-08-01,LSM,18.801061670000003
GFI,MTD,2026-08-13,TD19,2026-08-01,WSC,228.92
GFI,MTD,2026-08-14,TD3,2026-08-01,WSC,466.67
GFI,MTD,2026-08-14,TD20,2026-08-01,WSC,199.54
GFI,MTD,2026-08-14,TD7,2026-08-01,WSC,207.83
GFI,MTD,2026-08-14,TD8,2026-08-01,WSC,330.63
GFI,MTD,2026-08-14,TD25,2026-08-01,WSC,341.14
GFI,MTD,2026-08-14,TD22,2026-08-01,LSM,18.7759555
GFI,MTD,2026-08-14,TD19,2026-08-01,WSC,228.55
GFI,MTD,2026-08-17,TD3,2026-08-01,WSC,469.85
GFI,MTD,2026-08-17,TD20,2026-08-01,WSC,209.73
GFI,MTD,2026-08-17,TD7,2026-08-01,WSC,207.31
GFI,MTD,2026-08-17,TD8,2026-08-01,WSC,330.26
GFI,MTD,2026-08-17,TD25,2026-08-01,WSC,344.42
GFI,MTD,2026-08-17,TD22,2026-08-01,LSM,18.77738382
GFI,MTD,2026-08-17,TD19,2026-08-01,WSC,228.32
GFI,MTD,2026-08-18,TD3,2026-08-01,WSC,473.56
GFI,MTD,2026-08-18,TD20,2026-08-01,WSC,219.62
GFI,MTD,2026-08-18,TD7,2026-08-01,WSC,206.88
GFI,MTD,2026-08-18,TD8,2026-08-01,WSC,329.71
GFI,MTD,2026-08-18,TD25,2026-08-01,WSC,345.86
GFI,MTD,2026-08-18,TD22,2026-08-01,LSM,18.906120329999997
GFI,MTD,2026-08-18,TD19,2026-08-01,WSC,228.25
GFI,MTD,2026-08-19,TD3,2026-08-01,WSC,479.16
GFI,MTD,2026-08-19,TD20,2026-08-01,WSC,228.41
GFI,MTD,2026-08-19,TD7,2026-08-01,WSC,206.54
GFI,MTD,2026-08-19,TD8,2026-08-01,WSC,328.72
GFI,MTD,2026-08-19,TD25,2026-08-01,WSC,344.85
GFI,MTD,2026-08-19,TD22,2026-08-01,LSM,19.14752985
GFI,MTD,2026-08-19,TD19,2026-08-01,WSC,229.35
GFI,MTD,2026-08-20,TD3,2026-08-01,WSC,485.64
GFI,MTD,2026-08-20,TD20,2026-08-01,WSC,235.58
GFI,MTD,2026-08-20,TD7,2026-08-01,WSC,206.28
GFI,MTD,2026-08-20,TD8,2026-08-01,WSC,328.5
GFI,MTD,2026-08-20,TD25,2026-08-01,WSC,343.63
GFI,MTD,2026-08-20,TD22,2026-08-01,LSM,19.55762693
GFI,MTD,2026-08-20,TD19,2026-08-01,WSC,230.72
GFI,MTD,2026-08-21,TD3,2026-08-01,WSC,492.39
GFI,MTD,2026-08-21,TD20,2026-08-01,WSC,241.47
GFI,MTD,2026-08-21,TD7,2026-08-01,WSC,206.06
GFI,MTD,2026-08-21,TD8,2026-08-01,WSC,328.99
GFI,MTD,2026-08-21,TD25,2026-08-01,WSC,341.98
GFI,MTD,2026-08-21,TD22,2026-08-01,LSM,19.96119253
GFI,MTD,2026-08-21,TD19,2026-08-01,WSC,232.48
GFI,MTD,2026-08-24,TD3,2026-08-01,WSC,499.47
GFI,MTD,2026-08-24,TD20,2026-08-01,WSC,245.46
GFI,MTD,2026-08-24,TD7,2026-08-01,WSC,206.02
GFI,MTD,2026-08-24,TD8,2026-08-01,WSC,330.25
GFI,MTD,2026-08-24,TD25,2026-08-01,WSC,339.95
GFI,MTD,2026-08-24,TD22,2026-08-01,LSM,20.23584025
GFI,MTD,2026-08-24,TD19,2026-08-01,WSC,234.35
GFI,MTD,2026-08-25,TD3,2026-08-01,WSC,505.94
GFI,MTD,2026-08-25,TD20,2026-08-01,WSC,247.16
GFI,MTD,2026-08-25,TD7,2026-08-01,WSC,206.5
GFI,MTD,2026-08-25,TD8,2026-08-01,WSC,332.01
GFI,MTD,2026-08-25,TD25,2026-08-01,WSC,335.74
GFI,MTD,2026-08-25,TD22,2026-08-01,LSM,20.516084940000002
GFI,MTD,2026-08-25,TD19,2026-08-01,WSC,236.37
GFI,MTD,2026-08-26,TD3,2026-08-01,WSC,512.24
GFI,MTD,2026-08-26,TD20,2026-08-01,WSC,248.11
GFI,MTD,2026-08-26,TD7,2026-08-01,WSC,207.04
GFI,MTD,2026-08-26,TD8,2026-08-01,WSC,333.56
GFI,MTD,2026-08-26,TD25,2026-08-01,WSC,329.88
GFI,MTD,2026-08-26,TD22,2026-08-01,LSM,20.756858
GFI,MTD,2026-08-26,TD19,2026-08-01,WSC,238.25
GFI,MTD,2026-08-27,TD3,2026-08-01,WSC,518.09
GFI,MTD,2026-08-27,TD20,2026-08-01,WSC,247.56
GFI,MTD,2026-08-27,TD7,2026-08-01,WSC,207.39
GFI,MTD,2026-08-27,TD8,2026-08-01,WSC,335.05
GFI,MTD,2026-08-27,TD25,2026-08-01,WSC,323.13
GFI,MTD,2026-08-27,TD22,2026-08-01,LSM,20.95912863
GFI,MTD,2026-08-27,TD19,2026-08-01,WSC,239.81
GFI,MTD,2026-08-28,TD3,2026-08-01,WSC,523.77
GFI,MTD,2026-08-28,TD20,2026-08-01,WSC,245.82
GFI,MTD,2026-08-28,TD7,2026-08-01,WSC,207.58
GFI,MTD,2026-08-28,TD8,2026-08-01,WSC,336.36
GFI,MTD,2026-08-28,TD25,2026-08-01,WSC,317.81
GFI,MTD,2026-08-28,TD22,2026-08-01,LSM,21.12783885
GFI,MTD,2026-08-28,TD19,2026-08-01,WSC,241.1
