source,periodType,date,instrument,period,price
GFI,BITR,2026-07-20,TD3C,2026-07-01,380.0
GFI,BITR,2026-07-20,TD20,2026-07-01,230.0
GFI,BITR,2026-07-20,TD7,2026-07-01,231.67
GFI,BITR,2026-07-20,TD8,2026-07-01,305.0
GFI,BITR,2026-07-20,TD25,2026-07-01,286.67
GFI,BITR,2026-07-20,TD22,2026-07-01,16647778.0
GFI,BITR,2026-07-20,TD19,2026-07-01,381.11
GFI,MTD,2026-07-20,TD3C,2026-07-01,342.56
GFI,MTD,2026-07-20,TD20,2026-07-01,235.56
GFI,MTD,2026-07-20,TD7,2026-07-01,168.11
GFI,MTD,2026-07-20,TD8,2026-07-01,301.16
GFI,MTD,2026-07-20,TD25,2026-07-01,212.59
GFI,MTD,2026-07-20,TD22,2026-07-01,17401432.71
GFI,MTD,2026-07-20,TD19,2026-07-01,250.4
GFI,M,2026-07-20,TD3C,2026-07-01,365.0
GFI,M,2026-07-20,TD20,2026-07-01,13.4
GFI,M,2026-07-20,TD7,2026-07-01,185.0
GFI,M,2026-07-20,TD8,2026-07-01,295.0
GFI,M,2026-07-20,TD25,2026-07-01,123.86
GFI,M,2026-07-20,TD22,2026-07-01,17.3
GFI,M,2026-07-20,TD19,2026-07-01,290.0
GFI,M,2026-07-20,TD3C,2026-08-01,328.0
GFI,M,2026-07-20,TD20,2026-08-01,13.4
GFI,M,2026-07-20,TD7,2026-08-01,180.0
GFI,M,2026-07-20,TD8,2026-08-01,250.0
GFI,M,2026-07-20,TD25,2026-08-01,123.86
GFI,M,2026-07-20,TD22,2026-08-01,16.0
GFI,M,2026-07-20,TD19,2026-08-01,240.0
GFI,M,2026-07-20,TD3C,2026-09-01,291.0
GFI,M,2026-07-20,TD20,2026-09-01,
GFI,M,2026-07-20,TD7,2026-09-01,167.5
GFI,M,2026-07-20,TD8,2026-09-01,210.0
GFI,M,2026-07-20,TD25,2026-09-01,
GFI,M,2026-07-20,TD22,2026-09-01,14.35
GFI,M,2026-07-20,TD19,2026-09-01,190.0
GFI,M,2026-07-20,TD3C,2026-10-01,270.0
GFI,M,2026-07-20,TD20,2026-10-01,
GFI,M,2026-07-20,TD7,2026-10-01,155.0
GFI,M,2026-07-20,TD8,2026-10-01,190.0
GFI,M,2026-07-20,TD25,2026-10-01,
GFI,M,2026-07-20,TD22,2026-10-01,13.6
GFI,M,2026-07-20,TD19,2026-10-01,165.0
GFI,M,2026-07-20,TD3C,2026-11-01,260.0
GFI,M,2026-07-20,TD20,2026-11-01,
GFI,M,2026-07-20,TD7,2026-11-01,170.0
GFI,M,2026-07-20,TD8,2026-11-01,200.0
GFI,M,2026-07-20,TD25,2026-11-01,
GFI,M,2026-07-20,TD22,2026-11-01,14.1
GFI,M,2026-07-20,TD19,2026-11-01,153.0
GFI,Q,2026-07-20,TD3C,2026-07-01,328.0
GFI,Q,2026-07-20,TD20,2026-07-01,13.4
GFI,Q,2026-07-20,TD7,2026-07-01,177.5
GFI,Q,2026-07-20,TD8,2026-07-01,251.67
GFI,Q,2026-07-20,TD25,2026-07-01,123.86
GFI,Q,2026-07-20,TD22,2026-07-01,15.88
GFI,Q,2026-07-20,TD19,2026-07-01,240.0
GFI,Q,2026-07-20,TD3C,2026-10-01,258.0
GFI,Q,2026-07-20,TD20,2026-10-01,14.5
GFI,Q,2026-07-20,TD7,2026-10-01,170.0
GFI,Q,2026-07-20,TD8,2026-10-01,198.33
GFI,Q,2026-07-20,TD25,2026-10-01,137.37
GFI,Q,2026-07-20,TD22,2026-10-01,14.1
GFI,Q,2026-07-20,TD19,2026-10-01,156.0
GFI,Q,2026-07-20,TD3C,2027-01-01,31.75
GFI,Q,2026-07-20,TD20,2027-01-01,82.45
GFI,Q,2026-07-20,TD7,2027-01-01,14.0
GFI,Q,2026-07-20,TD8,2027-01-01,22.5
GFI,Q,2026-07-20,TD25,2027-01-01,48.91
GFI,Q,2026-07-20,TD22,2027-01-01,44.44
GFI,Q,2026-07-20,TD19,2027-01-01,14.75
GFI,A,2026-07-20,TD3C,2027-01-01,23.2
GFI,A,2026-07-20,TD20,2027-01-01,76.8
GFI,A,2026-07-20,TD7,2027-01-01,13.07
GFI,A,2026-07-20,TD8,2027-01-01,20.82
GFI,A,2026-07-20,TD25,2027-01-01,25.47
GFI,A,2026-07-20,TD22,2027-01-01,37.96
GFI,A,2026-07-20,TD19,2027-01-01,14.0
GFI,A,2026-07-20,TD3C,2028-01-01,16.0
GFI,A,2026-07-20,TD20,2028-01-01,66.61
GFI,A,2026-07-20,TD7,2028-01-01,12.7
GFI,A,2026-07-20,TD8,2028-01-01,20.25
GFI,A,2026-07-20,TD25,2028-01-01,23.23
GFI,A,2026-07-20,TD22,2028-01-01,27.22
GFI,A,2026-07-20,TD19,2028-01-01,13.55
GFI,BITR,2026-07-21,TD3C,2026-07-01,386.11
GFI,BITR,2026-07-21,TD20,2026-07-01,226.11
GFI,BITR,2026-07-21,TD7,2026-07-01,226.67
GFI,BITR,2026-07-21,TD8,2026-07-01,305.83
GFI,BITR,2026-07-21,TD25,2026-07-01,368.89
GFI,BITR,2026-07-21,TD22,2026-07-01,16070556.0
GFI,BITR,2026-07-21,TD19,2026-07-01,375.83
GFI,MTD,2026-07-21,TD3C,2026-07-01,345.46
GFI,MTD,2026-07-21,TD20,2026-07-01,234.93
GFI,MTD,2026-07-21,TD7,2026-07-01,172.01
GFI,MTD,2026-07-21,TD8,2026-07-01,301.47
GFI,MTD,2026-07-21,TD25,2026-07-01,223.75
GFI,MTD,2026-07-21,TD22,2026-07-01,17312707.6
GFI,MTD,2026-07-21,TD19,2026-07-01,258.76
GFI,M,2026-07-21,TD3C,2026-07-01,375.0
GFI,M,2026-07-21,TD20,2026-07-01,13.4
GFI,M,2026-07-21,TD7,2026-07-01,185.0
GFI,M,2026-07-21,TD8,2026-07-01,295.0
GFI,M,2026-07-21,TD25,2026-07-01,123.86
GFI,M,2026-07-21,TD22,2026-07-01,17.3
GFI,M,2026-07-21,TD19,2026-07-01,290.0
GFI,M,2026-07-21,TD3C,2026-08-01,357.5
GFI,M,2026-07-21,TD20,2026-08-01,13.4
GFI,M,2026-07-21,TD7,2026-08-01,180.0
GFI,M,2026-07-21,TD8,2026-08-01,250.0
GFI,M,2026-07-21,TD25,2026-08-01,123.86
GFI,M,2026-07-21,TD22,2026-08-01,16.0
GFI,M,2026-07-21,TD19,2026-08-01,240.0
GFI,M,2026-07-21,TD3C,2026-09-01,320.0
GFI,M,2026-07-21,TD20,2026-09-01,
GFI,M,2026-07-21,TD7,2026-09-01,167.5
GFI,M,2026-07-21,TD8,2026-09-01,210.0
GFI,M,2026-07-21,TD25,2026-09-01,
GFI,M,2026-07-21,TD22,2026-09-01,14.35
GFI,M,2026-07-21,TD19,2026-09-01,190.0
GFI,M,2026-07-21,TD3C,2026-10-01,294.0
GFI,M,2026-07-21,TD20,2026-10-01,
GFI,M,2026-07-21,TD7,2026-10-01,155.0
GFI,M,2026-07-21,TD8,2026-10-01,190.0
GFI,M,2026-07-21,TD25,2026-10-01,
GFI,M,2026-07-21,TD22,2026-10-01,14.0
GFI,M,2026-07-21,TD19,2026-10-01,165.0
GFI,M,2026-07-21,TD3C,2026-11-01,273.0
GFI,M,2026-07-21,TD20,2026-11-01,
GFI,M,2026-07-21,TD7,2026-11-01,170.0
GFI,M,2026-07-21,TD8,2026-11-01,200.0
GFI,M,2026-07-21,TD25,2026-11-01,
GFI,M,2026-07-21,TD22,2026-11-01,14.5
GFI,M,2026-07-21,TD19,2026-11-01,153.0
GFI,Q,2026-07-21,TD3C,2026-07-01,350.83
GFI,Q,2026-07-21,TD20,2026-07-01,13.4
GFI,Q,2026-07-21,TD7,2026-07-01,177.5
GFI,Q,2026-07-21,TD8,2026-07-01,251.67
GFI,Q,2026-07-21,TD25,2026-07-01,123.86
GFI,Q,2026-07-21,TD22,2026-07-01,15.88
GFI,Q,2026-07-21,TD19,2026-07-01,240.0
GFI,Q,2026-07-21,TD3C,2026-10-01,275.0
GFI,Q,2026-07-21,TD20,2026-10-01,14.5
GFI,Q,2026-07-21,TD7,2026-10-01,170.0
GFI,Q,2026-07-21,TD8,2026-10-01,198.33
GFI,Q,2026-07-21,TD25,2026-10-01,137.37
GFI,Q,2026-07-21,TD22,2026-10-01,14.5
GFI,Q,2026-07-21,TD19,2026-10-01,156.0
GFI,Q,2026-07-21,TD3C,2027-01-01,34.5
GFI,Q,2026-07-21,TD20,2027-01-01,82.45
GFI,Q,2026-07-21,TD7,2027-01-01,14.0
GFI,Q,2026-07-21,TD8,2027-01-01,22.5
GFI,Q,2026-07-21,TD25,2027-01-01,48.91
GFI,Q,2026-07-21,TD22,2027-01-01,44.44
GFI,Q,2026-07-21,TD19,2027-01-01,14.75
GFI,A,2026-07-21,TD3C,2027-01-01,24.5
GFI,A,2026-07-21,TD20,2027-01-01,76.8
GFI,A,2026-07-21,TD7,2027-01-01,13.07
GFI,A,2026-07-21,TD8,2027-01-01,20.82
GFI,A,2026-07-21,TD25,2027-01-01,25.47
GFI,A,2026-07-21,TD22,2027-01-01,37.96
GFI,A,2026-07-21,TD19,2027-01-01,14.0
GFI,A,2026-07-21,TD3C,2028-01-01,16.25
GFI,A,2026-07-21,TD20,2028-01-01,66.61
GFI,A,2026-07-21,TD7,2028-01-01,12.7
GFI,A,2026-07-21,TD8,2028-01-01,20.25
GFI,A,2026-07-21,TD25,2028-01-01,23.23
GFI,A,2026-07-21,TD22,2028-01-01,27.22
GFI,A,2026-07-21,TD19,2028-01-01,13.55
GFI,BITR,2026-07-22,TD3C,2026-07-01,386.78
GFI,BITR,2026-07-22,TD20,2026-07-01,225.0
GFI,BITR,2026-07-22,TD7,2026-07-01,229.17
GFI,BITR,2026-07-22,TD8,2026-07-01,305.83
GFI,BITR,2026-07-22,TD25,2026-07-01,421.11
GFI,BITR,2026-07-22,TD22,2026-07-01,15922222.0
GFI,BITR,2026-07-22,TD19,2026-07-01,375.56
GFI,MTD,2026-07-22,TD3C,2026-07-01,348.05
GFI,MTD,2026-07-22,TD20,2026-07-01,234.31
GFI,MTD,2026-07-22,TD7,2026-07-01,175.58
GFI,MTD,2026-07-22,TD8,2026-07-01,301.74
GFI,MTD,2026-07-22,TD25,2026-07-01,236.91
GFI,MTD,2026-07-22,TD22,2026-07-01,17225802.25
GFI,MTD,2026-07-22,TD19,2026-07-01,266.06
GFI,M,2026-07-22,TD3C,2026-07-01,369.0
GFI,M,2026-07-22,TD20,2026-07-01,13.4
GFI,M,2026-07-22,TD7,2026-07-01,185.0
GFI,M,2026-07-22,TD8,2026-07-01,295.0
GFI,M,2026-07-22,TD25,2026-07-01,123.86
GFI,M,2026-07-22,TD22,2026-07-01,17.3
GFI,M,2026-07-22,TD19,2026-07-01,290.0
GFI,M,2026-07-22,TD3C,2026-08-01,352.5
GFI,M,2026-07-22,TD20,2026-08-01,13.4
GFI,M,2026-07-22,TD7,2026-08-01,200.0
GFI,M,2026-07-22,TD8,2026-08-01,250.0
GFI,M,2026-07-22,TD25,2026-08-01,123.86
GFI,M,2026-07-22,TD22,2026-08-01,16.0
GFI,M,2026-07-22,TD19,2026-08-01,240.0
GFI,M,2026-07-22,TD3C,2026-09-01,310.0
GFI,M,2026-07-22,TD20,2026-09-01,
GFI,M,2026-07-22,TD7,2026-09-01,167.5
GFI,M,2026-07-22,TD8,2026-09-01,210.0
GFI,M,2026-07-22,TD25,2026-09-01,
GFI,M,2026-07-22,TD22,2026-09-01,14.35
GFI,M,2026-07-22,TD19,2026-09-01,190.0
GFI,M,2026-07-22,TD3C,2026-10-01,290.0
GFI,M,2026-07-22,TD20,2026-10-01,
GFI,M,2026-07-22,TD7,2026-10-01,155.0
GFI,M,2026-07-22,TD8,2026-10-01,190.0
GFI,M,2026-07-22,TD25,2026-10-01,
GFI,M,2026-07-22,TD22,2026-10-01,14.0
GFI,M,2026-07-22,TD19,2026-10-01,165.0
GFI,M,2026-07-22,TD3C,2026-11-01,270.0
GFI,M,2026-07-22,TD20,2026-11-01,
GFI,M,2026-07-22,TD7,2026-11-01,170.0
GFI,M,2026-07-22,TD8,2026-11-01,200.0
GFI,M,2026-07-22,TD25,2026-11-01,
GFI,M,2026-07-22,TD22,2026-11-01,14.5
GFI,M,2026-07-22,TD19,2026-11-01,153.0
GFI,Q,2026-07-22,TD3C,2026-07-01,343.83
GFI,Q,2026-07-22,TD20,2026-07-01,13.4
GFI,Q,2026-07-22,TD7,2026-07-01,184.17
GFI,Q,2026-07-22,TD8,2026-07-01,251.67
GFI,Q,2026-07-22,TD25,2026-07-01,123.86
GFI,Q,2026-07-22,TD22,2026-07-01,15.88
GFI,Q,2026-07-22,TD19,2026-07-01,240.0
GFI,Q,2026-07-22,TD3C,2026-10-01,270.0
GFI,Q,2026-07-22,TD20,2026-10-01,14.5
GFI,Q,2026-07-22,TD7,2026-10-01,170.0
GFI,Q,2026-07-22,TD8,2026-10-01,198.33
GFI,Q,2026-07-22,TD25,2026-10-01,137.37
GFI,Q,2026-07-22,TD22,2026-10-01,14.5
GFI,Q,2026-07-22,TD19,2026-10-01,156.0
GFI,Q,2026-07-22,TD3C,2027-01-01,34.0
GFI,Q,2026-07-22,TD20,2027-01-01,82.45
GFI,Q,2026-07-22,TD7,2027-01-01,14.0
GFI,Q,2026-07-22,TD8,2027-01-01,22.5
GFI,Q,2026-07-22,TD25,2027-01-01,48.91
GFI,Q,2026-07-22,TD22,2027-01-01,44.44
GFI,Q,2026-07-22,TD19,2027-01-01,14.75
GFI,A,2026-07-22,TD3C,2027-01-01,24.45
GFI,A,2026-07-22,TD20,2027-01-01,76.8
GFI,A,2026-07-22,TD7,2027-01-01,13.07
GFI,A,2026-07-22,TD8,2027-01-01,20.82
GFI,A,2026-07-22,TD25,2027-01-01,25.47
GFI,A,2026-07-22,TD22,2027-01-01,37.96
GFI,A,2026-07-22,TD19,2027-01-01,14.0
GFI,A,2026-07-22,TD3C,2028-01-01,16.25
GFI,A,2026-07-22,TD20,2028-01-01,66.61
GFI,A,2026-07-22,TD7,2028-01-01,12.7
GFI,A,2026-07-22,TD8,2028-01-01,20.25
GFI,A,2026-07-22,TD25,2028-01-01,23.23
GFI,A,2026-07-22,TD22,2028-01-01,27.22
GFI,A,2026-07-22,TD19,2028-01-01,13.55
GFI,BITR,2026-07-23,TD3C,2026-07-01,386.78
GFI,BITR,2026-07-23,TD20,2026-07-01,228.33
GFI,BITR,2026-07-23,TD7,2026-07-01,234.17
GFI,BITR,2026-07-23,TD8,2026-07-01,305.83
GFI,BITR,2026-07-23,TD25,2026-07-01,442.78
GFI,BITR,2026-07-23,TD22,2026-07-01,16261111.0
GFI,BITR,2026-07-23,TD19,2026-07-01,395.33
GFI,MTD,2026-07-23,TD3C,2026-07-01,350.32
GFI,MTD,2026-07-23,TD20,2026-07-01,233.95
GFI,MTD,2026-07-23,TD7,2026-07-01,179.03
GFI,MTD,2026-07-23,TD8,2026-07-01,301.98
GFI,MTD,2026-07-23,TD25,2026-07-01,249.78
GFI,MTD,2026-07-23,TD22,2026-07-01,17169055.71
GFI,MTD,2026-07-23,TD19,2026-07-01,273.66
GFI,M,2026-07-23,TD3C,2026-07-01,374.0
GFI,M,2026-07-23,TD20,2026-07-01,13.4
GFI,M,2026-07-23,TD7,2026-07-01,187.5
GFI,M,2026-07-23,TD8,2026-07-01,299.0
GFI,M,2026-07-23,TD25,2026-07-01,123.86
GFI,M,2026-07-23,TD22,2026-07-01,17.1
GFI,M,2026-07-23,TD19,2026-07-01,300.0
GFI,M,2026-07-23,TD3C,2026-08-01,360.0
GFI,M,2026-07-23,TD20,2026-08-01,13.4
GFI,M,2026-07-23,TD7,2026-08-01,200.0
GFI,M,2026-07-23,TD8,2026-08-01,250.0
GFI,M,2026-07-23,TD25,2026-08-01,123.86
GFI,M,2026-07-23,TD22,2026-08-01,16.0
GFI,M,2026-07-23,TD19,2026-08-01,240.0
GFI,M,2026-07-23,TD3C,2026-09-01,325.0
GFI,M,2026-07-23,TD20,2026-09-01,
GFI,M,2026-07-23,TD7,2026-09-01,175.0
GFI,M,2026-07-23,TD8,2026-09-01,210.0
GFI,M,2026-07-23,TD25,2026-09-01,
GFI,M,2026-07-23,TD22,2026-09-01,14.35
GFI,M,2026-07-23,TD19,2026-09-01,190.0
GFI,M,2026-07-23,TD3C,2026-10-01,295.0
GFI,M,2026-07-23,TD20,2026-10-01,
GFI,M,2026-07-23,TD7,2026-10-01,162.5
GFI,M,2026-07-23,TD8,2026-10-01,190.0
GFI,M,2026-07-23,TD25,2026-10-01,
GFI,M,2026-07-23,TD22,2026-10-01,14.0
GFI,M,2026-07-23,TD19,2026-10-01,165.0
GFI,M,2026-07-23,TD3C,2026-11-01,275.0
GFI,M,2026-07-23,TD20,2026-11-01,
GFI,M,2026-07-23,TD7,2026-11-01,165.0
GFI,M,2026-07-23,TD8,2026-11-01,200.0
GFI,M,2026-07-23,TD25,2026-11-01,
GFI,M,2026-07-23,TD22,2026-11-01,14.5
GFI,M,2026-07-23,TD19,2026-11-01,153.0
GFI,Q,2026-07-23,TD3C,2026-07-01,353.0
GFI,Q,2026-07-23,TD20,2026-07-01,13.4
GFI,Q,2026-07-23,TD7,2026-07-01,187.5
GFI,Q,2026-07-23,TD8,2026-07-01,253.0
GFI,Q,2026-07-23,TD25,2026-07-01,123.86
GFI,Q,2026-07-23,TD22,2026-07-01,15.82
GFI,Q,2026-07-23,TD19,2026-07-01,243.33
GFI,Q,2026-07-23,TD3C,2026-10-01,275.0
GFI,Q,2026-07-23,TD20,2026-10-01,14.5
GFI,Q,2026-07-23,TD7,2026-10-01,165.0
GFI,Q,2026-07-23,TD8,2026-10-01,198.33
GFI,Q,2026-07-23,TD25,2026-10-01,137.37
GFI,Q,2026-07-23,TD22,2026-10-01,14.5
GFI,Q,2026-07-23,TD19,2026-10-01,156.0
GFI,Q,2026-07-23,TD3C,2027-01-01,34.15
GFI,Q,2026-07-23,TD20,2027-01-01,82.45
GFI,Q,2026-07-23,TD7,2027-01-01,14.6
GFI,Q,2026-07-23,TD8,2027-01-01,22.5
GFI,Q,2026-07-23,TD25,2027-01-01,48.91
GFI,Q,2026-07-23,TD22,2027-01-01,44.44
GFI,Q,2026-07-23,TD19,2027-01-01,14.75
GFI,A,2026-07-23,TD3C,2027-01-01,24.6
GFI,A,2026-07-23,TD20,2027-01-01,76.8
GFI,A,2026-07-23,TD7,2027-01-01,13.7
GFI,A,2026-07-23,TD8,2027-01-01,20.82
GFI,A,2026-07-23,TD25,2027-01-01,25.47
GFI,A,2026-07-23,TD22,2027-01-01,37.96
GFI,A,2026-07-23,TD19,2027-01-01,14.0
GFI,A,2026-07-23,TD3C,2028-01-01,16.25
GFI,A,2026-07-23,TD20,2028-01-01,66.61
GFI,A,2026-07-23,TD7,2028-01-01,12.7
GFI,A,2026-07-23,TD8,2028-01-01,20.25
GFI,A,2026-07-23,TD25,2028-01-01,23.23
GFI,A,2026-07-23,TD22,2028-01-01,27.22
GFI,A,2026-07-23,TD19,2028-01-01,13.55
GFI,BITR,2026-07-24,TD3C,2026-07-01,386.78
GFI,BITR,2026-07-24,TD20,2026-07-01,230.56
GFI,BITR,2026-07-24,TD7,2026-07-01,236.67
GFI,BITR,2026-07-24,TD8,2026-07-01,305.83
GFI,BITR,2026-07-24,TD25,2026-07-01,440.0
GFI,BITR,2026-07-24,TD22,2026-07-01,17027778.0
GFI,BITR,2026-07-24,TD19,2026-07-01,400.0
GFI,MTD,2026-07-24,TD3C,2026-07-01,352.35
GFI,MTD,2026-07-24,TD20,2026-07-01,233.76
GFI,MTD,2026-07-24,TD7,2026-07-01,182.23
GFI,MTD,2026-07-24,TD8,2026-07-01,302.2
GFI,MTD,2026-07-24,TD25,2026-07-01,260.97
GFI,MTD,2026-07-24,TD22,2026-07-01,17161206.94
GFI,MTD,2026-07-24,TD19,2026-07-01,280.68
GFI,M,2026-07-24,TD3C,2026-07-01,364.0
GFI,M,2026-07-24,TD20,2026-07-01,13.4
GFI,M,2026-07-24,TD7,2026-07-01,187.5
GFI,M,2026-07-24,TD8,2026-07-01,299.0
GFI,M,2026-07-24,TD25,2026-07-01,123.86
GFI,M,2026-07-24,TD22,2026-07-01,17.1
GFI,M,2026-07-24,TD19,2026-07-01,300.0
GFI,M,2026-07-24,TD3C,2026-08-01,345.0
GFI,M,2026-07-24,TD20,2026-08-01,13.4
GFI,M,2026-07-24,TD7,2026-08-01,200.0
GFI,M,2026-07-24,TD8,2026-08-01,250.0
GFI,M,2026-07-24,TD25,2026-08-01,123.86
GFI,M,2026-07-24,TD22,2026-08-01,16.0
GFI,M,2026-07-24,TD19,2026-08-01,240.0
GFI,M,2026-07-24,TD3C,2026-09-01,317.5
GFI,M,2026-07-24,TD20,2026-09-01,
GFI,M,2026-07-24,TD7,2026-09-01,175.0
GFI,M,2026-07-24,TD8,2026-09-01,210.0
GFI,M,2026-07-24,TD25,2026-09-01,
GFI,M,2026-07-24,TD22,2026-09-01,14.35
GFI,M,2026-07-24,TD19,2026-09-01,190.0
GFI,M,2026-07-24,TD3C,2026-10-01,289.0
GFI,M,2026-07-24,TD20,2026-10-01,
GFI,M,2026-07-24,TD7,2026-10-01,165.0
GFI,M,2026-07-24,TD8,2026-10-01,190.0
GFI,M,2026-07-24,TD25,2026-10-01,
GFI,M,2026-07-24,TD22,2026-10-01,14.0
GFI,M,2026-07-24,TD19,2026-10-01,165.0
GFI,M,2026-07-24,TD3C,2026-11-01,265.0
GFI,M,2026-07-24,TD20,2026-11-01,
GFI,M,2026-07-24,TD7,2026-11-01,161.5
GFI,M,2026-07-24,TD8,2026-11-01,200.0
GFI,M,2026-07-24,TD25,2026-11-01,
GFI,M,2026-07-24,TD22,2026-11-01,14.5
GFI,M,2026-07-24,TD19,2026-11-01,153.0
GFI,Q,2026-07-24,TD3C,2026-07-01,342.17
GFI,Q,2026-07-24,TD20,2026-07-01,13.4
GFI,Q,2026-07-24,TD7,2026-07-01,187.5
GFI,Q,2026-07-24,TD8,2026-07-01,253.0
GFI,Q,2026-07-24,TD25,2026-07-01,123.86
GFI,Q,2026-07-24,TD22,2026-07-01,15.82
GFI,Q,2026-07-24,TD19,2026-07-01,243.33
GFI,Q,2026-07-24,TD3C,2026-10-01,268.0
GFI,Q,2026-07-24,TD20,2026-10-01,14.5
GFI,Q,2026-07-24,TD7,2026-10-01,162.17
GFI,Q,2026-07-24,TD8,2026-10-01,198.33
GFI,Q,2026-07-24,TD25,2026-10-01,137.37
GFI,Q,2026-07-24,TD22,2026-10-01,14.5
GFI,Q,2026-07-24,TD19,2026-10-01,156.0
GFI,Q,2026-07-24,TD3C,2027-01-01,33.5
GFI,Q,2026-07-24,TD20,2027-01-01,82.45
GFI,Q,2026-07-24,TD7,2027-01-01,14.6
GFI,Q,2026-07-24,TD8,2027-01-01,22.5
GFI,Q,2026-07-24,TD25,2027-01-01,48.91
GFI,Q,2026-07-24,TD22,2027-01-01,44.44
GFI,Q,2026-07-24,TD19,2027-01-01,14.75
GFI,A,2026-07-24,TD3C,2027-01-01,24.2
GFI,A,2026-07-24,TD20,2027-01-01,76.8
GFI,A,2026-07-24,TD7,2027-01-01,13.7
GFI,A,2026-07-24,TD8,2027-01-01,20.82
GFI,A,2026-07-24,TD25,2027-01-01,25.47
GFI,A,2026-07-24,TD22,2027-01-01,37.96
GFI,A,2026-07-24,TD19,2027-01-01,14.0
GFI,A,2026-07-24,TD3C,2028-01-01,16.25
GFI,A,2026-07-24,TD20,2028-01-01,66.61
GFI,A,2026-07-24,TD7,2028-01-01,12.7
GFI,A,2026-07-24,TD8,2028-01-01,20.25
GFI,A,2026-07-24,TD25,2028-01-01,23.23
GFI,A,2026-07-24,TD22,2028-01-01,27.22
GFI,A,2026-07-24,TD19,2028-01-01,13.55
GFI,BITR,2026-07-27,TD3C,2026-07-01,393.22
GFI,BITR,2026-07-27,TD20,2026-07-01,234.17
GFI,BITR,2026-07-27,TD7,2026-07-01,236.25
GFI,BITR,2026-07-27,TD8,2026-07-01,305.0
GFI,BITR,2026-07-27,TD25,2026-07-01,433.61
GFI,BITR,2026-07-27,TD22,2026-07-01,17994444.0
GFI,BITR,2026-07-27,TD19,2026-07-01,397.78
GFI,MTD,2026-07-27,TD3C,2026-07-01,354.5
GFI,MTD,2026-07-27,TD20,2026-07-01,233.79
GFI,MTD,2026-07-27,TD7,2026-07-01,185.08
GFI,MTD,2026-07-27,TD8,2026-07-01,302.34
GFI,MTD,2026-07-27,TD25,2026-07-01,270.56
GFI,MTD,2026-07-27,TD22,2026-07-01,17205061.53
GFI,MTD,2026-07-27,TD19,2026-07-01,286.84
GFI,M,2026-07-27,TD3C,2026-07-01,363.5
GFI,M,2026-07-27,TD20,2026-07-01,13.4
GFI,M,2026-07-27,TD7,2026-07-01,190.0
GFI,M,2026-07-27,TD8,2026-07-01,299.0
GFI,M,2026-07-27,TD25,2026-07-01,123.86
GFI,M,2026-07-27,TD22,2026-07-01,17.3
GFI,M,2026-07-27,TD19,2026-07-01,300.0
GFI,M,2026-07-27,TD3C,2026-08-01,350.0
GFI,M,2026-07-27,TD20,2026-08-01,13.4
GFI,M,2026-07-27,TD7,2026-08-01,200.0
GFI,M,2026-07-27,TD8,2026-08-01,250.0
GFI,M,2026-07-27,TD25,2026-08-01,123.86
GFI,M,2026-07-27,TD22,2026-08-01,16.5
GFI,M,2026-07-27,TD19,2026-08-01,240.0
GFI,M,2026-07-27,TD3C,2026-09-01,315.0
GFI,M,2026-07-27,TD20,2026-09-01,
GFI,M,2026-07-27,TD7,2026-09-01,175.0
GFI,M,2026-07-27,TD8,2026-09-01,210.0
GFI,M,2026-07-27,TD25,2026-09-01,
GFI,M,2026-07-27,TD22,2026-09-01,15.0
GFI,M,2026-07-27,TD19,2026-09-01,190.0
GFI,M,2026-07-27,TD3C,2026-10-01,275.0
GFI,M,2026-07-27,TD20,2026-10-01,
GFI,M,2026-07-27,TD7,2026-10-01,165.0
GFI,M,2026-07-27,TD8,2026-10-01,190.0
GFI,M,2026-07-27,TD25,2026-10-01,
GFI,M,2026-07-27,TD22,2026-10-01,14.75
GFI,M,2026-07-27,TD19,2026-10-01,165.0
GFI,M,2026-07-27,TD3C,2026-11-01,262.5
GFI,M,2026-07-27,TD20,2026-11-01,
GFI,M,2026-07-27,TD7,2026-11-01,161.5
GFI,M,2026-07-27,TD8,2026-11-01,200.0
GFI,M,2026-07-27,TD25,2026-11-01,
GFI,M,2026-07-27,TD22,2026-11-01,14.65
GFI,M,2026-07-27,TD19,2026-11-01,153.0
GFI,Q,2026-07-27,TD3C,2026-07-01,342.83
GFI,Q,2026-07-27,TD20,2026-07-01,13.4
GFI,Q,2026-07-27,TD7,2026-07-01,188.33
GFI,Q,2026-07-27,TD8,2026-07-01,253.0
GFI,Q,2026-07-27,TD25,2026-07-01,123.86
GFI,Q,2026-07-27,TD22,2026-07-01,16.27
GFI,Q,2026-07-27,TD19,2026-07-01,243.33
GFI,Q,2026-07-27,TD3C,2026-10-01,262.5
GFI,Q,2026-07-27,TD20,2026-10-01,14.5
GFI,Q,2026-07-27,TD7,2026-10-01,162.17
GFI,Q,2026-07-27,TD8,2026-10-01,198.33
GFI,Q,2026-07-27,TD25,2026-10-01,137.37
GFI,Q,2026-07-27,TD22,2026-10-01,14.65
GFI,Q,2026-07-27,TD19,2026-10-01,156.0
GFI,Q,2026-07-27,TD3C,2027-01-01,33.5
GFI,Q,2026-07-27,TD20,2027-01-01,82.45
GFI,Q,2026-07-27,TD7,2027-01-01,14.6
GFI,Q,2026-07-27,TD8,2027-01-01,22.5
GFI,Q,2026-07-27,TD25,2027-01-01,48.91
GFI,Q,2026-07-27,TD22,2027-01-01,44.44
GFI,Q,2026-07-27,TD19,2027-01-01,14.75
GFI,A,2026-07-27,TD3C,2027-01-01,24.2
GFI,A,2026-07-27,TD20,2027-01-01,76.8
GFI,A,2026-07-27,TD7,2027-01-01,13.7
GFI,A,2026-07-27,TD8,2027-01-01,20.82
GFI,A,2026-07-27,TD25,2027-01-01,25.47
GFI,A,2026-07-27,TD22,2027-01-01,37.96
GFI,A,2026-07-27,TD19,2027-01-01,14.0
GFI,A,2026-07-27,TD3C,2028-01-01,16.25
GFI,A,2026-07-27,TD20,2028-01-01,66.61
GFI,A,2026-07-27,TD7,2028-01-01,12.7
GFI,A,2026-07-27,TD8,2028-01-01,20.25
GFI,A,2026-07-27,TD25,2028-01-01,23.23
GFI,A,2026-07-27,TD22,2028-01-01,27.22
GFI,A,2026-07-27,TD19,2028-01-01,13.55
GFI,BITR,2026-07-28,TD3C,2026-07-01,403.11
GFI,BITR,2026-07-28,TD20,2026-07-01,233.06
GFI,BITR,2026-07-28,TD7,2026-07-01,233.75
GFI,BITR,2026-07-28,TD8,2026-07-01,305.0
GFI,BITR,2026-07-28,TD25,2026-07-01,416.11
GFI,BITR,2026-07-28,TD22,2026-07-01,19327778.0
GFI,BITR,2026-07-28,TD19,2026-07-01,391.44
GFI,MTD,2026-07-28,TD3C,2026-07-01,356.93
GFI,MTD,2026-07-28,TD20,2026-07-01,233.75
GFI,MTD,2026-07-28,TD7,2026-07-01,187.51
GFI,MTD,2026-07-28,TD8,2026-07-01,302.48
GFI,MTD,2026-07-28,TD25,2026-07-01,278.22
GFI,MTD,2026-07-28,TD22,2026-07-01,17311197.35
GFI,MTD,2026-07-28,TD19,2026-07-01,292.07
GFI,M,2026-07-28,TD3C,2026-07-01,363.5
GFI,M,2026-07-28,TD20,2026-07-01,13.4
GFI,M,2026-07-28,TD7,2026-07-01,192.0
GFI,M,2026-07-28,TD8,2026-07-01,302.0
GFI,M,2026-07-28,TD25,2026-07-01,123.86
GFI,M,2026-07-28,TD22,2026-07-01,17.6
GFI,M,2026-07-28,TD19,2026-07-01,303.0
GFI,M,2026-07-28,TD3C,2026-08-01,355.0
GFI,M,2026-07-28,TD20,2026-08-01,13.4
GFI,M,2026-07-28,TD7,2026-08-01,185.0
GFI,M,2026-07-28,TD8,2026-08-01,250.0
GFI,M,2026-07-28,TD25,2026-08-01,123.86
GFI,M,2026-07-28,TD22,2026-08-01,18.0
GFI,M,2026-07-28,TD19,2026-08-01,270.0
GFI,M,2026-07-28,TD3C,2026-09-01,315.0
GFI,M,2026-07-28,TD20,2026-09-01,
GFI,M,2026-07-28,TD7,2026-09-01,165.0
GFI,M,2026-07-28,TD8,2026-09-01,210.0
GFI,M,2026-07-28,TD25,2026-09-01,
GFI,M,2026-07-28,TD22,2026-09-01,17.0
GFI,M,2026-07-28,TD19,2026-09-01,210.0
GFI,M,2026-07-28,TD3C,2026-10-01,270.0
GFI,M,2026-07-28,TD20,2026-10-01,
GFI,M,2026-07-28,TD7,2026-10-01,162.0
GFI,M,2026-07-28,TD8,2026-10-01,190.0
GFI,M,2026-07-28,TD25,2026-10-01,
GFI,M,2026-07-28,TD22,2026-10-01,16.75
GFI,M,2026-07-28,TD19,2026-10-01,165.0
GFI,M,2026-07-28,TD3C,2026-11-01,260.0
GFI,M,2026-07-28,TD20,2026-11-01,
GFI,M,2026-07-28,TD7,2026-11-01,159.0
GFI,M,2026-07-28,TD8,2026-11-01,200.0
GFI,M,2026-07-28,TD25,2026-11-01,
GFI,M,2026-07-28,TD22,2026-11-01,16.5
GFI,M,2026-07-28,TD19,2026-11-01,153.0
GFI,Q,2026-07-28,TD3C,2026-07-01,344.5
GFI,Q,2026-07-28,TD20,2026-07-01,13.4
GFI,Q,2026-07-28,TD7,2026-07-01,180.67
GFI,Q,2026-07-28,TD8,2026-07-01,254.0
GFI,Q,2026-07-28,TD25,2026-07-01,123.86
GFI,Q,2026-07-28,TD22,2026-07-01,17.53
GFI,Q,2026-07-28,TD19,2026-07-01,261.0
GFI,Q,2026-07-28,TD3C,2026-10-01,260.0
GFI,Q,2026-07-28,TD20,2026-10-01,14.5
GFI,Q,2026-07-28,TD7,2026-10-01,159.0
GFI,Q,2026-07-28,TD8,2026-10-01,198.33
GFI,Q,2026-07-28,TD25,2026-10-01,137.37
GFI,Q,2026-07-28,TD22,2026-10-01,16.5
GFI,Q,2026-07-28,TD19,2026-10-01,156.0
GFI,Q,2026-07-28,TD3C,2027-01-01,33.5
GFI,Q,2026-07-28,TD20,2027-01-01,82.45
GFI,Q,2026-07-28,TD7,2027-01-01,14.6
GFI,Q,2026-07-28,TD8,2027-01-01,22.5
GFI,Q,2026-07-28,TD25,2027-01-01,48.91
GFI,Q,2026-07-28,TD22,2027-01-01,51.85
GFI,Q,2026-07-28,TD19,2027-01-01,14.75
GFI,A,2026-07-28,TD3C,2027-01-01,24.2
GFI,A,2026-07-28,TD20,2027-01-01,76.8
GFI,A,2026-07-28,TD7,2027-01-01,13.7
GFI,A,2026-07-28,TD8,2027-01-01,20.82
GFI,A,2026-07-28,TD25,2027-01-01,25.47
GFI,A,2026-07-28,TD22,2027-01-01,43.98
GFI,A,2026-07-28,TD19,2027-01-01,14.0
GFI,A,2026-07-28,TD3C,2028-01-01,16.25
GFI,A,2026-07-28,TD20,2028-01-01,66.61
GFI,A,2026-07-28,TD7,2028-01-01,12.7
GFI,A,2026-07-28,TD8,2028-01-01,20.25
GFI,A,2026-07-28,TD25,2028-01-01,23.23
GFI,A,2026-07-28,TD22,2028-01-01,30.37
GFI,A,2026-07-28,TD19,2028-01-01,13.55
GFI,BITR,2026-07-29,TD3C,2026-07-01,404.22
GFI,BITR,2026-07-29,TD20,2026-07-01,230.28
GFI,BITR,2026-07-29,TD7,2026-07-01,223.75
GFI,BITR,2026-07-29,TD8,2026-07-01,305.0
GFI,BITR,2026-07-29,TD25,2026-07-01,403.89
GFI,BITR,2026-07-29,TD22,2026-07-01,19966667.0
GFI,BITR,2026-07-29,TD19,2026-07-01,380.0
GFI,MTD,2026-07-29,TD3C,2026-07-01,359.18
GFI,MTD,2026-07-29,TD20,2026-07-01,233.58
GFI,MTD,2026-07-29,TD7,2026-07-01,189.24
GFI,MTD,2026-07-29,TD8,2026-07-01,302.6
GFI,MTD,2026-07-29,TD25,2026-07-01,284.5
GFI,MTD,2026-07-29,TD22,2026-07-01,17437648.29
GFI,MTD,2026-07-29,TD19,2026-07-01,296.26
GFI,M,2026-07-29,TD3C,2026-07-01,366.0
GFI,M,2026-07-29,TD20,2026-07-01,13.4
GFI,M,2026-07-29,TD7,2026-07-01,192.0
GFI,M,2026-07-29,TD8,2026-07-01,302.0
GFI,M,2026-07-29,TD25,2026-07-01,123.86
GFI,M,2026-07-29,TD22,2026-07-01,17.66
GFI,M,2026-07-29,TD19,2026-07-01,303.0
GFI,M,2026-07-29,TD3C,2026-08-01,390.0
GFI,M,2026-07-29,TD20,2026-08-01,13.4
GFI,M,2026-07-29,TD7,2026-08-01,185.0
GFI,M,2026-07-29,TD8,2026-08-01,250.0
GFI,M,2026-07-29,TD25,2026-08-01,123.86
GFI,M,2026-07-29,TD22,2026-08-01,18.0
GFI,M,2026-07-29,TD19,2026-08-01,270.0
GFI,M,2026-07-29,TD3C,2026-09-01,345.0
GFI,M,2026-07-29,TD20,2026-09-01,
GFI,M,2026-07-29,TD7,2026-09-01,165.0
GFI,M,2026-07-29,TD8,2026-09-01,210.0
GFI,M,2026-07-29,TD25,2026-09-01,
GFI,M,2026-07-29,TD22,2026-09-01,16.75
GFI,M,2026-07-29,TD19,2026-09-01,210.0
GFI,M,2026-07-29,TD3C,2026-10-01,290.0
GFI,M,2026-07-29,TD20,2026-10-01,
GFI,M,2026-07-29,TD7,2026-10-01,162.0
GFI,M,2026-07-29,TD8,2026-10-01,190.0
GFI,M,2026-07-29,TD25,2026-10-01,
GFI,M,2026-07-29,TD22,2026-10-01,16.75
GFI,M,2026-07-29,TD19,2026-10-01,165.0
GFI,M,2026-07-29,TD3C,2026-11-01,273.0
GFI,M,2026-07-29,TD20,2026-11-01,
GFI,M,2026-07-29,TD7,2026-11-01,159.0
GFI,M,2026-07-29,TD8,2026-11-01,200.0
GFI,M,2026-07-29,TD25,2026-11-01,
GFI,M,2026-07-29,TD22,2026-11-01,16.5
GFI,M,2026-07-29,TD19,2026-11-01,153.0
GFI,Q,2026-07-29,TD3C,2026-07-01,367.0
GFI,Q,2026-07-29,TD20,2026-07-01,13.4
GFI,Q,2026-07-29,TD7,2026-07-01,180.67
GFI,Q,2026-07-29,TD8,2026-07-01,254.0
GFI,Q,2026-07-29,TD25,2026-07-01,123.86
GFI,Q,2026-07-29,TD22,2026-07-01,17.47
GFI,Q,2026-07-29,TD19,2026-07-01,261.0
GFI,Q,2026-07-29,TD3C,2026-10-01,275.0
GFI,Q,2026-07-29,TD20,2026-10-01,14.5
GFI,Q,2026-07-29,TD7,2026-10-01,159.0
GFI,Q,2026-07-29,TD8,2026-10-01,198.33
GFI,Q,2026-07-29,TD25,2026-10-01,137.37
GFI,Q,2026-07-29,TD22,2026-10-01,16.5
GFI,Q,2026-07-29,TD19,2026-10-01,156.0
GFI,Q,2026-07-29,TD3C,2027-01-01,34.5
GFI,Q,2026-07-29,TD20,2027-01-01,82.45
GFI,Q,2026-07-29,TD7,2027-01-01,14.6
GFI,Q,2026-07-29,TD8,2027-01-01,22.5
GFI,Q,2026-07-29,TD25,2027-01-01,48.91
GFI,Q,2026-07-29,TD22,2027-01-01,51.85
GFI,Q,2026-07-29,TD19,2027-01-01,14.75
GFI,A,2026-07-29,TD3C,2027-01-01,24.5
GFI,A,2026-07-29,TD20,2027-01-01,76.8
GFI,A,2026-07-29,TD7,2027-01-01,13.7
GFI,A,2026-07-29,TD8,2027-01-01,20.82
GFI,A,2026-07-29,TD25,2027-01-01,25.47
GFI,A,2026-07-29,TD22,2027-01-01,43.98
GFI,A,2026-07-29,TD19,2027-01-01,14.0
GFI,A,2026-07-29,TD3C,2028-01-01,16.25
GFI,A,2026-07-29,TD20,2028-01-01,66.61
GFI,A,2026-07-29,TD7,2028-01-01,12.7
GFI,A,2026-07-29,TD8,2028-01-01,20.25
GFI,A,2026-07-29,TD25,2028-01-01,23.23
GFI,A,2026-07-29,TD22,2028-01-01,30.37
GFI,A,2026-07-29,TD19,2028-01-01,13.55
GFI,BITR,2026-07-30,TD3C,2026-07-01,424.33
GFI,BITR,2026-07-30,TD20,2026-07-01,222.42
GFI,BITR,2026-07-30,TD7,2026-07-01,218.96
GFI,BITR,2026-07-30,TD8,2026-07-01,305.0
GFI,BITR,2026-07-30,TD25,2026-07-01,375.11
GFI,BITR,2026-07-30,TD22,2026-07-01,19894444.0
GFI,BITR,2026-07-30,TD19,2026-07-01,320.56
GFI,MTD,2026-07-30,TD3C,2026-07-01,362.14
GFI,MTD,2026-07-30,TD20,2026-07-01,233.08
GFI,MTD,2026-07-30,TD7,2026-07-01,190.59
GFI,MTD,2026-07-30,TD8,2026-07-01,302.71
GFI,MTD,2026-07-30,TD25,2026-07-01,288.82
GFI,MTD,2026-07-30,TD22,2026-07-01,17549320.82
GFI,MTD,2026-07-30,TD19,2026-07-01,297.37
GFI,M,2026-07-30,TD3C,2026-07-01,365.0
GFI,M,2026-07-30,TD20,2026-07-01,13.4
GFI,M,2026-07-30,TD7,2026-07-01,191.5
GFI,M,2026-07-30,TD8,2026-07-01,302.75
GFI,M,2026-07-30,TD25,2026-07-01,123.86
GFI,M,2026-07-30,TD22,2026-07-01,17.65
GFI,M,2026-07-30,TD19,2026-07-01,298.0
GFI,M,2026-07-30,TD3C,2026-08-01,405.0
GFI,M,2026-07-30,TD20,2026-08-01,13.4
GFI,M,2026-07-30,TD7,2026-08-01,192.0
GFI,M,2026-07-30,TD8,2026-08-01,250.0
GFI,M,2026-07-30,TD25,2026-08-01,123.86
GFI,M,2026-07-30,TD22,2026-08-01,18.0
GFI,M,2026-07-30,TD19,2026-08-01,270.0
GFI,M,2026-07-30,TD3C,2026-09-01,355.0
GFI,M,2026-07-30,TD20,2026-09-01,
GFI,M,2026-07-30,TD7,2026-09-01,170.0
GFI,M,2026-07-30,TD8,2026-09-01,210.0
GFI,M,2026-07-30,TD25,2026-09-01,
GFI,M,2026-07-30,TD22,2026-09-01,16.75
GFI,M,2026-07-30,TD19,2026-09-01,210.0
GFI,M,2026-07-30,TD3C,2026-10-01,296.0
GFI,M,2026-07-30,TD20,2026-10-01,
GFI,M,2026-07-30,TD7,2026-10-01,165.0
GFI,M,2026-07-30,TD8,2026-10-01,190.0
GFI,M,2026-07-30,TD25,2026-10-01,
GFI,M,2026-07-30,TD22,2026-10-01,16.75
GFI,M,2026-07-30,TD19,2026-10-01,165.0
GFI,M,2026-07-30,TD3C,2026-11-01,274.0
GFI,M,2026-07-30,TD20,2026-11-01,
GFI,M,2026-07-30,TD7,2026-11-01,162.0
GFI,M,2026-07-30,TD8,2026-11-01,200.0
GFI,M,2026-07-30,TD25,2026-11-01,
GFI,M,2026-07-30,TD22,2026-11-01,16.5
GFI,M,2026-07-30,TD19,2026-11-01,153.0
GFI,Q,2026-07-30,TD3C,2026-07-01,375.0
GFI,Q,2026-07-30,TD20,2026-07-01,13.4
GFI,Q,2026-07-30,TD7,2026-07-01,184.5
GFI,Q,2026-07-30,TD8,2026-07-01,254.25
GFI,Q,2026-07-30,TD25,2026-07-01,123.86
GFI,Q,2026-07-30,TD22,2026-07-01,17.47
GFI,Q,2026-07-30,TD19,2026-07-01,259.33
GFI,Q,2026-07-30,TD3C,2026-10-01,278.0
GFI,Q,2026-07-30,TD20,2026-10-01,14.5
GFI,Q,2026-07-30,TD7,2026-10-01,162.0
GFI,Q,2026-07-30,TD8,2026-10-01,198.33
GFI,Q,2026-07-30,TD25,2026-10-01,137.37
GFI,Q,2026-07-30,TD22,2026-10-01,16.5
GFI,Q,2026-07-30,TD19,2026-10-01,156.0
GFI,Q,2026-07-30,TD3C,2027-01-01,34.75
GFI,Q,2026-07-30,TD20,2027-01-01,82.45
GFI,Q,2026-07-30,TD7,2027-01-01,14.6
GFI,Q,2026-07-30,TD8,2027-01-01,22.5
GFI,Q,2026-07-30,TD25,2027-01-01,48.91
GFI,Q,2026-07-30,TD22,2027-01-01,51.85
GFI,Q,2026-07-30,TD19,2027-01-01,14.75
GFI,A,2026-07-30,TD3C,2027-01-01,24.88
GFI,A,2026-07-30,TD20,2027-01-01,76.8
GFI,A,2026-07-30,TD7,2027-01-01,13.7
GFI,A,2026-07-30,TD8,2027-01-01,20.82
GFI,A,2026-07-30,TD25,2027-01-01,25.47
GFI,A,2026-07-30,TD22,2027-01-01,43.98
GFI,A,2026-07-30,TD19,2027-01-01,14.0
GFI,A,2026-07-30,TD3C,2028-01-01,16.25
GFI,A,2026-07-30,TD20,2028-01-01,66.61
GFI,A,2026-07-30,TD7,2028-01-01,12.7
GFI,A,2026-07-30,TD8,2028-01-01,20.25
GFI,A,2026-07-30,TD25,2028-01-01,23.23
GFI,A,2026-07-30,TD22,2028-01-01,30.37
GFI,A,2026-07-30,TD19,2028-01-01,13.55
GFI,BITR,2026-07-31,TD3C,2026-07-01,428.89
GFI,BITR,2026-07-31,TD20,2026-07-01,219.22
GFI,BITR,2026-07-31,TD7,2026-07-01,215.0
GFI,BITR,2026-07-31,TD8,2026-07-01,304.17
GFI,BITR,2026-07-31,TD25,2026-07-01,380.28
GFI,BITR,2026-07-31,TD22,2026-07-01,19644444.0
GFI,BITR,2026-07-31,TD19,2026-07-01,301.56
GFI,MTD,2026-07-31,TD3C,2026-07-01,362.14
GFI,MTD,2026-07-31,TD20,2026-07-01,233.08
GFI,MTD,2026-07-31,TD7,2026-07-01,190.59
GFI,MTD,2026-07-31,TD8,2026-07-01,302.71
GFI,MTD,2026-07-31,TD25,2026-07-01,288.82
GFI,MTD,2026-07-31,TD22,2026-07-01,17549320.82
GFI,MTD,2026-07-31,TD19,2026-07-01,297.37
GFI,M,2026-07-31,TD3C,2026-07-01,365.0
GFI,M,2026-07-31,TD20,2026-07-01,13.4
GFI,M,2026-07-31,TD7,2026-07-01,191.5
GFI,M,2026-07-31,TD8,2026-07-01,302.75
GFI,M,2026-07-31,TD25,2026-07-01,123.86
GFI,M,2026-07-31,TD22,2026-07-01,17.65
GFI,M,2026-07-31,TD19,2026-07-01,298.0
GFI,M,2026-07-31,TD3C,2026-08-01,405.0
GFI,M,2026-07-31,TD20,2026-08-01,13.4
GFI,M,2026-07-31,TD7,2026-08-01,192.0
GFI,M,2026-07-31,TD8,2026-08-01,250.0
GFI,M,2026-07-31,TD25,2026-08-01,123.86
GFI,M,2026-07-31,TD22,2026-08-01,18.0
GFI,M,2026-07-31,TD19,2026-08-01,270.0
GFI,M,2026-07-31,TD3C,2026-09-01,360.0
GFI,M,2026-07-31,TD20,2026-09-01,
GFI,M,2026-07-31,TD7,2026-09-01,170.0
GFI,M,2026-07-31,TD8,2026-09-01,210.0
GFI,M,2026-07-31,TD25,2026-09-01,
GFI,M,2026-07-31,TD22,2026-09-01,16.75
GFI,M,2026-07-31,TD19,2026-09-01,210.0
GFI,M,2026-07-31,TD3C,2026-10-01,297.5
GFI,M,2026-07-31,TD20,2026-10-01,
GFI,M,2026-07-31,TD7,2026-10-01,165.0
GFI,M,2026-07-31,TD8,2026-10-01,190.0
GFI,M,2026-07-31,TD25,2026-10-01,
GFI,M,2026-07-31,TD22,2026-10-01,16.75
GFI,M,2026-07-31,TD19,2026-10-01,165.0
GFI,M,2026-07-31,TD3C,2026-11-01,272.5
GFI,M,2026-07-31,TD20,2026-11-01,
GFI,M,2026-07-31,TD7,2026-11-01,162.0
GFI,M,2026-07-31,TD8,2026-11-01,200.0
GFI,M,2026-07-31,TD25,2026-11-01,
GFI,M,2026-07-31,TD22,2026-11-01,16.5
GFI,M,2026-07-31,TD19,2026-11-01,153.0
GFI,Q,2026-07-31,TD3C,2026-07-01,376.67
GFI,Q,2026-07-31,TD20,2026-07-01,13.4
GFI,Q,2026-07-31,TD7,2026-07-01,184.5
GFI,Q,2026-07-31,TD8,2026-07-01,254.25
GFI,Q,2026-07-31,TD25,2026-07-01,123.86
GFI,Q,2026-07-31,TD22,2026-07-01,17.47
GFI,Q,2026-07-31,TD19,2026-07-01,259.33
GFI,Q,2026-07-31,TD3C,2026-10-01,277.5
GFI,Q,2026-07-31,TD20,2026-10-01,14.5
GFI,Q,2026-07-31,TD7,2026-10-01,162.0
GFI,Q,2026-07-31,TD8,2026-10-01,198.33
GFI,Q,2026-07-31,TD25,2026-10-01,137.37
GFI,Q,2026-07-31,TD22,2026-10-01,16.5
GFI,Q,2026-07-31,TD19,2026-10-01,156.0
GFI,Q,2026-07-31,TD3C,2027-01-01,35.0
GFI,Q,2026-07-31,TD20,2027-01-01,82.45
GFI,Q,2026-07-31,TD7,2027-01-01,14.6
GFI,Q,2026-07-31,TD8,2027-01-01,22.5
GFI,Q,2026-07-31,TD25,2027-01-01,48.91
GFI,Q,2026-07-31,TD22,2027-01-01,51.85
GFI,Q,2026-07-31,TD19,2027-01-01,14.75
GFI,A,2026-07-31,TD3C,2027-01-01,25.0
GFI,A,2026-07-31,TD20,2027-01-01,76.8
GFI,A,2026-07-31,TD7,2027-01-01,13.7
GFI,A,2026-07-31,TD8,2027-01-01,20.82
GFI,A,2026-07-31,TD25,2027-01-01,25.47
GFI,A,2026-07-31,TD22,2027-01-01,43.98
GFI,A,2026-07-31,TD19,2027-01-01,14.0
GFI,A,2026-07-31,TD3C,2028-01-01,16.25
GFI,A,2026-07-31,TD20,2028-01-01,66.61
GFI,A,2026-07-31,TD7,2028-01-01,12.7
GFI,A,2026-07-31,TD8,2028-01-01,20.25
GFI,A,2026-07-31,TD25,2028-01-01,23.23
GFI,A,2026-07-31,TD22,2028-01-01,30.37
GFI,A,2026-07-31,TD19,2028-01-01,13.55
GFI,BITR,2026-08-03,TD3C,2026-08-01,429.44
GFI,BITR,2026-08-03,TD20,2026-08-01,207.5
GFI,BITR,2026-08-03,TD7,2026-08-01,213.33
GFI,BITR,2026-08-03,TD8,2026-08-01,310.67
GFI,BITR,2026-08-03,TD25,2026-08-01,380.56
GFI,BITR,2026-08-03,TD22,2026-08-01,19444444.0
GFI,BITR,2026-08-03,TD19,2026-08-01,243.06
GFI,MTD,2026-08-03,TD3C,2026-08-01,429.44
GFI,MTD,2026-08-03,TD20,2026-08-01,207.5
GFI,MTD,2026-08-03,TD7,2026-08-01,213.33
GFI,MTD,2026-08-03,TD8,2026-08-01,310.67
GFI,MTD,2026-08-03,TD25,2026-08-01,380.56
GFI,MTD,2026-08-03,TD22,2026-08-01,19444444.0
GFI,MTD,2026-08-03,TD19,2026-08-01,243.06
GFI,M,2026-08-03,TD3C,2026-08-01,405.0
GFI,M,2026-08-03,TD20,2026-08-01,13.4
GFI,M,2026-08-03,TD7,2026-08-01,192.0
GFI,M,2026-08-03,TD8,2026-08-01,250.0
GFI,M,2026-08-03,TD25,2026-08-01,123.86
GFI,M,2026-08-03,TD22,2026-08-01,18.0
GFI,M,2026-08-03,TD19,2026-08-01,240.0
GFI,M,2026-08-03,TD3C,2026-09-01,350.0
GFI,M,2026-08-03,TD20,2026-09-01,
GFI,M,2026-08-03,TD7,2026-09-01,170.0
GFI,M,2026-08-03,TD8,2026-09-01,210.0
GFI,M,2026-08-03,TD25,2026-09-01,
GFI,M,2026-08-03,TD22,2026-09-01,16.75
GFI,M,2026-08-03,TD19,2026-09-01,200.0
GFI,M,2026-08-03,TD3C,2026-10-01,295.0
GFI,M,2026-08-03,TD20,2026-10-01,
GFI,M,2026-08-03,TD7,2026-10-01,165.0
GFI,M,2026-08-03,TD8,2026-10-01,190.0
GFI,M,2026-08-03,TD25,2026-10-01,
GFI,M,2026-08-03,TD22,2026-10-01,16.75
GFI,M,2026-08-03,TD19,2026-10-01,165.0
GFI,M,2026-08-03,TD3C,2026-11-01,270.0
GFI,M,2026-08-03,TD20,2026-11-01,
GFI,M,2026-08-03,TD7,2026-11-01,162.0
GFI,M,2026-08-03,TD8,2026-11-01,200.0
GFI,M,2026-08-03,TD25,2026-11-01,
GFI,M,2026-08-03,TD22,2026-11-01,16.5
GFI,M,2026-08-03,TD19,2026-11-01,153.0
GFI,M,2026-08-03,TD3C,2026-12-01,260.0
GFI,M,2026-08-03,TD20,2026-12-01,
GFI,M,2026-08-03,TD7,2026-12-01,159.0
GFI,M,2026-08-03,TD8,2026-12-01,205.0
GFI,M,2026-08-03,TD25,2026-12-01,
GFI,M,2026-08-03,TD22,2026-12-01,16.25
GFI,M,2026-08-03,TD19,2026-12-01,150.0
GFI,Q,2026-08-03,TD3C,2026-10-01,275.0
GFI,Q,2026-08-03,TD20,2026-10-01,14.5
GFI,Q,2026-08-03,TD7,2026-10-01,162.0
GFI,Q,2026-08-03,TD8,2026-10-01,198.33
GFI,Q,2026-08-03,TD25,2026-10-01,137.37
GFI,Q,2026-08-03,TD22,2026-10-01,16.5
GFI,Q,2026-08-03,TD19,2026-10-01,156.0
GFI,Q,2026-08-03,TD3C,2027-01-01,173.18
GFI,Q,2026-08-03,TD20,2027-01-01,82.45
GFI,Q,2026-08-03,TD7,2027-01-01,144.13
GFI,Q,2026-08-03,TD8,2027-01-01,160.83
GFI,Q,2026-08-03,TD25,2027-01-01,238.23
GFI,Q,2026-08-03,TD22,2027-01-01,14.0
GFI,Q,2026-08-03,TD19,2027-01-01,122.51
GFI,Q,2026-08-03,TD3C,2027-04-01,26.0
GFI,Q,2026-08-03,TD20,2027-04-01,78.68
GFI,Q,2026-08-03,TD7,2027-04-01,13.4
GFI,Q,2026-08-03,TD8,2027-04-01,20.5
GFI,Q,2026-08-03,TD25,2027-04-01,27.61
GFI,Q,2026-08-03,TD22,2027-04-01,42.59
GFI,Q,2026-08-03,TD19,2027-04-01,13.25
GFI,A,2026-08-03,TD3C,2027-01-01,25.0
GFI,A,2026-08-03,TD20,2027-01-01,76.8
GFI,A,2026-08-03,TD7,2027-01-01,13.7
GFI,A,2026-08-03,TD8,2027-01-01,20.82
GFI,A,2026-08-03,TD25,2027-01-01,25.47
GFI,A,2026-08-03,TD22,2027-01-01,43.98
GFI,A,2026-08-03,TD19,2027-01-01,14.0
GFI,A,2026-08-03,TD3C,2028-01-01,16.25
GFI,A,2026-08-03,TD20,2028-01-01,66.61
GFI,A,2026-08-03,TD7,2028-01-01,12.7
GFI,A,2026-08-03,TD8,2028-01-01,20.25
GFI,A,2026-08-03,TD25,2028-01-01,23.23
GFI,A,2026-08-03,TD22,2028-01-01,30.37
GFI,A,2026-08-03,TD19,2028-01-01,13.55
GFI,BITR,2026-08-04,TD3C,2026-08-01,429.44
GFI,BITR,2026-08-04,TD20,2026-08-01,176.94
GFI,BITR,2026-08-04,TD7,2026-08-01,212.08
GFI,BITR,2026-08-04,TD8,2026-08-01,315.42
GFI,BITR,2026-08-04,TD25,2026-08-01,369.44
GFI,BITR,2026-08-04,TD22,2026-08-01,19166667.0
GFI,BITR,2026-08-04,TD19,2026-08-01,244.33
GFI,MTD,2026-08-04,TD3C,2026-08-01,429.44
GFI,MTD,2026-08-04,TD20,2026-08-01,192.22
GFI,MTD,2026-08-04,TD7,2026-08-01,212.71
GFI,MTD,2026-08-04,TD8,2026-08-01,313.05
GFI,MTD,2026-08-04,TD25,2026-08-01,375.0
GFI,MTD,2026-08-04,TD22,2026-08-01,19305555.5
GFI,MTD,2026-08-04,TD19,2026-08-01,243.69
GFI,M,2026-08-04,TD3C,2026-08-01,395.0
GFI,M,2026-08-04,TD20,2026-08-01,13.4
GFI,M,2026-08-04,TD7,2026-08-01,192.0
GFI,M,2026-08-04,TD8,2026-08-01,285.0
GFI,M,2026-08-04,TD25,2026-08-01,123.86
GFI,M,2026-08-04,TD22,2026-08-01,18.0
GFI,M,2026-08-04,TD19,2026-08-01,240.0
GFI,M,2026-08-04,TD3C,2026-09-01,347.5
GFI,M,2026-08-04,TD20,2026-09-01,
GFI,M,2026-08-04,TD7,2026-09-01,170.0
GFI,M,2026-08-04,TD8,2026-09-01,235.0
GFI,M,2026-08-04,TD25,2026-09-01,
GFI,M,2026-08-04,TD22,2026-09-01,16.75
GFI,M,2026-08-04,TD19,2026-09-01,200.0
GFI,M,2026-08-04,TD3C,2026-10-01,297.0
GFI,M,2026-08-04,TD20,2026-10-01,
GFI,M,2026-08-04,TD7,2026-10-01,165.0
GFI,M,2026-08-04,TD8,2026-10-01,205.0
GFI,M,2026-08-04,TD25,2026-10-01,
GFI,M,2026-08-04,TD22,2026-10-01,16.75
GFI,M,2026-08-04,TD19,2026-10-01,165.0
GFI,M,2026-08-04,TD3C,2026-11-01,269.0
GFI,M,2026-08-04,TD20,2026-11-01,
GFI,M,2026-08-04,TD7,2026-11-01,162.0
GFI,M,2026-08-04,TD8,2026-11-01,200.0
GFI,M,2026-08-04,TD25,2026-11-01,
GFI,M,2026-08-04,TD22,2026-11-01,16.5
GFI,M,2026-08-04,TD19,2026-11-01,153.0
GFI,M,2026-08-04,TD3C,2026-12-01,259.0
GFI,M,2026-08-04,TD20,2026-12-01,
GFI,M,2026-08-04,TD7,2026-12-01,159.0
GFI,M,2026-08-04,TD8,2026-12-01,195.0
GFI,M,2026-08-04,TD25,2026-12-01,
GFI,M,2026-08-04,TD22,2026-12-01,16.25
GFI,M,2026-08-04,TD19,2026-12-01,150.0
GFI,Q,2026-08-04,TD3C,2026-10-01,275.0
GFI,Q,2026-08-04,TD20,2026-10-01,14.5
GFI,Q,2026-08-04,TD7,2026-10-01,162.0
GFI,Q,2026-08-04,TD8,2026-10-01,200.0
GFI,Q,2026-08-04,TD25,2026-10-01,137.37
GFI,Q,2026-08-04,TD22,2026-10-01,16.5
GFI,Q,2026-08-04,TD19,2026-10-01,156.0
GFI,Q,2026-08-04,TD3C,2027-01-01,176.89
GFI,Q,2026-08-04,TD20,2027-01-01,82.45
GFI,Q,2026-08-04,TD7,2027-01-01,144.13
GFI,Q,2026-08-04,TD8,2027-01-01,160.83
GFI,Q,2026-08-04,TD25,2027-01-01,238.23
GFI,Q,2026-08-04,TD22,2027-01-01,14.0
GFI,Q,2026-08-04,TD19,2027-01-01,122.51
GFI,Q,2026-08-04,TD3C,2027-04-01,26.75
GFI,Q,2026-08-04,TD20,2027-04-01,78.68
GFI,Q,2026-08-04,TD7,2027-04-01,13.4
GFI,Q,2026-08-04,TD8,2027-04-01,20.5
GFI,Q,2026-08-04,TD25,2027-04-01,27.61
GFI,Q,2026-08-04,TD22,2027-04-01,42.59
GFI,Q,2026-08-04,TD19,2027-04-01,13.25
GFI,A,2026-08-04,TD3C,2027-01-01,25.5
GFI,A,2026-08-04,TD20,2027-01-01,76.8
GFI,A,2026-08-04,TD7,2027-01-01,13.7
GFI,A,2026-08-04,TD8,2027-01-01,20.82
GFI,A,2026-08-04,TD25,2027-01-01,25.47
GFI,A,2026-08-04,TD22,2027-01-01,43.98
GFI,A,2026-08-04,TD19,2027-01-01,14.0
GFI,A,2026-08-04,TD3C,2028-01-01,16.25
GFI,A,2026-08-04,TD20,2028-01-01,66.61
GFI,A,2026-08-04,TD7,2028-01-01,12.7
GFI,A,2026-08-04,TD8,2028-01-01,20.25
GFI,A,2026-08-04,TD25,2028-01-01,23.23
GFI,A,2026-08-04,TD22,2028-01-01,30.37
GFI,A,2026-08-04,TD19,2028-01-01,13.55
GFI,BITR,2026-08-05,TD3C,2026-08-01,432.22
GFI,BITR,2026-08-05,TD20,2026-08-01,172.5
GFI,BITR,2026-08-05,TD7,2026-08-01,212.5
GFI,BITR,2026-08-05,TD8,2026-08-01,318.0
GFI,BITR,2026-08-05,TD25,2026-08-01,341.67
GFI,BITR,2026-08-05,TD22,2026-08-01,18938889.0
GFI,BITR,2026-08-05,TD19,2026-08-01,243.72
GFI,MTD,2026-08-05,TD3C,2026-08-01,430.37
GFI,MTD,2026-08-05,TD20,2026-08-01,185.65
GFI,MTD,2026-08-05,TD7,2026-08-01,212.64
GFI,MTD,2026-08-05,TD8,2026-08-01,314.7
GFI,MTD,2026-08-05,TD25,2026-08-01,363.89
GFI,MTD,2026-08-05,TD22,2026-08-01,19183333.33
GFI,MTD,2026-08-05,TD19,2026-08-01,243.7
GFI,M,2026-08-05,TD3C,2026-08-01,395.0
GFI,M,2026-08-05,TD20,2026-08-01,13.4
GFI,M,2026-08-05,TD7,2026-08-01,192.0
GFI,M,2026-08-05,TD8,2026-08-01,295.0
GFI,M,2026-08-05,TD25,2026-08-01,123.86
GFI,M,2026-08-05,TD22,2026-08-01,20.0
GFI,M,2026-08-05,TD19,2026-08-01,240.0
GFI,M,2026-08-05,TD3C,2026-09-01,342.5
GFI,M,2026-08-05,TD20,2026-09-01,
GFI,M,2026-08-05,TD7,2026-09-01,170.0
GFI,M,2026-08-05,TD8,2026-09-01,235.0
GFI,M,2026-08-05,TD25,2026-09-01,
GFI,M,2026-08-05,TD22,2026-09-01,18.75
GFI,M,2026-08-05,TD19,2026-09-01,200.0
GFI,M,2026-08-05,TD3C,2026-10-01,280.0
GFI,M,2026-08-05,TD20,2026-10-01,
GFI,M,2026-08-05,TD7,2026-10-01,165.0
GFI,M,2026-08-05,TD8,2026-10-01,205.0
GFI,M,2026-08-05,TD25,2026-10-01,
GFI,M,2026-08-05,TD22,2026-10-01,18.5
GFI,M,2026-08-05,TD19,2026-10-01,165.0
GFI,M,2026-08-05,TD3C,2026-11-01,271.0
GFI,M,2026-08-05,TD20,2026-11-01,
GFI,M,2026-08-05,TD7,2026-11-01,162.0
GFI,M,2026-08-05,TD8,2026-11-01,200.0
GFI,M,2026-08-05,TD25,2026-11-01,
GFI,M,2026-08-05,TD22,2026-11-01,18.0
GFI,M,2026-08-05,TD19,2026-11-01,153.0
GFI,M,2026-08-05,TD3C,2026-12-01,259.0
GFI,M,2026-08-05,TD20,2026-12-01,
GFI,M,2026-08-05,TD7,2026-12-01,159.0
GFI,M,2026-08-05,TD8,2026-12-01,195.0
GFI,M,2026-08-05,TD25,2026-12-01,
GFI,M,2026-08-05,TD22,2026-12-01,17.5
GFI,M,2026-08-05,TD19,2026-12-01,150.0
GFI,Q,2026-08-05,TD3C,2026-10-01,270.0
GFI,Q,2026-08-05,TD20,2026-10-01,14.5
GFI,Q,2026-08-05,TD7,2026-10-01,162.0
GFI,Q,2026-08-05,TD8,2026-10-01,200.0
GFI,Q,2026-08-05,TD25,2026-10-01,137.37
GFI,Q,2026-08-05,TD22,2026-10-01,18.0
GFI,Q,2026-08-05,TD19,2026-10-01,156.0
GFI,Q,2026-08-05,TD3C,2027-01-01,176.15
GFI,Q,2026-08-05,TD20,2027-01-01,82.45
GFI,Q,2026-08-05,TD7,2027-01-01,144.13
GFI,Q,2026-08-05,TD8,2027-01-01,160.83
GFI,Q,2026-08-05,TD25,2027-01-01,238.23
GFI,Q,2026-08-05,TD22,2027-01-01,16.0
GFI,Q,2026-08-05,TD19,2027-01-01,122.51
GFI,Q,2026-08-05,TD3C,2027-04-01,26.7
GFI,Q,2026-08-05,TD20,2027-04-01,78.68
GFI,Q,2026-08-05,TD7,2027-04-01,13.4
GFI,Q,2026-08-05,TD8,2027-04-01,20.5
GFI,Q,2026-08-05,TD25,2027-04-01,27.61
GFI,Q,2026-08-05,TD22,2027-04-01,50.0
GFI,Q,2026-08-05,TD19,2027-04-01,13.25
GFI,A,2026-08-05,TD3C,2027-01-01,25.4
GFI,A,2026-08-05,TD20,2027-01-01,76.8
GFI,A,2026-08-05,TD7,2027-01-01,13.7
GFI,A,2026-08-05,TD8,2027-01-01,20.82
GFI,A,2026-08-05,TD25,2027-01-01,25.47
GFI,A,2026-08-05,TD22,2027-01-01,51.39
GFI,A,2026-08-05,TD19,2027-01-01,14.0
GFI,A,2026-08-05,TD3C,2028-01-01,16.25
GFI,A,2026-08-05,TD20,2028-01-01,66.61
GFI,A,2026-08-05,TD7,2028-01-01,12.7
GFI,A,2026-08-05,TD8,2028-01-01,20.25
GFI,A,2026-08-05,TD25,2028-01-01,23.23
GFI,A,2026-08-05,TD22,2028-01-01,35.19
GFI,A,2026-08-05,TD19,2028-01-01,13.55
GFI,BITR,2026-08-06,TD3C,2026-08-01,475.56
GFI,BITR,2026-08-06,TD20,2026-08-01,172.22
GFI,BITR,2026-08-06,TD7,2026-08-01,212.92
GFI,BITR,2026-08-06,TD8,2026-08-01,319.58
GFI,BITR,2026-08-06,TD25,2026-08-01,306.67
GFI,BITR,2026-08-06,TD22,2026-08-01,18766667.0
GFI,BITR,2026-08-06,TD19,2026-08-01,241.89
GFI,MTD,2026-08-06,TD3C,2026-08-01,441.67
GFI,MTD,2026-08-06,TD20,2026-08-01,182.29
GFI,MTD,2026-08-06,TD7,2026-08-01,212.71
GFI,MTD,2026-08-06,TD8,2026-08-01,315.92
GFI,MTD,2026-08-06,TD25,2026-08-01,349.58
GFI,MTD,2026-08-06,TD22,2026-08-01,19079166.75
GFI,MTD,2026-08-06,TD19,2026-08-01,243.25
GFI,M,2026-08-06,TD3C,2026-08-01,430.0
GFI,M,2026-08-06,TD20,2026-08-01,13.4
GFI,M,2026-08-06,TD7,2026-08-01,200.0
GFI,M,2026-08-06,TD8,2026-08-01,415.0
GFI,M,2026-08-06,TD25,2026-08-01,123.86
GFI,M,2026-08-06,TD22,2026-08-01,20.0
GFI,M,2026-08-06,TD19,2026-08-01,240.0
GFI,M,2026-08-06,TD3C,2026-09-01,370.0
GFI,M,2026-08-06,TD20,2026-09-01,
GFI,M,2026-08-06,TD7,2026-09-01,175.0
GFI,M,2026-08-06,TD8,2026-09-01,350.0
GFI,M,2026-08-06,TD25,2026-09-01,
GFI,M,2026-08-06,TD22,2026-09-01,18.75
GFI,M,2026-08-06,TD19,2026-09-01,200.0
GFI,M,2026-08-06,TD3C,2026-10-01,293.0
GFI,M,2026-08-06,TD20,2026-10-01,
GFI,M,2026-08-06,TD7,2026-10-01,165.0
GFI,M,2026-08-06,TD8,2026-10-01,280.0
GFI,M,2026-08-06,TD25,2026-10-01,
GFI,M,2026-08-06,TD22,2026-10-01,18.5
GFI,M,2026-08-06,TD19,2026-10-01,165.0
GFI,M,2026-08-06,TD3C,2026-11-01,280.0
GFI,M,2026-08-06,TD20,2026-11-01,
GFI,M,2026-08-06,TD7,2026-11-01,162.0
GFI,M,2026-08-06,TD8,2026-11-01,260.0
GFI,M,2026-08-06,TD25,2026-11-01,
GFI,M,2026-08-06,TD22,2026-11-01,18.0
GFI,M,2026-08-06,TD19,2026-11-01,153.0
GFI,M,2026-08-06,TD3C,2026-12-01,267.0
GFI,M,2026-08-06,TD20,2026-12-01,
GFI,M,2026-08-06,TD7,2026-12-01,159.0
GFI,M,2026-08-06,TD8,2026-12-01,240.0
GFI,M,2026-08-06,TD25,2026-12-01,
GFI,M,2026-08-06,TD22,2026-12-01,17.5
GFI,M,2026-08-06,TD19,2026-12-01,150.0
GFI,Q,2026-08-06,TD3C,2026-10-01,280.0
GFI,Q,2026-08-06,TD20,2026-10-01,14.5
GFI,Q,2026-08-06,TD7,2026-10-01,162.0
GFI,Q,2026-08-06,TD8,2026-10-01,260.0
GFI,Q,2026-08-06,TD25,2026-10-01,137.37
GFI,Q,2026-08-06,TD22,2026-10-01,18.0
GFI,Q,2026-08-06,TD19,2026-10-01,156.0
GFI,Q,2026-08-06,TD3C,2027-01-01,179.61
GFI,Q,2026-08-06,TD20,2027-01-01,82.45
GFI,Q,2026-08-06,TD7,2027-01-01,144.13
GFI,Q,2026-08-06,TD8,2027-01-01,160.83
GFI,Q,2026-08-06,TD25,2027-01-01,238.23
GFI,Q,2026-08-06,TD22,2027-01-01,16.0
GFI,Q,2026-08-06,TD19,2027-01-01,122.51
GFI,Q,2026-08-06,TD3C,2027-04-01,27.5
GFI,Q,2026-08-06,TD20,2027-04-01,78.68
GFI,Q,2026-08-06,TD7,2027-04-01,13.4
GFI,Q,2026-08-06,TD8,2027-04-01,20.5
GFI,Q,2026-08-06,TD25,2027-04-01,27.61
GFI,Q,2026-08-06,TD22,2027-04-01,50.0
GFI,Q,2026-08-06,TD19,2027-04-01,13.25
GFI,A,2026-08-06,TD3C,2027-01-01,25.95
GFI,A,2026-08-06,TD20,2027-01-01,76.8
GFI,A,2026-08-06,TD7,2027-01-01,13.7
GFI,A,2026-08-06,TD8,2027-01-01,20.82
GFI,A,2026-08-06,TD25,2027-01-01,25.47
GFI,A,2026-08-06,TD22,2027-01-01,51.39
GFI,A,2026-08-06,TD19,2027-01-01,14.0
GFI,A,2026-08-06,TD3C,2028-01-01,16.35
GFI,A,2026-08-06,TD20,2028-01-01,66.61
GFI,A,2026-08-06,TD7,2028-01-01,12.7
GFI,A,2026-08-06,TD8,2028-01-01,20.25
GFI,A,2026-08-06,TD25,2028-01-01,23.23
GFI,A,2026-08-06,TD22,2028-01-01,35.19
GFI,A,2026-08-06,TD19,2028-01-01,13.55
GFI,BITR,2026-08-07,TD3C,2026-08-01,490.0
GFI,BITR,2026-08-07,TD20,2026-08-01,177.5
GFI,BITR,2026-08-07,TD7,2026-08-01,212.92
GFI,BITR,2026-08-07,TD8,2026-08-01,325.0
GFI,BITR,2026-08-07,TD25,2026-08-01,312.22
GFI,BITR,2026-08-07,TD22,2026-08-01,18688889.0
GFI,BITR,2026-08-07,TD19,2026-08-01,240.56
GFI,MTD,2026-08-07,TD3C,2026-08-01,451.33
GFI,MTD,2026-08-07,TD20,2026-08-01,181.33
GFI,MTD,2026-08-07,TD7,2026-08-01,212.75
GFI,MTD,2026-08-07,TD8,2026-08-01,329.88
GFI,MTD,2026-08-07,TD25,2026-08-01,342.11
GFI,MTD,2026-08-07,TD22,2026-08-01,19001111.2
GFI,MTD,2026-08-07,TD19,2026-08-01,242.71
GFI,M,2026-08-07,TD3C,2026-08-01,460.0
GFI,M,2026-08-07,TD20,2026-08-01,13.4
GFI,M,2026-08-07,TD7,2026-08-01,210.0
GFI,M,2026-08-07,TD8,2026-08-01,415.0
GFI,M,2026-08-07,TD25,2026-08-01,123.86
GFI,M,2026-08-07,TD22,2026-08-01,20.0
GFI,M,2026-08-07,TD19,2026-08-01,240.0
GFI,M,2026-08-07,TD3C,2026-09-01,390.0
GFI,M,2026-08-07,TD20,2026-09-01,
GFI,M,2026-08-07,TD7,2026-09-01,200.0
GFI,M,2026-08-07,TD8,2026-09-01,350.0
GFI,M,2026-08-07,TD25,2026-09-01,
GFI,M,2026-08-07,TD22,2026-09-01,18.75
GFI,M,2026-08-07,TD19,2026-09-01,200.0
GFI,M,2026-08-07,TD3C,2026-10-01,304.0
GFI,M,2026-08-07,TD20,2026-10-01,
GFI,M,2026-08-07,TD7,2026-10-01,195.0
GFI,M,2026-08-07,TD8,2026-10-01,280.0
GFI,M,2026-08-07,TD25,2026-10-01,
GFI,M,2026-08-07,TD22,2026-10-01,18.5
GFI,M,2026-08-07,TD19,2026-10-01,165.0
GFI,M,2026-08-07,TD3C,2026-11-01,291.0
GFI,M,2026-08-07,TD20,2026-11-01,
GFI,M,2026-08-07,TD7,2026-11-01,185.0
GFI,M,2026-08-07,TD8,2026-11-01,260.0
GFI,M,2026-08-07,TD25,2026-11-01,
GFI,M,2026-08-07,TD22,2026-11-01,18.0
GFI,M,2026-08-07,TD19,2026-11-01,153.0
GFI,M,2026-08-07,TD3C,2026-12-01,278.0
GFI,M,2026-08-07,TD20,2026-12-01,
GFI,M,2026-08-07,TD7,2026-12-01,175.0
GFI,M,2026-08-07,TD8,2026-12-01,240.0
GFI,M,2026-08-07,TD25,2026-12-01,
GFI,M,2026-08-07,TD22,2026-12-01,17.5
GFI,M,2026-08-07,TD19,2026-12-01,150.0
GFI,Q,2026-08-07,TD3C,2026-10-01,291.0
GFI,Q,2026-08-07,TD20,2026-10-01,14.5
GFI,Q,2026-08-07,TD7,2026-10-01,185.0
GFI,Q,2026-08-07,TD8,2026-10-01,260.0
GFI,Q,2026-08-07,TD25,2026-10-01,137.37
GFI,Q,2026-08-07,TD22,2026-10-01,18.0
GFI,Q,2026-08-07,TD19,2026-10-01,156.0
GFI,Q,2026-08-07,TD3C,2027-01-01,184.31
GFI,Q,2026-08-07,TD20,2027-01-01,82.45
GFI,Q,2026-08-07,TD7,2027-01-01,144.13
GFI,Q,2026-08-07,TD8,2027-01-01,160.83
GFI,Q,2026-08-07,TD25,2027-01-01,238.23
GFI,Q,2026-08-07,TD22,2027-01-01,16.0
GFI,Q,2026-08-07,TD19,2027-01-01,122.51
GFI,Q,2026-08-07,TD3C,2027-04-01,28.15
GFI,Q,2026-08-07,TD20,2027-04-01,78.68
GFI,Q,2026-08-07,TD7,2027-04-01,13.4
GFI,Q,2026-08-07,TD8,2027-04-01,20.5
GFI,Q,2026-08-07,TD25,2027-04-01,27.61
GFI,Q,2026-08-07,TD22,2027-04-01,50.0
GFI,Q,2026-08-07,TD19,2027-04-01,13.25
GFI,A,2026-08-07,TD3C,2027-01-01,26.85
GFI,A,2026-08-07,TD20,2027-01-01,76.8
GFI,A,2026-08-07,TD7,2027-01-01,13.7
GFI,A,2026-08-07,TD8,2027-01-01,20.82
GFI,A,2026-08-07,TD25,2027-01-01,25.47
GFI,A,2026-08-07,TD22,2027-01-01,51.39
GFI,A,2026-08-07,TD19,2027-01-01,14.0
GFI,A,2026-08-07,TD3C,2028-01-01,16.85
GFI,A,2026-08-07,TD20,2028-01-01,66.61
GFI,A,2026-08-07,TD7,2028-01-01,12.7
GFI,A,2026-08-07,TD8,2028-01-01,20.25
GFI,A,2026-08-07,TD25,2028-01-01,23.23
GFI,A,2026-08-07,TD22,2028-01-01,35.19
GFI,A,2026-08-07,TD19,2028-01-01,13.55
GFI,BITR,2026-08-10,TD3C,2026-08-01,487.78
GFI,BITR,2026-08-10,TD20,2026-08-01,183.06
GFI,BITR,2026-08-10,TD7,2026-08-01,207.92
GFI,BITR,2026-08-10,TD8,2026-08-01,0.0
GFI,BITR,2026-08-10,TD25,2026-08-01,321.67
GFI,BITR,2026-08-10,TD22,2026-08-01,18636111.0
GFI,BITR,2026-08-10,TD19,2026-08-01,213.06
GFI,MTD,2026-08-10,TD3C,2026-08-01,457.41
GFI,MTD,2026-08-10,TD20,2026-08-01,181.62
GFI,MTD,2026-08-10,TD7,2026-08-01,211.94
GFI,MTD,2026-08-10,TD8,2026-08-01,329.88
GFI,MTD,2026-08-10,TD25,2026-08-01,338.7
GFI,MTD,2026-08-10,TD22,2026-08-01,18940277.83
GFI,MTD,2026-08-10,TD19,2026-08-01,237.77
GFI,M,2026-08-10,TD3C,2026-08-01,465.0
GFI,M,2026-08-10,TD20,2026-08-01,13.4
GFI,M,2026-08-10,TD7,2026-08-01,210.0
GFI,M,2026-08-10,TD8,2026-08-01,415.0
GFI,M,2026-08-10,TD25,2026-08-01,123.86
GFI,M,2026-08-10,TD22,2026-08-01,20.0
GFI,M,2026-08-10,TD19,2026-08-01,240.0
GFI,M,2026-08-10,TD3C,2026-09-01,410.0
GFI,M,2026-08-10,TD20,2026-09-01,
GFI,M,2026-08-10,TD7,2026-09-01,200.0
GFI,M,2026-08-10,TD8,2026-09-01,350.0
GFI,M,2026-08-10,TD25,2026-09-01,
GFI,M,2026-08-10,TD22,2026-09-01,18.75
GFI,M,2026-08-10,TD19,2026-09-01,200.0
GFI,M,2026-08-10,TD3C,2026-10-01,340.0
GFI,M,2026-08-10,TD20,2026-10-01,
GFI,M,2026-08-10,TD7,2026-10-01,195.0
GFI,M,2026-08-10,TD8,2026-10-01,280.0
GFI,M,2026-08-10,TD25,2026-10-01,
GFI,M,2026-08-10,TD22,2026-10-01,18.5
GFI,M,2026-08-10,TD19,2026-10-01,165.0
GFI,M,2026-08-10,TD3C,2026-11-01,325.0
GFI,M,2026-08-10,TD20,2026-11-01,
GFI,M,2026-08-10,TD7,2026-11-01,185.0
GFI,M,2026-08-10,TD8,2026-11-01,260.0
GFI,M,2026-08-10,TD25,2026-11-01,
GFI,M,2026-08-10,TD22,2026-11-01,18.0
GFI,M,2026-08-10,TD19,2026-11-01,153.0
GFI,M,2026-08-10,TD3C,2026-12-01,302.5
GFI,M,2026-08-10,TD20,2026-12-01,
GFI,M,2026-08-10,TD7,2026-12-01,175.0
GFI,M,2026-08-10,TD8,2026-12-01,240.0
GFI,M,2026-08-10,TD25,2026-12-01,
GFI,M,2026-08-10,TD22,2026-12-01,17.5
GFI,M,2026-08-10,TD19,2026-12-01,150.0
GFI,Q,2026-08-10,TD3C,2026-10-01,322.5
GFI,Q,2026-08-10,TD20,2026-10-01,14.5
GFI,Q,2026-08-10,TD7,2026-10-01,185.0
GFI,Q,2026-08-10,TD8,2026-10-01,260.0
GFI,Q,2026-08-10,TD25,2026-10-01,137.37
GFI,Q,2026-08-10,TD22,2026-10-01,18.0
GFI,Q,2026-08-10,TD19,2026-10-01,156.0
GFI,Q,2026-08-10,TD3C,2027-01-01,190.99
GFI,Q,2026-08-10,TD20,2027-01-01,82.45
GFI,Q,2026-08-10,TD7,2027-01-01,144.13
GFI,Q,2026-08-10,TD8,2027-01-01,160.83
GFI,Q,2026-08-10,TD25,2027-01-01,238.23
GFI,Q,2026-08-10,TD22,2027-01-01,16.0
GFI,Q,2026-08-10,TD19,2027-01-01,122.51
GFI,Q,2026-08-10,TD3C,2027-04-01,29.3
GFI,Q,2026-08-10,TD20,2027-04-01,78.68
GFI,Q,2026-08-10,TD7,2027-04-01,13.4
GFI,Q,2026-08-10,TD8,2027-04-01,20.5
GFI,Q,2026-08-10,TD25,2027-04-01,27.61
GFI,Q,2026-08-10,TD22,2027-04-01,50.0
GFI,Q,2026-08-10,TD19,2027-04-01,13.25
GFI,A,2026-08-10,TD3C,2027-01-01,27.85
GFI,A,2026-08-10,TD20,2027-01-01,76.8
GFI,A,2026-08-10,TD7,2027-01-01,13.7
GFI,A,2026-08-10,TD8,2027-01-01,20.82
GFI,A,2026-08-10,TD25,2027-01-01,25.47
GFI,A,2026-08-10,TD22,2027-01-01,51.39
GFI,A,2026-08-10,TD19,2027-01-01,14.0
GFI,A,2026-08-10,TD3C,2028-01-01,17.35
GFI,A,2026-08-10,TD20,2028-01-01,66.61
GFI,A,2026-08-10,TD7,2028-01-01,12.7
GFI,A,2026-08-10,TD8,2028-01-01,20.25
GFI,A,2026-08-10,TD25,2028-01-01,23.23
GFI,A,2026-08-10,TD22,2028-01-01,35.19
GFI,A,2026-08-10,TD19,2028-01-01,13.55
GFI,BITR,2026-08-11,TD3C,2026-08-01,481.67
GFI,BITR,2026-08-11,TD20,2026-08-01,195.28
GFI,BITR,2026-08-11,TD7,2026-08-01,203.33
GFI,BITR,2026-08-11,TD8,2026-08-01,327.92
GFI,BITR,2026-08-11,TD25,2026-08-01,323.61
GFI,BITR,2026-08-11,TD22,2026-08-01,18622222.0
GFI,BITR,2026-08-11,TD19,2026-08-01,208.06
GFI,MTD,2026-08-11,TD3C,2026-08-01,460.87
GFI,MTD,2026-08-11,TD20,2026-08-01,183.57
GFI,MTD,2026-08-11,TD7,2026-08-01,210.71
GFI,MTD,2026-08-11,TD8,2026-08-01,329.55
GFI,MTD,2026-08-11,TD25,2026-08-01,336.55
GFI,MTD,2026-08-11,TD22,2026-08-01,18894841.29
GFI,MTD,2026-08-11,TD19,2026-08-01,233.53
GFI,M,2026-08-11,TD3C,2026-08-01,470.0
GFI,M,2026-08-11,TD20,2026-08-01,13.4
GFI,M,2026-08-11,TD7,2026-08-01,210.0
GFI,M,2026-08-11,TD8,2026-08-01,415.0
GFI,M,2026-08-11,TD25,2026-08-01,123.86
GFI,M,2026-08-11,TD22,2026-08-01,20.0
GFI,M,2026-08-11,TD19,2026-08-01,240.0
GFI,M,2026-08-11,TD3C,2026-09-01,460.0
GFI,M,2026-08-11,TD20,2026-09-01,
GFI,M,2026-08-11,TD7,2026-09-01,200.0
GFI,M,2026-08-11,TD8,2026-09-01,350.0
GFI,M,2026-08-11,TD25,2026-09-01,
GFI,M,2026-08-11,TD22,2026-09-01,19.5
GFI,M,2026-08-11,TD19,2026-09-01,200.0
GFI,M,2026-08-11,TD3C,2026-10-01,417.5
GFI,M,2026-08-11,TD20,2026-10-01,
GFI,M,2026-08-11,TD7,2026-10-01,195.0
GFI,M,2026-08-11,TD8,2026-10-01,280.0
GFI,M,2026-08-11,TD25,2026-10-01,
GFI,M,2026-08-11,TD22,2026-10-01,19.5
GFI,M,2026-08-11,TD19,2026-10-01,165.0
GFI,M,2026-08-11,TD3C,2026-11-01,392.5
GFI,M,2026-08-11,TD20,2026-11-01,
GFI,M,2026-08-11,TD7,2026-11-01,185.0
GFI,M,2026-08-11,TD8,2026-11-01,260.0
GFI,M,2026-08-11,TD25,2026-11-01,
GFI,M,2026-08-11,TD22,2026-11-01,19.0
GFI,M,2026-08-11,TD19,2026-11-01,153.0
GFI,M,2026-08-11,TD3C,2026-12-01,345.0
GFI,M,2026-08-11,TD20,2026-12-01,
GFI,M,2026-08-11,TD7,2026-12-01,175.0
GFI,M,2026-08-11,TD8,2026-12-01,240.0
GFI,M,2026-08-11,TD25,2026-12-01,
GFI,M,2026-08-11,TD22,2026-12-01,18.5
GFI,M,2026-08-11,TD19,2026-12-01,150.0
GFI,Q,2026-08-11,TD3C,2026-10-01,385.0
GFI,Q,2026-08-11,TD20,2026-10-01,14.5
GFI,Q,2026-08-11,TD7,2026-10-01,185.0
GFI,Q,2026-08-11,TD8,2026-10-01,260.0
GFI,Q,2026-08-11,TD25,2026-10-01,137.37
GFI,Q,2026-08-11,TD22,2026-10-01,19.0
GFI,Q,2026-08-11,TD19,2026-10-01,156.0
GFI,Q,2026-08-11,TD3C,2027-01-01,235.03
GFI,Q,2026-08-11,TD20,2027-01-01,82.45
GFI,Q,2026-08-11,TD7,2027-01-01,144.13
GFI,Q,2026-08-11,TD8,2027-01-01,160.83
GFI,Q,2026-08-11,TD25,2027-01-01,238.23
GFI,Q,2026-08-11,TD22,2027-01-01,16.0
GFI,Q,2026-08-11,TD19,2027-01-01,122.51
GFI,Q,2026-08-11,TD3C,2027-04-01,36.5
GFI,Q,2026-08-11,TD20,2027-04-01,78.68
GFI,Q,2026-08-11,TD7,2027-04-01,13.4
GFI,Q,2026-08-11,TD8,2027-04-01,20.5
GFI,Q,2026-08-11,TD25,2027-04-01,27.61
GFI,Q,2026-08-11,TD22,2027-04-01,50.0
GFI,Q,2026-08-11,TD19,2027-04-01,13.25
GFI,A,2026-08-11,TD3C,2027-01-01,33.5
GFI,A,2026-08-11,TD20,2027-01-01,76.8
GFI,A,2026-08-11,TD7,2027-01-01,13.7
GFI,A,2026-08-11,TD8,2027-01-01,20.82
GFI,A,2026-08-11,TD25,2027-01-01,25.47
GFI,A,2026-08-11,TD22,2027-01-01,51.39
GFI,A,2026-08-11,TD19,2027-01-01,14.0
GFI,A,2026-08-11,TD3C,2028-01-01,19.0
GFI,A,2026-08-11,TD20,2028-01-01,66.61
GFI,A,2026-08-11,TD7,2028-01-01,12.7
GFI,A,2026-08-11,TD8,2028-01-01,20.25
GFI,A,2026-08-11,TD25,2028-01-01,23.23
GFI,A,2026-08-11,TD22,2028-01-01,35.19
GFI,A,2026-08-11,TD19,2028-01-01,13.55
GFI,BITR,2026-08-12,TD3C,2026-08-01,479.44
GFI,BITR,2026-08-12,TD20,2026-08-01,223.33
GFI,BITR,2026-08-12,TD7,2026-08-01,200.0
GFI,BITR,2026-08-12,TD8,2026-08-01,330.42
GFI,BITR,2026-08-12,TD25,2026-08-01,336.67
GFI,BITR,2026-08-12,TD22,2026-08-01,18523444.0
GFI,BITR,2026-08-12,TD19,2026-08-01,204.17
GFI,MTD,2026-08-12,TD3C,2026-08-01,463.19
GFI,MTD,2026-08-12,TD20,2026-08-01,188.54
GFI,MTD,2026-08-12,TD7,2026-08-01,209.38
GFI,MTD,2026-08-12,TD8,2026-08-01,329.67
GFI,MTD,2026-08-12,TD25,2026-08-01,336.56
GFI,MTD,2026-08-12,TD22,2026-08-01,18848416.63
GFI,MTD,2026-08-12,TD19,2026-08-01,229.86
GFI,M,2026-08-12,TD3C,2026-08-01,470.0
GFI,M,2026-08-12,TD20,2026-08-01,13.4
GFI,M,2026-08-12,TD7,2026-08-01,210.0
GFI,M,2026-08-12,TD8,2026-08-01,415.0
GFI,M,2026-08-12,TD25,2026-08-01,123.86
GFI,M,2026-08-12,TD22,2026-08-01,20.0
GFI,M,2026-08-12,TD19,2026-08-01,240.0
GFI,M,2026-08-12,TD3C,2026-09-01,455.0
GFI,M,2026-08-12,TD20,2026-09-01,
GFI,M,2026-08-12,TD7,2026-09-01,200.0
GFI,M,2026-08-12,TD8,2026-09-01,350.0
GFI,M,2026-08-12,TD25,2026-09-01,
GFI,M,2026-08-12,TD22,2026-09-01,19.5
GFI,M,2026-08-12,TD19,2026-09-01,200.0
GFI,M,2026-08-12,TD3C,2026-10-01,425.0
GFI,M,2026-08-12,TD20,2026-10-01,
GFI,M,2026-08-12,TD7,2026-10-01,195.0
GFI,M,2026-08-12,TD8,2026-10-01,280.0
GFI,M,2026-08-12,TD25,2026-10-01,
GFI,M,2026-08-12,TD22,2026-10-01,19.5
GFI,M,2026-08-12,TD19,2026-10-01,165.0
GFI,M,2026-08-12,TD3C,2026-11-01,390.0
GFI,M,2026-08-12,TD20,2026-11-01,
GFI,M,2026-08-12,TD7,2026-11-01,185.0
GFI,M,2026-08-12,TD8,2026-11-01,260.0
GFI,M,2026-08-12,TD25,2026-11-01,
GFI,M,2026-08-12,TD22,2026-11-01,19.0
GFI,M,2026-08-12,TD19,2026-11-01,153.0
GFI,M,2026-08-12,TD3C,2026-12-01,340.0
GFI,M,2026-08-12,TD20,2026-12-01,
GFI,M,2026-08-12,TD7,2026-12-01,175.0
GFI,M,2026-08-12,TD8,2026-12-01,240.0
GFI,M,2026-08-12,TD25,2026-12-01,
GFI,M,2026-08-12,TD22,2026-12-01,18.5
GFI,M,2026-08-12,TD19,2026-12-01,150.0
GFI,Q,2026-08-12,TD3C,2026-10-01,385.0
GFI,Q,2026-08-12,TD20,2026-10-01,14.5
GFI,Q,2026-08-12,TD7,2026-10-01,185.0
GFI,Q,2026-08-12,TD8,2026-10-01,260.0
GFI,Q,2026-08-12,TD25,2026-10-01,137.37
GFI,Q,2026-08-12,TD22,2026-10-01,19.0
GFI,Q,2026-08-12,TD19,2026-10-01,156.0
GFI,Q,2026-08-12,TD3C,2027-01-01,246.41
GFI,Q,2026-08-12,TD20,2027-01-01,82.45
GFI,Q,2026-08-12,TD7,2027-01-01,147.09
GFI,Q,2026-08-12,TD8,2027-01-01,160.83
GFI,Q,2026-08-12,TD25,2027-01-01,238.23
GFI,Q,2026-08-12,TD22,2027-01-01,16.0
GFI,Q,2026-08-12,TD19,2027-01-01,122.51
GFI,Q,2026-08-12,TD3C,2027-04-01,40.0
GFI,Q,2026-08-12,TD20,2027-04-01,78.68
GFI,Q,2026-08-12,TD7,2027-04-01,13.7
GFI,Q,2026-08-12,TD8,2027-04-01,20.5
GFI,Q,2026-08-12,TD25,2027-04-01,27.61
GFI,Q,2026-08-12,TD22,2027-04-01,51.85
GFI,Q,2026-08-12,TD19,2027-04-01,13.25
GFI,A,2026-08-12,TD3C,2027-01-01,35.5
GFI,A,2026-08-12,TD20,2027-01-01,76.8
GFI,A,2026-08-12,TD7,2027-01-01,14.0
GFI,A,2026-08-12,TD8,2027-01-01,20.82
GFI,A,2026-08-12,TD25,2027-01-01,25.47
GFI,A,2026-08-12,TD22,2027-01-01,51.85
GFI,A,2026-08-12,TD19,2027-01-01,14.0
GFI,A,2026-08-12,TD3C,2028-01-01,19.0
GFI,A,2026-08-12,TD20,2028-01-01,66.61
GFI,A,2026-08-12,TD7,2028-01-01,12.7
GFI,A,2026-08-12,TD8,2028-01-01,20.25
GFI,A,2026-08-12,TD25,2028-01-01,23.23
GFI,A,2026-08-12,TD22,2028-01-01,37.04
GFI,A,2026-08-12,TD19,2028-01-01,13.55
GFI,BITR,2026-08-13,TD3C,2026-08-01,479.44
GFI,BITR,2026-08-13,TD20,2026-08-01,227.22
GFI,BITR,2026-08-13,TD7,2026-08-01,201.67
GFI,BITR,2026-08-13,TD8,2026-08-01,332.92
GFI,BITR,2026-08-13,TD25,2026-08-01,349.44
GFI,BITR,2026-08-13,TD22,2026-08-01,18422222.0
GFI,BITR,2026-08-13,TD19,2026-08-01,221.39
GFI,MTD,2026-08-13,TD3C,2026-08-01,465.0
GFI,MTD,2026-08-13,TD20,2026-08-01,192.84
GFI,MTD,2026-08-13,TD7,2026-08-01,208.52
GFI,MTD,2026-08-13,TD8,2026-08-01,330.08
GFI,MTD,2026-08-13,TD25,2026-08-01,337.99
GFI,MTD,2026-08-13,TD22,2026-08-01,18801061.67
GFI,MTD,2026-08-13,TD19,2026-08-01,228.92
GFI,M,2026-08-13,TD3C,2026-08-01,470.0
GFI,M,2026-08-13,TD20,2026-08-01,13.4
GFI,M,2026-08-13,TD7,2026-08-01,210.0
GFI,M,2026-08-13,TD8,2026-08-01,415.0
GFI,M,2026-08-13,TD25,2026-08-01,123.86
GFI,M,2026-08-13,TD22,2026-08-01,19.5
GFI,M,2026-08-13,TD19,2026-08-01,240.0
GFI,M,2026-08-13,TD3C,2026-09-01,485.0
GFI,M,2026-08-13,TD20,2026-09-01,
GFI,M,2026-08-13,TD7,2026-09-01,200.0
GFI,M,2026-08-13,TD8,2026-09-01,350.0
GFI,M,2026-08-13,TD25,2026-09-01,
GFI,M,2026-08-13,TD22,2026-09-01,20.0
GFI,M,2026-08-13,TD19,2026-09-01,200.0
GFI,M,2026-08-13,TD3C,2026-10-01,450.0
GFI,M,2026-08-13,TD20,2026-10-01,
GFI,M,2026-08-13,TD7,2026-10-01,195.0
GFI,M,2026-08-13,TD8,2026-10-01,280.0
GFI,M,2026-08-13,TD25,2026-10-01,
GFI,M,2026-08-13,TD22,2026-10-01,19.5
GFI,M,2026-08-13,TD19,2026-10-01,165.0
GFI,M,2026-08-13,TD3C,2026-11-01,415.0
GFI,M,2026-08-13,TD20,2026-11-01,
GFI,M,2026-08-13,TD7,2026-11-01,185.0
GFI,M,2026-08-13,TD8,2026-11-01,260.0
GFI,M,2026-08-13,TD25,2026-11-01,
GFI,M,2026-08-13,TD22,2026-11-01,20.0
GFI,M,2026-08-13,TD19,2026-11-01,153.0
GFI,M,2026-08-13,TD3C,2026-12-01,380.0
GFI,M,2026-08-13,TD20,2026-12-01,
GFI,M,2026-08-13,TD7,2026-12-01,175.0
GFI,M,2026-08-13,TD8,2026-12-01,240.0
GFI,M,2026-08-13,TD25,2026-12-01,
GFI,M,2026-08-13,TD22,2026-12-01,20.5
GFI,M,2026-08-13,TD19,2026-12-01,150.0
GFI,Q,2026-08-13,TD3C,2026-10-01,415.0
GFI,Q,2026-08-13,TD20,2026-10-01,14.5
GFI,Q,2026-08-13,TD7,2026-10-01,185.0
GFI,Q,2026-08-13,TD8,2026-10-01,260.0
GFI,Q,2026-08-13,TD25,2026-10-01,137.37
GFI,Q,2026-08-13,TD22,2026-10-01,20.0
GFI,Q,2026-08-13,TD19,2026-10-01,156.0
GFI,Q,2026-08-13,TD3C,2027-01-01,311.73
GFI,Q,2026-08-13,TD20,2027-01-01,82.45
GFI,Q,2026-08-13,TD7,2027-01-01,156.96
GFI,Q,2026-08-13,TD8,2027-01-01,160.83
GFI,Q,2026-08-13,TD25,2027-01-01,238.23
GFI,Q,2026-08-13,TD22,2027-01-01,19.0
GFI,Q,2026-08-13,TD19,2027-01-01,122.51
GFI,Q,2026-08-13,TD3C,2027-04-01,49.0
GFI,Q,2026-08-13,TD20,2027-04-01,78.68
GFI,Q,2026-08-13,TD7,2027-04-01,14.7
GFI,Q,2026-08-13,TD8,2027-04-01,20.5
GFI,Q,2026-08-13,TD25,2027-04-01,27.61
GFI,Q,2026-08-13,TD22,2027-04-01,59.26
GFI,Q,2026-08-13,TD19,2027-04-01,13.25
GFI,A,2026-08-13,TD3C,2027-01-01,43.0
GFI,A,2026-08-13,TD20,2027-01-01,76.8
GFI,A,2026-08-13,TD7,2027-01-01,15.0
GFI,A,2026-08-13,TD8,2027-01-01,20.82
GFI,A,2026-08-13,TD25,2027-01-01,25.47
GFI,A,2026-08-13,TD22,2027-01-01,60.19
GFI,A,2026-08-13,TD19,2027-01-01,14.0
GFI,A,2026-08-13,TD3C,2028-01-01,22.0
GFI,A,2026-08-13,TD20,2028-01-01,66.61
GFI,A,2026-08-13,TD7,2028-01-01,13.0
GFI,A,2026-08-13,TD8,2028-01-01,20.25
GFI,A,2026-08-13,TD25,2028-01-01,23.23
GFI,A,2026-08-13,TD22,2028-01-01,44.44
GFI,A,2026-08-13,TD19,2028-01-01,13.55
GFI,BITR,2026-08-14,TD3C,2026-08-01,481.67
GFI,BITR,2026-08-14,TD20,2026-08-01,259.83
GFI,BITR,2026-08-14,TD7,2026-08-01,201.67
GFI,BITR,2026-08-14,TD8,2026-08-01,335.0
GFI,BITR,2026-08-14,TD25,2026-08-01,369.44
GFI,BITR,2026-08-14,TD22,2026-08-01,18550000.0
GFI,BITR,2026-08-14,TD19,2026-08-01,225.22
GFI,MTD,2026-08-14,TD3C,2026-08-01,466.67
GFI,MTD,2026-08-14,TD20,2026-08-01,199.54
GFI,MTD,2026-08-14,TD7,2026-08-01,207.83
GFI,MTD,2026-08-14,TD8,2026-08-01,330.63
GFI,MTD,2026-08-14,TD25,2026-08-01,341.14
GFI,MTD,2026-08-14,TD22,2026-08-01,18775955.5
GFI,MTD,2026-08-14,TD19,2026-08-01,228.55
GFI,M,2026-08-14,TD3C,2026-08-01,470.0
GFI,M,2026-08-14,TD20,2026-08-01,13.4
GFI,M,2026-08-14,TD7,2026-08-01,210.0
GFI,M,2026-08-14,TD8,2026-08-01,415.0
GFI,M,2026-08-14,TD25,2026-08-01,123.86
GFI,M,2026-08-14,TD22,2026-08-01,19.5
GFI,M,2026-08-14,TD19,2026-08-01,240.0
GFI,M,2026-08-14,TD3C,2026-09-01,485.0
GFI,M,2026-08-14,TD20,2026-09-01,
GFI,M,2026-08-14,TD7,2026-09-01,200.0
GFI,M,2026-08-14,TD8,2026-09-01,350.0
GFI,M,2026-08-14,TD25,2026-09-01,
GFI,M,2026-08-14,TD22,2026-09-01,20.0
GFI,M,2026-08-14,TD19,2026-09-01,200.0
GFI,M,2026-08-14,TD3C,2026-10-01,480.0
GFI,M,2026-08-14,TD20,2026-10-01,
GFI,M,2026-08-14,TD7,2026-10-01,195.0
GFI,M,2026-08-14,TD8,2026-10-01,280.0
GFI,M,2026-08-14,TD25,2026-10-01,
GFI,M,2026-08-14,TD22,2026-10-01,19.5
GFI,M,2026-08-14,TD19,2026-10-01,165.0
GFI,M,2026-08-14,TD3C,2026-11-01,440.0
GFI,M,2026-08-14,TD20,2026-11-01,
GFI,M,2026-08-14,TD7,2026-11-01,185.0
GFI,M,2026-08-14,TD8,2026-11-01,260.0
GFI,M,2026-08-14,TD25,2026-11-01,
GFI,M,2026-08-14,TD22,2026-11-01,20.0
GFI,M,2026-08-14,TD19,2026-11-01,153.0
GFI,M,2026-08-14,TD3C,2026-12-01,395.0
GFI,M,2026-08-14,TD20,2026-12-01,
GFI,M,2026-08-14,TD7,2026-12-01,175.0
GFI,M,2026-08-14,TD8,2026-12-01,240.0
GFI,M,2026-08-14,TD25,2026-12-01,
GFI,M,2026-08-14,TD22,2026-12-01,20.5
GFI,M,2026-08-14,TD19,2026-12-01,150.0
GFI,Q,2026-08-14,TD3C,2026-10-01,438.33
GFI,Q,2026-08-14,TD20,2026-10-01,14.5
GFI,Q,2026-08-14,TD7,2026-10-01,185.0
GFI,Q,2026-08-14,TD8,2026-10-01,260.0
GFI,Q,2026-08-14,TD25,2026-10-01,137.37
GFI,Q,2026-08-14,TD22,2026-10-01,20.0
GFI,Q,2026-08-14,TD19,2026-10-01,156.0
GFI,Q,2026-08-14,TD3C,2027-01-01,387.18
GFI,Q,2026-08-14,TD20,2027-01-01,82.45
GFI,Q,2026-08-14,TD7,2027-01-01,156.96
GFI,Q,2026-08-14,TD8,2027-01-01,160.83
GFI,Q,2026-08-14,TD25,2027-01-01,238.23
GFI,Q,2026-08-14,TD22,2027-01-01,19.0
GFI,Q,2026-08-14,TD19,2027-01-01,122.51
GFI,Q,2026-08-14,TD3C,2027-04-01,60.0
GFI,Q,2026-08-14,TD20,2027-04-01,78.68
GFI,Q,2026-08-14,TD7,2027-04-01,14.7
GFI,Q,2026-08-14,TD8,2027-04-01,20.5
GFI,Q,2026-08-14,TD25,2027-04-01,27.61
GFI,Q,2026-08-14,TD22,2027-04-01,59.26
GFI,Q,2026-08-14,TD19,2027-04-01,13.25
GFI,A,2026-08-14,TD3C,2027-01-01,53.56
GFI,A,2026-08-14,TD20,2027-01-01,76.8
GFI,A,2026-08-14,TD7,2027-01-01,15.0
GFI,A,2026-08-14,TD8,2027-01-01,20.82
GFI,A,2026-08-14,TD25,2027-01-01,25.47
GFI,A,2026-08-14,TD22,2027-01-01,60.19
GFI,A,2026-08-14,TD19,2027-01-01,14.0
GFI,A,2026-08-14,TD3C,2028-01-01,23.0
GFI,A,2026-08-14,TD20,2028-01-01,66.61
GFI,A,2026-08-14,TD7,2028-01-01,13.0
GFI,A,2026-08-14,TD8,2028-01-01,20.25
GFI,A,2026-08-14,TD25,2028-01-01,23.23
GFI,A,2026-08-14,TD22,2028-01-01,44.44
GFI,A,2026-08-14,TD19,2028-01-01,13.55
GFI,BITR,2026-08-17,TD3C,2026-08-01,501.67
GFI,BITR,2026-08-17,TD20,2026-08-01,311.67
GFI,BITR,2026-08-17,TD7,2026-08-01,202.08
GFI,BITR,2026-08-17,TD8,2026-08-01,327.0
GFI,BITR,2026-08-17,TD25,2026-08-01,377.22
GFI,BITR,2026-08-17,TD22,2026-08-01,18791667.0
GFI,BITR,2026-08-17,TD19,2026-08-01,226.06
GFI,MTD,2026-08-17,TD3C,2026-08-01,469.85
GFI,MTD,2026-08-17,TD20,2026-08-01,209.73
GFI,MTD,2026-08-17,TD7,2026-08-01,207.31
GFI,MTD,2026-08-17,TD8,2026-08-01,330.26
GFI,MTD,2026-08-17,TD25,2026-08-01,344.42
GFI,MTD,2026-08-17,TD22,2026-08-01,18777383.82
GFI,MTD,2026-08-17,TD19,2026-08-01,228.32
GFI,M,2026-08-17,TD3C,2026-08-01,470.0
GFI,M,2026-08-17,TD20,2026-08-01,13.4
GFI,M,2026-08-17,TD7,2026-08-01,210.0
GFI,M,2026-08-17,TD8,2026-08-01,415.0
GFI,M,2026-08-17,TD25,2026-08-01,123.86
GFI,M,2026-08-17,TD22,2026-08-01,19.5
GFI,M,2026-08-17,TD19,2026-08-01,240.0
GFI,M,2026-08-17,TD3C,2026-09-01,485.0
GFI,M,2026-08-17,TD20,2026-09-01,
GFI,M,2026-08-17,TD7,2026-09-01,200.0
GFI,M,2026-08-17,TD8,2026-09-01,350.0
GFI,M,2026-08-17,TD25,2026-09-01,
GFI,M,2026-08-17,TD22,2026-09-01,20.0
GFI,M,2026-08-17,TD19,2026-09-01,200.0
GFI,M,2026-08-17,TD3C,2026-10-01,468.75
GFI,M,2026-08-17,TD20,2026-10-01,
GFI,M,2026-08-17,TD7,2026-10-01,195.0
GFI,M,2026-08-17,TD8,2026-10-01,280.0
GFI,M,2026-08-17,TD25,2026-10-01,
GFI,M,2026-08-17,TD22,2026-10-01,19.5
GFI,M,2026-08-17,TD19,2026-10-01,165.0
GFI,M,2026-08-17,TD3C,2026-11-01,441.25
GFI,M,2026-08-17,TD20,2026-11-01,
GFI,M,2026-08-17,TD7,2026-11-01,185.0
GFI,M,2026-08-17,TD8,2026-11-01,260.0
GFI,M,2026-08-17,TD25,2026-11-01,
GFI,M,2026-08-17,TD22,2026-11-01,20.0
GFI,M,2026-08-17,TD19,2026-11-01,153.0
GFI,M,2026-08-17,TD3C,2026-12-01,410.0
GFI,M,2026-08-17,TD20,2026-12-01,
GFI,M,2026-08-17,TD7,2026-12-01,175.0
GFI,M,2026-08-17,TD8,2026-12-01,240.0
GFI,M,2026-08-17,TD25,2026-12-01,
GFI,M,2026-08-17,TD22,2026-12-01,20.5
GFI,M,2026-08-17,TD19,2026-12-01,150.0
GFI,Q,2026-08-17,TD3C,2026-10-01,440.0
GFI,Q,2026-08-17,TD20,2026-10-01,14.5
GFI,Q,2026-08-17,TD7,2026-10-01,185.0
GFI,Q,2026-08-17,TD8,2026-10-01,260.0
GFI,Q,2026-08-17,TD25,2026-10-01,137.37
GFI,Q,2026-08-17,TD22,2026-10-01,20.0
GFI,Q,2026-08-17,TD19,2026-10-01,156.0
GFI,Q,2026-08-17,TD3C,2027-01-01,395.84
GFI,Q,2026-08-17,TD20,2027-01-01,82.45
GFI,Q,2026-08-17,TD7,2027-01-01,156.96
GFI,Q,2026-08-17,TD8,2027-01-01,160.83
GFI,Q,2026-08-17,TD25,2027-01-01,238.23
GFI,Q,2026-08-17,TD22,2027-01-01,19.0
GFI,Q,2026-08-17,TD19,2027-01-01,122.51
GFI,Q,2026-08-17,TD3C,2027-04-01,64.0
GFI,Q,2026-08-17,TD20,2027-04-01,78.68
GFI,Q,2026-08-17,TD7,2027-04-01,14.7
GFI,Q,2026-08-17,TD8,2027-04-01,20.5
GFI,Q,2026-08-17,TD25,2027-04-01,27.61
GFI,Q,2026-08-17,TD22,2027-04-01,59.26
GFI,Q,2026-08-17,TD19,2027-04-01,13.25
GFI,A,2026-08-17,TD3C,2027-01-01,56.0
GFI,A,2026-08-17,TD20,2027-01-01,76.8
GFI,A,2026-08-17,TD7,2027-01-01,15.0
GFI,A,2026-08-17,TD8,2027-01-01,20.82
GFI,A,2026-08-17,TD25,2027-01-01,25.47
GFI,A,2026-08-17,TD22,2027-01-01,60.19
GFI,A,2026-08-17,TD19,2027-01-01,14.0
GFI,A,2026-08-17,TD3C,2028-01-01,23.0
GFI,A,2026-08-17,TD20,2028-01-01,66.61
GFI,A,2026-08-17,TD7,2028-01-01,13.0
GFI,A,2026-08-17,TD8,2028-01-01,20.25
GFI,A,2026-08-17,TD25,2028-01-01,23.23
GFI,A,2026-08-17,TD22,2028-01-01,44.44
GFI,A,2026-08-17,TD19,2028-01-01,13.55
GFI,BITR,2026-08-18,TD3C,2026-08-01,514.44
GFI,BITR,2026-08-18,TD20,2026-08-01,328.33
GFI,BITR,2026-08-18,TD7,2026-08-01,202.08
GFI,BITR,2026-08-18,TD8,2026-08-01,324.17
GFI,BITR,2026-08-18,TD25,2026-08-01,361.67
GFI,BITR,2026-08-18,TD22,2026-08-01,20322222.0
GFI,BITR,2026-08-18,TD19,2026-08-01,227.5
GFI,MTD,2026-08-18,TD3C,2026-08-01,473.56
GFI,MTD,2026-08-18,TD20,2026-08-01,219.62
GFI,MTD,2026-08-18,TD7,2026-08-01,206.88
GFI,MTD,2026-08-18,TD8,2026-08-01,329.71
GFI,MTD,2026-08-18,TD25,2026-08-01,345.86
GFI,MTD,2026-08-18,TD22,2026-08-01,18906120.33
GFI,MTD,2026-08-18,TD19,2026-08-01,228.25
GFI,M,2026-08-18,TD3C,2026-08-01,489.0
GFI,M,2026-08-18,TD20,2026-08-01,13.4
GFI,M,2026-08-18,TD7,2026-08-01,210.0
GFI,M,2026-08-18,TD8,2026-08-01,415.0
GFI,M,2026-08-18,TD25,2026-08-01,123.86
GFI,M,2026-08-18,TD22,2026-08-01,19.35
GFI,M,2026-08-18,TD19,2026-08-01,240.0
GFI,M,2026-08-18,TD3C,2026-09-01,510.0
GFI,M,2026-08-18,TD20,2026-09-01,
GFI,M,2026-08-18,TD7,2026-09-01,200.0
GFI,M,2026-08-18,TD8,2026-09-01,350.0
GFI,M,2026-08-18,TD25,2026-09-01,
GFI,M,2026-08-18,TD22,2026-09-01,22.5
GFI,M,2026-08-18,TD19,2026-09-01,200.0
GFI,M,2026-08-18,TD3C,2026-10-01,490.0
GFI,M,2026-08-18,TD20,2026-10-01,
GFI,M,2026-08-18,TD7,2026-10-01,195.0
GFI,M,2026-08-18,TD8,2026-10-01,280.0
GFI,M,2026-08-18,TD25,2026-10-01,
GFI,M,2026-08-18,TD22,2026-10-01,22.5
GFI,M,2026-08-18,TD19,2026-10-01,165.0
GFI,M,2026-08-18,TD3C,2026-11-01,460.0
GFI,M,2026-08-18,TD20,2026-11-01,
GFI,M,2026-08-18,TD7,2026-11-01,185.0
GFI,M,2026-08-18,TD8,2026-11-01,260.0
GFI,M,2026-08-18,TD25,2026-11-01,
GFI,M,2026-08-18,TD22,2026-11-01,22.25
GFI,M,2026-08-18,TD19,2026-11-01,153.0
GFI,M,2026-08-18,TD3C,2026-12-01,430.0
GFI,M,2026-08-18,TD20,2026-12-01,
GFI,M,2026-08-18,TD7,2026-12-01,175.0
GFI,M,2026-08-18,TD8,2026-12-01,240.0
GFI,M,2026-08-18,TD25,2026-12-01,
GFI,M,2026-08-18,TD22,2026-12-01,22.0
GFI,M,2026-08-18,TD19,2026-12-01,150.0
GFI,Q,2026-08-18,TD3C,2026-10-01,460.0
GFI,Q,2026-08-18,TD20,2026-10-01,14.5
GFI,Q,2026-08-18,TD7,2026-10-01,185.0
GFI,Q,2026-08-18,TD8,2026-10-01,260.0
GFI,Q,2026-08-18,TD25,2026-10-01,137.37
GFI,Q,2026-08-18,TD22,2026-10-01,22.25
GFI,Q,2026-08-18,TD19,2026-10-01,156.0
GFI,Q,2026-08-18,TD3C,2027-01-01,420.58
GFI,Q,2026-08-18,TD20,2027-01-01,82.45
GFI,Q,2026-08-18,TD7,2027-01-01,156.96
GFI,Q,2026-08-18,TD8,2027-01-01,160.83
GFI,Q,2026-08-18,TD25,2027-01-01,238.23
GFI,Q,2026-08-18,TD22,2027-01-01,20.0
GFI,Q,2026-08-18,TD19,2027-01-01,122.51
GFI,Q,2026-08-18,TD3C,2027-04-01,69.0
GFI,Q,2026-08-18,TD20,2027-04-01,78.68
GFI,Q,2026-08-18,TD7,2027-04-01,14.7
GFI,Q,2026-08-18,TD8,2027-04-01,20.5
GFI,Q,2026-08-18,TD25,2027-04-01,27.61
GFI,Q,2026-08-18,TD22,2027-04-01,64.81
GFI,Q,2026-08-18,TD19,2027-04-01,13.25
GFI,A,2026-08-18,TD3C,2027-01-01,60.0
GFI,A,2026-08-18,TD20,2027-01-01,76.8
GFI,A,2026-08-18,TD7,2027-01-01,15.0
GFI,A,2026-08-18,TD8,2027-01-01,20.82
GFI,A,2026-08-18,TD25,2027-01-01,25.47
GFI,A,2026-08-18,TD22,2027-01-01,62.96
GFI,A,2026-08-18,TD19,2027-01-01,14.0
GFI,A,2026-08-18,TD3C,2028-01-01,23.0
GFI,A,2026-08-18,TD20,2028-01-01,66.61
GFI,A,2026-08-18,TD7,2028-01-01,13.0
GFI,A,2026-08-18,TD8,2028-01-01,20.25
GFI,A,2026-08-18,TD25,2028-01-01,23.23
GFI,A,2026-08-18,TD22,2028-01-01,44.44
GFI,A,2026-08-18,TD19,2028-01-01,13.55
GFI,BITR,2026-08-19,TD3C,2026-08-01,546.25
GFI,BITR,2026-08-19,TD20,2026-08-01,333.89
GFI,BITR,2026-08-19,TD7,2026-08-01,202.5
GFI,BITR,2026-08-19,TD8,2026-08-01,317.83
GFI,BITR,2026-08-19,TD25,2026-08-01,332.78
GFI,BITR,2026-08-19,TD22,2026-08-01,22044444.0
GFI,BITR,2026-08-19,TD19,2026-08-01,242.5
GFI,MTD,2026-08-19,TD3C,2026-08-01,479.16
GFI,MTD,2026-08-19,TD20,2026-08-01,228.41
GFI,MTD,2026-08-19,TD7,2026-08-01,206.54
GFI,MTD,2026-08-19,TD8,2026-08-01,328.72
GFI,MTD,2026-08-19,TD25,2026-08-01,344.85
GFI,MTD,2026-08-19,TD22,2026-08-01,19147529.85
GFI,MTD,2026-08-19,TD19,2026-08-01,229.35
GFI,M,2026-08-19,TD3C,2026-08-01,515.0
GFI,M,2026-08-19,TD20,2026-08-01,13.4
GFI,M,2026-08-19,TD7,2026-08-01,210.0
GFI,M,2026-08-19,TD8,2026-08-01,400.0
GFI,M,2026-08-19,TD25,2026-08-01,123.86
GFI,M,2026-08-19,TD22,2026-08-01,20.25
GFI,M,2026-08-19,TD19,2026-08-01,230.0
GFI,M,2026-08-19,TD3C,2026-09-01,560.0
GFI,M,2026-08-19,TD20,2026-09-01,
GFI,M,2026-08-19,TD7,2026-09-01,200.0
GFI,M,2026-08-19,TD8,2026-09-01,350.0
GFI,M,2026-08-19,TD25,2026-09-01,
GFI,M,2026-08-19,TD22,2026-09-01,25.0
GFI,M,2026-08-19,TD19,2026-09-01,200.0
GFI,M,2026-08-19,TD3C,2026-10-01,530.0
GFI,M,2026-08-19,TD20,2026-10-01,
GFI,M,2026-08-19,TD7,2026-10-01,195.0
GFI,M,2026-08-19,TD8,2026-10-01,280.0
GFI,M,2026-08-19,TD25,2026-10-01,
GFI,M,2026-08-19,TD22,2026-10-01,25.0
GFI,M,2026-08-19,TD19,2026-10-01,165.0
GFI,M,2026-08-19,TD3C,2026-11-01,500.0
GFI,M,2026-08-19,TD20,2026-11-01,
GFI,M,2026-08-19,TD7,2026-11-01,185.0
GFI,M,2026-08-19,TD8,2026-11-01,260.0
GFI,M,2026-08-19,TD25,2026-11-01,
GFI,M,2026-08-19,TD22,2026-11-01,24.75
GFI,M,2026-08-19,TD19,2026-11-01,153.0
GFI,M,2026-08-19,TD3C,2026-12-01,470.0
GFI,M,2026-08-19,TD20,2026-12-01,
GFI,M,2026-08-19,TD7,2026-12-01,175.0
GFI,M,2026-08-19,TD8,2026-12-01,240.0
GFI,M,2026-08-19,TD25,2026-12-01,
GFI,M,2026-08-19,TD22,2026-12-01,24.5
GFI,M,2026-08-19,TD19,2026-12-01,150.0
GFI,Q,2026-08-19,TD3C,2026-10-01,500.0
GFI,Q,2026-08-19,TD20,2026-10-01,14.5
GFI,Q,2026-08-19,TD7,2026-10-01,185.0
GFI,Q,2026-08-19,TD8,2026-10-01,260.0
GFI,Q,2026-08-19,TD25,2026-10-01,137.37
GFI,Q,2026-08-19,TD22,2026-10-01,24.75
GFI,Q,2026-08-19,TD19,2026-10-01,156.0
GFI,Q,2026-08-19,TD3C,2027-01-01,420.58
GFI,Q,2026-08-19,TD20,2027-01-01,82.45
GFI,Q,2026-08-19,TD7,2027-01-01,156.96
GFI,Q,2026-08-19,TD8,2027-01-01,160.83
GFI,Q,2026-08-19,TD25,2027-01-01,238.23
GFI,Q,2026-08-19,TD22,2027-01-01,23.0
GFI,Q,2026-08-19,TD19,2027-01-01,122.51
GFI,Q,2026-08-19,TD3C,2027-04-01,69.0
GFI,Q,2026-08-19,TD20,2027-04-01,78.68
GFI,Q,2026-08-19,TD7,2027-04-01,14.7
GFI,Q,2026-08-19,TD8,2027-04-01,20.5
GFI,Q,2026-08-19,TD25,2027-04-01,27.61
GFI,Q,2026-08-19,TD22,2027-04-01,64.81
GFI,Q,2026-08-19,TD19,2027-04-01,13.25
GFI,A,2026-08-19,TD3C,2027-01-01,60.0
GFI,A,2026-08-19,TD20,2027-01-01,76.8
GFI,A,2026-08-19,TD7,2027-01-01,15.0
GFI,A,2026-08-19,TD8,2027-01-01,20.82
GFI,A,2026-08-19,TD25,2027-01-01,25.47
GFI,A,2026-08-19,TD22,2027-01-01,65.74
GFI,A,2026-08-19,TD19,2027-01-01,14.0
GFI,A,2026-08-19,TD3C,2028-01-01,24.0
GFI,A,2026-08-19,TD20,2028-01-01,66.61
GFI,A,2026-08-19,TD7,2028-01-01,13.0
GFI,A,2026-08-19,TD8,2028-01-01,20.25
GFI,A,2026-08-19,TD25,2028-01-01,23.23
GFI,A,2026-08-19,TD22,2028-01-01,44.44
GFI,A,2026-08-19,TD19,2028-01-01,13.55
GFI,BITR,2026-08-20,TD3C,2026-08-01,570.0
GFI,BITR,2026-08-20,TD20,2026-08-01,328.89
GFI,BITR,2026-08-20,TD7,2026-08-01,202.92
GFI,BITR,2026-08-20,TD8,2026-08-01,325.83
GFI,BITR,2026-08-20,TD25,2026-08-01,327.78
GFI,BITR,2026-08-20,TD22,2026-08-01,24888889.0
GFI,BITR,2026-08-20,TD19,2026-08-01,248.61
GFI,MTD,2026-08-20,TD3C,2026-08-01,485.64
GFI,MTD,2026-08-20,TD20,2026-08-01,235.58
GFI,MTD,2026-08-20,TD7,2026-08-01,206.28
GFI,MTD,2026-08-20,TD8,2026-08-01,328.5
GFI,MTD,2026-08-20,TD25,2026-08-01,343.63
GFI,MTD,2026-08-20,TD22,2026-08-01,19557626.93
GFI,MTD,2026-08-20,TD19,2026-08-01,230.72
GFI,M,2026-08-20,TD3C,2026-08-01,515.0
GFI,M,2026-08-20,TD20,2026-08-01,13.4
GFI,M,2026-08-20,TD7,2026-08-01,205.0
GFI,M,2026-08-20,TD8,2026-08-01,400.0
GFI,M,2026-08-20,TD25,2026-08-01,123.86
GFI,M,2026-08-20,TD22,2026-08-01,20.35
GFI,M,2026-08-20,TD19,2026-08-01,230.0
GFI,M,2026-08-20,TD3C,2026-09-01,600.0
GFI,M,2026-08-20,TD20,2026-09-01,
GFI,M,2026-08-20,TD7,2026-09-01,200.0
GFI,M,2026-08-20,TD8,2026-09-01,350.0
GFI,M,2026-08-20,TD25,2026-09-01,
GFI,M,2026-08-20,TD22,2026-09-01,25.0
GFI,M,2026-08-20,TD19,2026-09-01,200.0
GFI,M,2026-08-20,TD3C,2026-10-01,560.0
GFI,M,2026-08-20,TD20,2026-10-01,
GFI,M,2026-08-20,TD7,2026-10-01,195.0
GFI,M,2026-08-20,TD8,2026-10-01,280.0
GFI,M,2026-08-20,TD25,2026-10-01,
GFI,M,2026-08-20,TD22,2026-10-01,24.0
GFI,M,2026-08-20,TD19,2026-10-01,165.0
GFI,M,2026-08-20,TD3C,2026-11-01,530.0
GFI,M,2026-08-20,TD20,2026-11-01,
GFI,M,2026-08-20,TD7,2026-11-01,185.0
GFI,M,2026-08-20,TD8,2026-11-01,260.0
GFI,M,2026-08-20,TD25,2026-11-01,
GFI,M,2026-08-20,TD22,2026-11-01,22.75
GFI,M,2026-08-20,TD19,2026-11-01,153.0
GFI,M,2026-08-20,TD3C,2026-12-01,510.0
GFI,M,2026-08-20,TD20,2026-12-01,
GFI,M,2026-08-20,TD7,2026-12-01,175.0
GFI,M,2026-08-20,TD8,2026-12-01,240.0
GFI,M,2026-08-20,TD25,2026-12-01,
GFI,M,2026-08-20,TD22,2026-12-01,22.5
GFI,M,2026-08-20,TD19,2026-12-01,150.0
GFI,Q,2026-08-20,TD3C,2026-10-01,533.33
GFI,Q,2026-08-20,TD20,2026-10-01,14.5
GFI,Q,2026-08-20,TD7,2026-10-01,185.0
GFI,Q,2026-08-20,TD8,2026-10-01,260.0
GFI,Q,2026-08-20,TD25,2026-10-01,137.37
GFI,Q,2026-08-20,TD22,2026-10-01,23.08
GFI,Q,2026-08-20,TD19,2026-10-01,156.0
GFI,Q,2026-08-20,TD3C,2027-01-01,452.75
GFI,Q,2026-08-20,TD20,2027-01-01,82.45
GFI,Q,2026-08-20,TD7,2027-01-01,156.96
GFI,Q,2026-08-20,TD8,2027-01-01,160.83
GFI,Q,2026-08-20,TD25,2027-01-01,238.23
GFI,Q,2026-08-20,TD22,2027-01-01,21.25
GFI,Q,2026-08-20,TD19,2027-01-01,122.51
GFI,Q,2026-08-20,TD3C,2027-04-01,79.0
GFI,Q,2026-08-20,TD20,2027-04-01,78.68
GFI,Q,2026-08-20,TD7,2027-04-01,14.7
GFI,Q,2026-08-20,TD8,2027-04-01,20.5
GFI,Q,2026-08-20,TD25,2027-04-01,27.61
GFI,Q,2026-08-20,TD22,2027-04-01,74.07
GFI,Q,2026-08-20,TD19,2027-04-01,13.25
GFI,A,2026-08-20,TD3C,2027-01-01,66.0
GFI,A,2026-08-20,TD20,2027-01-01,76.8
GFI,A,2026-08-20,TD7,2027-01-01,15.0
GFI,A,2026-08-20,TD8,2027-01-01,20.82
GFI,A,2026-08-20,TD25,2027-01-01,25.47
GFI,A,2026-08-20,TD22,2027-01-01,66.9
GFI,A,2026-08-20,TD19,2027-01-01,14.0
GFI,A,2026-08-20,TD3C,2028-01-01,25.25
GFI,A,2026-08-20,TD20,2028-01-01,66.61
GFI,A,2026-08-20,TD7,2028-01-01,13.0
GFI,A,2026-08-20,TD8,2028-01-01,20.25
GFI,A,2026-08-20,TD25,2028-01-01,23.23
GFI,A,2026-08-20,TD22,2028-01-01,48.15
GFI,A,2026-08-20,TD19,2028-01-01,13.55
GFI,BITR,2026-08-21,TD3C,2026-08-01,586.88
GFI,BITR,2026-08-21,TD20,2026-08-01,323.89
GFI,BITR,2026-08-21,TD7,2026-08-01,202.92
GFI,BITR,2026-08-21,TD8,2026-08-01,335.42
GFI,BITR,2026-08-21,TD25,2026-08-01,318.89
GFI,BITR,2026-08-21,TD22,2026-08-01,25611111.0
GFI,BITR,2026-08-21,TD19,2026-08-01,257.0
GFI,MTD,2026-08-21,TD3C,2026-08-01,492.39
GFI,MTD,2026-08-21,TD20,2026-08-01,241.47
GFI,MTD,2026-08-21,TD7,2026-08-01,206.06
GFI,MTD,2026-08-21,TD8,2026-08-01,328.99
GFI,MTD,2026-08-21,TD25,2026-08-01,341.98
GFI,MTD,2026-08-21,TD22,2026-08-01,19961192.53
GFI,MTD,2026-08-21,TD19,2026-08-01,232.48
GFI,M,2026-08-21,TD3C,2026-08-01,516.0
GFI,M,2026-08-21,TD20,2026-08-01,13.4
GFI,M,2026-08-21,TD7,2026-08-01,205.0
GFI,M,2026-08-21,TD8,2026-08-01,400.0
GFI,M,2026-08-21,TD25,2026-08-01,123.86
GFI,M,2026-08-21,TD22,2026-08-01,21.2
GFI,M,2026-08-21,TD19,2026-08-01,230.0
GFI,M,2026-08-21,TD3C,2026-09-01,675.0
GFI,M,2026-08-21,TD20,2026-09-01,
GFI,M,2026-08-21,TD7,2026-09-01,200.0
GFI,M,2026-08-21,TD8,2026-09-01,350.0
GFI,M,2026-08-21,TD25,2026-09-01,
GFI,M,2026-08-21,TD22,2026-09-01,25.0
GFI,M,2026-08-21,TD19,2026-09-01,200.0
GFI,M,2026-08-21,TD3C,2026-10-01,63.0
GFI,M,2026-08-21,TD20,2026-10-01,
GFI,M,2026-08-21,TD7,2026-10-01,195.0
GFI,M,2026-08-21,TD8,2026-10-01,280.0
GFI,M,2026-08-21,TD25,2026-10-01,
GFI,M,2026-08-21,TD22,2026-10-01,24.0
GFI,M,2026-08-21,TD19,2026-10-01,165.0
GFI,M,2026-08-21,TD3C,2026-11-01,570.0
GFI,M,2026-08-21,TD20,2026-11-01,
GFI,M,2026-08-21,TD7,2026-11-01,185.0
GFI,M,2026-08-21,TD8,2026-11-01,260.0
GFI,M,2026-08-21,TD25,2026-11-01,
GFI,M,2026-08-21,TD22,2026-11-01,22.5
GFI,M,2026-08-21,TD19,2026-11-01,153.0
GFI,M,2026-08-21,TD3C,2026-12-01,560.0
GFI,M,2026-08-21,TD20,2026-12-01,
GFI,M,2026-08-21,TD7,2026-12-01,175.0
GFI,M,2026-08-21,TD8,2026-12-01,240.0
GFI,M,2026-08-21,TD25,2026-12-01,
GFI,M,2026-08-21,TD22,2026-12-01,22.5
GFI,M,2026-08-21,TD19,2026-12-01,150.0
GFI,Q,2026-08-21,TD3C,2026-10-01,397.67
GFI,Q,2026-08-21,TD20,2026-10-01,14.5
GFI,Q,2026-08-21,TD7,2026-10-01,185.0
GFI,Q,2026-08-21,TD8,2026-10-01,260.0
GFI,Q,2026-08-21,TD25,2026-10-01,137.37
GFI,Q,2026-08-21,TD22,2026-10-01,23.0
GFI,Q,2026-08-21,TD19,2026-10-01,156.0
GFI,Q,2026-08-21,TD3C,2027-01-01,465.12
GFI,Q,2026-08-21,TD20,2027-01-01,82.45
GFI,Q,2026-08-21,TD7,2027-01-01,156.96
GFI,Q,2026-08-21,TD8,2027-01-01,160.83
GFI,Q,2026-08-21,TD25,2027-01-01,238.23
GFI,Q,2026-08-21,TD22,2027-01-01,22.0
GFI,Q,2026-08-21,TD19,2027-01-01,122.51
GFI,Q,2026-08-21,TD3C,2027-04-01,81.0
GFI,Q,2026-08-21,TD20,2027-04-01,78.68
GFI,Q,2026-08-21,TD7,2027-04-01,14.7
GFI,Q,2026-08-21,TD8,2027-04-01,20.5
GFI,Q,2026-08-21,TD25,2027-04-01,27.61
GFI,Q,2026-08-21,TD22,2027-04-01,74.07
GFI,Q,2026-08-21,TD19,2027-04-01,13.25
GFI,A,2026-08-21,TD3C,2027-01-01,67.0
GFI,A,2026-08-21,TD20,2027-01-01,76.8
GFI,A,2026-08-21,TD7,2027-01-01,15.0
GFI,A,2026-08-21,TD8,2027-01-01,20.82
GFI,A,2026-08-21,TD25,2027-01-01,25.47
GFI,A,2026-08-21,TD22,2027-01-01,67.59
GFI,A,2026-08-21,TD19,2027-01-01,14.0
GFI,A,2026-08-21,TD3C,2028-01-01,25.5
GFI,A,2026-08-21,TD20,2028-01-01,66.61
GFI,A,2026-08-21,TD7,2028-01-01,13.0
GFI,A,2026-08-21,TD8,2028-01-01,20.25
GFI,A,2026-08-21,TD25,2028-01-01,23.23
GFI,A,2026-08-21,TD22,2028-01-01,48.15
GFI,A,2026-08-21,TD19,2028-01-01,13.55
GFI,BITR,2026-08-24,TD3C,2026-08-01,605.56
GFI,BITR,2026-08-24,TD20,2026-08-01,305.28
GFI,BITR,2026-08-24,TD7,2026-08-01,205.42
GFI,BITR,2026-08-24,TD8,2026-08-01,347.92
GFI,BITR,2026-08-24,TD25,2026-08-01,309.44
GFI,BITR,2026-08-24,TD22,2026-08-01,24355556.0
GFI,BITR,2026-08-24,TD19,2026-08-01,262.5
GFI,MTD,2026-08-24,TD3C,2026-08-01,499.47
GFI,MTD,2026-08-24,TD20,2026-08-01,245.46
GFI,MTD,2026-08-24,TD7,2026-08-01,206.02
GFI,MTD,2026-08-24,TD8,2026-08-01,330.25
GFI,MTD,2026-08-24,TD25,2026-08-01,339.95
GFI,MTD,2026-08-24,TD22,2026-08-01,20235840.25
GFI,MTD,2026-08-24,TD19,2026-08-01,234.35
GFI,M,2026-08-24,TD3C,2026-08-01,522.5
GFI,M,2026-08-24,TD20,2026-08-01,13.4
GFI,M,2026-08-24,TD7,2026-08-01,205.0
GFI,M,2026-08-24,TD8,2026-08-01,400.0
GFI,M,2026-08-24,TD25,2026-08-01,123.86
GFI,M,2026-08-24,TD22,2026-08-01,21.2
GFI,M,2026-08-24,TD19,2026-08-01,230.0
GFI,M,2026-08-24,TD3C,2026-09-01,675.0
GFI,M,2026-08-24,TD20,2026-09-01,
GFI,M,2026-08-24,TD7,2026-09-01,200.0
GFI,M,2026-08-24,TD8,2026-09-01,350.0
GFI,M,2026-08-24,TD25,2026-09-01,
GFI,M,2026-08-24,TD22,2026-09-01,25.0
GFI,M,2026-08-24,TD19,2026-09-01,200.0
GFI,M,2026-08-24,TD3C,2026-10-01,630.0
GFI,M,2026-08-24,TD20,2026-10-01,
GFI,M,2026-08-24,TD7,2026-10-01,195.0
GFI,M,2026-08-24,TD8,2026-10-01,280.0
GFI,M,2026-08-24,TD25,2026-10-01,
GFI,M,2026-08-24,TD22,2026-10-01,24.0
GFI,M,2026-08-24,TD19,2026-10-01,165.0
GFI,M,2026-08-24,TD3C,2026-11-01,570.0
GFI,M,2026-08-24,TD20,2026-11-01,
GFI,M,2026-08-24,TD7,2026-11-01,185.0
GFI,M,2026-08-24,TD8,2026-11-01,260.0
GFI,M,2026-08-24,TD25,2026-11-01,
GFI,M,2026-08-24,TD22,2026-11-01,22.5
GFI,M,2026-08-24,TD19,2026-11-01,153.0
GFI,M,2026-08-24,TD3C,2026-12-01,550.0
GFI,M,2026-08-24,TD20,2026-12-01,
GFI,M,2026-08-24,TD7,2026-12-01,175.0
GFI,M,2026-08-24,TD8,2026-12-01,240.0
GFI,M,2026-08-24,TD25,2026-12-01,
GFI,M,2026-08-24,TD22,2026-12-01,22.5
GFI,M,2026-08-24,TD19,2026-12-01,150.0
GFI,Q,2026-08-24,TD3C,2026-10-01,583.33
GFI,Q,2026-08-24,TD20,2026-10-01,14.5
GFI,Q,2026-08-24,TD7,2026-10-01,185.0
GFI,Q,2026-08-24,TD8,2026-10-01,260.0
GFI,Q,2026-08-24,TD25,2026-10-01,137.37
GFI,Q,2026-08-24,TD22,2026-10-01,23.0
GFI,Q,2026-08-24,TD19,2026-10-01,156.0
GFI,Q,2026-08-24,TD3C,2027-01-01,470.06
GFI,Q,2026-08-24,TD20,2027-01-01,82.45
GFI,Q,2026-08-24,TD7,2027-01-01,156.96
GFI,Q,2026-08-24,TD8,2027-01-01,160.83
GFI,Q,2026-08-24,TD25,2027-01-01,238.23
GFI,Q,2026-08-24,TD22,2027-01-01,22.0
GFI,Q,2026-08-24,TD19,2027-01-01,122.51
GFI,Q,2026-08-24,TD3C,2027-04-01,82.0
GFI,Q,2026-08-24,TD20,2027-04-01,78.68
GFI,Q,2026-08-24,TD7,2027-04-01,14.7
GFI,Q,2026-08-24,TD8,2027-04-01,20.5
GFI,Q,2026-08-24,TD25,2027-04-01,27.61
GFI,Q,2026-08-24,TD22,2027-04-01,74.07
GFI,Q,2026-08-24,TD19,2027-04-01,13.25
GFI,A,2026-08-24,TD3C,2027-01-01,69.5
GFI,A,2026-08-24,TD20,2027-01-01,76.8
GFI,A,2026-08-24,TD7,2027-01-01,15.0
GFI,A,2026-08-24,TD8,2027-01-01,20.82
GFI,A,2026-08-24,TD25,2027-01-01,25.47
GFI,A,2026-08-24,TD22,2027-01-01,67.59
GFI,A,2026-08-24,TD19,2027-01-01,14.0
GFI,A,2026-08-24,TD3C,2028-01-01,26.0
GFI,A,2026-08-24,TD20,2028-01-01,66.61
GFI,A,2026-08-24,TD7,2028-01-01,13.0
GFI,A,2026-08-24,TD8,2028-01-01,20.25
GFI,A,2026-08-24,TD25,2028-01-01,23.23
GFI,A,2026-08-24,TD22,2028-01-01,48.15
GFI,A,2026-08-24,TD19,2028-01-01,13.55
GFI,BITR,2026-08-25,TD3C,2026-08-01,609.44
GFI,BITR,2026-08-25,TD20,2026-08-01,274.44
GFI,BITR,2026-08-25,TD7,2026-08-01,214.17
GFI,BITR,2026-08-25,TD8,2026-08-01,358.33
GFI,BITR,2026-08-25,TD25,2026-08-01,268.33
GFI,BITR,2026-08-25,TD22,2026-08-01,25000000.0
GFI,BITR,2026-08-25,TD19,2026-08-01,268.72
GFI,MTD,2026-08-25,TD3C,2026-08-01,505.94
GFI,MTD,2026-08-25,TD20,2026-08-01,247.16
GFI,MTD,2026-08-25,TD7,2026-08-01,206.5
GFI,MTD,2026-08-25,TD8,2026-08-01,332.01
GFI,MTD,2026-08-25,TD25,2026-08-01,335.74
GFI,MTD,2026-08-25,TD22,2026-08-01,20516084.94
GFI,MTD,2026-08-25,TD19,2026-08-01,236.37
GFI,M,2026-08-25,TD3C,2026-08-01,522.5
GFI,M,2026-08-25,TD20,2026-08-01,13.4
GFI,M,2026-08-25,TD7,2026-08-01,207.5
GFI,M,2026-08-25,TD8,2026-08-01,330.0
GFI,M,2026-08-25,TD25,2026-08-01,123.86
GFI,M,2026-08-25,TD22,2026-08-01,21.2
GFI,M,2026-08-25,TD19,2026-08-01,230.0
GFI,M,2026-08-25,TD3C,2026-09-01,660.0
GFI,M,2026-08-25,TD20,2026-09-01,
GFI,M,2026-08-25,TD7,2026-09-01,195.0
GFI,M,2026-08-25,TD8,2026-09-01,350.0
GFI,M,2026-08-25,TD25,2026-09-01,
GFI,M,2026-08-25,TD22,2026-09-01,25.5
GFI,M,2026-08-25,TD19,2026-09-01,200.0
GFI,M,2026-08-25,TD3C,2026-10-01,620.0
GFI,M,2026-08-25,TD20,2026-10-01,
GFI,M,2026-08-25,TD7,2026-10-01,192.5
GFI,M,2026-08-25,TD8,2026-10-01,280.0
GFI,M,2026-08-25,TD25,2026-10-01,
GFI,M,2026-08-25,TD22,2026-10-01,24.5
GFI,M,2026-08-25,TD19,2026-10-01,165.0
GFI,M,2026-08-25,TD3C,2026-11-01,575.0
GFI,M,2026-08-25,TD20,2026-11-01,
GFI,M,2026-08-25,TD7,2026-11-01,182.5
GFI,M,2026-08-25,TD8,2026-11-01,260.0
GFI,M,2026-08-25,TD25,2026-11-01,
GFI,M,2026-08-25,TD22,2026-11-01,22.75
GFI,M,2026-08-25,TD19,2026-11-01,153.0
GFI,M,2026-08-25,TD3C,2026-12-01,560.0
GFI,M,2026-08-25,TD20,2026-12-01,
GFI,M,2026-08-25,TD7,2026-12-01,172.5
GFI,M,2026-08-25,TD8,2026-12-01,240.0
GFI,M,2026-08-25,TD25,2026-12-01,
GFI,M,2026-08-25,TD22,2026-12-01,22.5
GFI,M,2026-08-25,TD19,2026-12-01,150.0
GFI,Q,2026-08-25,TD3C,2026-10-01,585.0
GFI,Q,2026-08-25,TD20,2026-10-01,14.5
GFI,Q,2026-08-25,TD7,2026-10-01,182.5
GFI,Q,2026-08-25,TD8,2026-10-01,260.0
GFI,Q,2026-08-25,TD25,2026-10-01,137.37
GFI,Q,2026-08-25,TD22,2026-10-01,23.25
GFI,Q,2026-08-25,TD19,2026-10-01,156.0
GFI,Q,2026-08-25,TD3C,2027-01-01,479.96
GFI,Q,2026-08-25,TD20,2027-01-01,82.45
GFI,Q,2026-08-25,TD7,2027-01-01,155.97
GFI,Q,2026-08-25,TD8,2027-01-01,160.83
GFI,Q,2026-08-25,TD25,2027-01-01,238.23
GFI,Q,2026-08-25,TD22,2027-01-01,22.0
GFI,Q,2026-08-25,TD19,2027-01-01,122.51
GFI,Q,2026-08-25,TD3C,2027-04-01,84.0
GFI,Q,2026-08-25,TD20,2027-04-01,78.68
GFI,Q,2026-08-25,TD7,2027-04-01,14.6
GFI,Q,2026-08-25,TD8,2027-04-01,20.5
GFI,Q,2026-08-25,TD25,2027-04-01,27.61
GFI,Q,2026-08-25,TD22,2027-04-01,74.07
GFI,Q,2026-08-25,TD19,2027-04-01,13.25
GFI,A,2026-08-25,TD3C,2027-01-01,74.5
GFI,A,2026-08-25,TD20,2027-01-01,76.8
GFI,A,2026-08-25,TD7,2027-01-01,14.9
GFI,A,2026-08-25,TD8,2027-01-01,20.82
GFI,A,2026-08-25,TD25,2027-01-01,25.47
GFI,A,2026-08-25,TD22,2027-01-01,67.59
GFI,A,2026-08-25,TD19,2027-01-01,14.0
GFI,A,2026-08-25,TD3C,2028-01-01,29.0
GFI,A,2026-08-25,TD20,2028-01-01,66.61
GFI,A,2026-08-25,TD7,2028-01-01,13.0
GFI,A,2026-08-25,TD8,2028-01-01,20.25
GFI,A,2026-08-25,TD25,2028-01-01,23.23
GFI,A,2026-08-25,TD22,2028-01-01,48.15
GFI,A,2026-08-25,TD19,2028-01-01,13.55
GFI,BITR,2026-08-26,TD3C,2026-08-01,619.44
GFI,BITR,2026-08-26,TD20,2026-08-01,264.17
GFI,BITR,2026-08-26,TD7,2026-08-01,216.25
GFI,BITR,2026-08-26,TD8,2026-08-01,360.83
GFI,BITR,2026-08-26,TD25,2026-08-01,230.28
GFI,BITR,2026-08-26,TD22,2026-08-01,24850000.0
GFI,BITR,2026-08-26,TD19,2026-08-01,270.11
GFI,MTD,2026-08-26,TD3C,2026-08-01,512.24
GFI,MTD,2026-08-26,TD20,2026-08-01,248.11
GFI,MTD,2026-08-26,TD7,2026-08-01,207.04
GFI,MTD,2026-08-26,TD8,2026-08-01,333.56
GFI,MTD,2026-08-26,TD25,2026-08-01,329.88
GFI,MTD,2026-08-26,TD22,2026-08-01,20756858.0
GFI,MTD,2026-08-26,TD19,2026-08-01,238.25
GFI,M,2026-08-26,TD3C,2026-08-01,521.0
GFI,M,2026-08-26,TD20,2026-08-01,13.4
GFI,M,2026-08-26,TD7,2026-08-01,207.5
GFI,M,2026-08-26,TD8,2026-08-01,345.0
GFI,M,2026-08-26,TD25,2026-08-01,123.86
GFI,M,2026-08-26,TD22,2026-08-01,21.2
GFI,M,2026-08-26,TD19,2026-08-01,230.0
GFI,M,2026-08-26,TD3C,2026-09-01,590.0
GFI,M,2026-08-26,TD20,2026-09-01,
GFI,M,2026-08-26,TD7,2026-09-01,195.0
GFI,M,2026-08-26,TD8,2026-09-01,350.0
GFI,M,2026-08-26,TD25,2026-09-01,
GFI,M,2026-08-26,TD22,2026-09-01,25.5
GFI,M,2026-08-26,TD19,2026-09-01,200.0
GFI,M,2026-08-26,TD3C,2026-10-01,540.0
GFI,M,2026-08-26,TD20,2026-10-01,
GFI,M,2026-08-26,TD7,2026-10-01,192.5
GFI,M,2026-08-26,TD8,2026-10-01,280.0
GFI,M,2026-08-26,TD25,2026-10-01,
GFI,M,2026-08-26,TD22,2026-10-01,24.5
GFI,M,2026-08-26,TD19,2026-10-01,165.0
GFI,M,2026-08-26,TD3C,2026-11-01,520.0
GFI,M,2026-08-26,TD20,2026-11-01,
GFI,M,2026-08-26,TD7,2026-11-01,182.5
GFI,M,2026-08-26,TD8,2026-11-01,260.0
GFI,M,2026-08-26,TD25,2026-11-01,
GFI,M,2026-08-26,TD22,2026-11-01,22.75
GFI,M,2026-08-26,TD19,2026-11-01,153.0
GFI,M,2026-08-26,TD3C,2026-12-01,500.0
GFI,M,2026-08-26,TD20,2026-12-01,
GFI,M,2026-08-26,TD7,2026-12-01,172.5
GFI,M,2026-08-26,TD8,2026-12-01,240.0
GFI,M,2026-08-26,TD25,2026-12-01,
GFI,M,2026-08-26,TD22,2026-12-01,22.5
GFI,M,2026-08-26,TD19,2026-12-01,150.0
GFI,Q,2026-08-26,TD3C,2026-10-01,520.0
GFI,Q,2026-08-26,TD20,2026-10-01,14.5
GFI,Q,2026-08-26,TD7,2026-10-01,182.5
GFI,Q,2026-08-26,TD8,2026-10-01,260.0
GFI,Q,2026-08-26,TD25,2026-10-01,137.37
GFI,Q,2026-08-26,TD22,2026-10-01,23.25
GFI,Q,2026-08-26,TD19,2026-10-01,156.0
GFI,Q,2026-08-26,TD3C,2027-01-01,373.58
GFI,Q,2026-08-26,TD20,2027-01-01,82.45
GFI,Q,2026-08-26,TD7,2027-01-01,155.97
GFI,Q,2026-08-26,TD8,2027-01-01,160.83
GFI,Q,2026-08-26,TD25,2027-01-01,238.23
GFI,Q,2026-08-26,TD22,2027-01-01,22.0
GFI,Q,2026-08-26,TD19,2027-01-01,122.51
GFI,Q,2026-08-26,TD3C,2027-04-01,64.0
GFI,Q,2026-08-26,TD20,2027-04-01,78.68
GFI,Q,2026-08-26,TD7,2027-04-01,14.6
GFI,Q,2026-08-26,TD8,2027-04-01,20.5
GFI,Q,2026-08-26,TD25,2027-04-01,27.61
GFI,Q,2026-08-26,TD22,2027-04-01,74.07
GFI,Q,2026-08-26,TD19,2027-04-01,13.25
GFI,A,2026-08-26,TD3C,2027-01-01,58.0
GFI,A,2026-08-26,TD20,2027-01-01,76.8
GFI,A,2026-08-26,TD7,2027-01-01,14.9
GFI,A,2026-08-26,TD8,2027-01-01,20.82
GFI,A,2026-08-26,TD25,2027-01-01,25.47
GFI,A,2026-08-26,TD22,2027-01-01,67.59
GFI,A,2026-08-26,TD19,2027-01-01,14.0
GFI,A,2026-08-26,TD3C,2028-01-01,27.25
GFI,A,2026-08-26,TD20,2028-01-01,66.61
GFI,A,2026-08-26,TD7,2028-01-01,13.0
GFI,A,2026-08-26,TD8,2028-01-01,20.25
GFI,A,2026-08-26,TD25,2028-01-01,23.23
GFI,A,2026-08-26,TD22,2028-01-01,48.15
GFI,A,2026-08-26,TD19,2028-01-01,13.55
GFI,BITR,2026-08-27,TD3C,2026-08-01,623.33
GFI,BITR,2026-08-27,TD20,2026-08-01,237.78
GFI,BITR,2026-08-27,TD7,2026-08-01,213.75
GFI,BITR,2026-08-27,TD8,2026-08-01,360.42
GFI,BITR,2026-08-27,TD25,2026-08-01,201.67
GFI,BITR,2026-08-27,TD22,2026-08-01,24600000.0
GFI,BITR,2026-08-27,TD19,2026-08-01,268.0
GFI,MTD,2026-08-27,TD3C,2026-08-01,518.09
GFI,MTD,2026-08-27,TD20,2026-08-01,247.56
GFI,MTD,2026-08-27,TD7,2026-08-01,207.39
GFI,MTD,2026-08-27,TD8,2026-08-01,335.05
GFI,MTD,2026-08-27,TD25,2026-08-01,323.13
GFI,MTD,2026-08-27,TD22,2026-08-01,20959128.63
GFI,MTD,2026-08-27,TD19,2026-08-01,239.81
GFI,M,2026-08-27,TD3C,2026-08-01,523.5
GFI,M,2026-08-27,TD20,2026-08-01,13.4
GFI,M,2026-08-27,TD7,2026-08-01,207.5
GFI,M,2026-08-27,TD8,2026-08-01,345.0
GFI,M,2026-08-27,TD25,2026-08-01,123.86
GFI,M,2026-08-27,TD22,2026-08-01,21.2
GFI,M,2026-08-27,TD19,2026-08-01,230.0
GFI,M,2026-08-27,TD3C,2026-09-01,600.0
GFI,M,2026-08-27,TD20,2026-09-01,
GFI,M,2026-08-27,TD7,2026-09-01,195.0
GFI,M,2026-08-27,TD8,2026-09-01,350.0
GFI,M,2026-08-27,TD25,2026-09-01,
GFI,M,2026-08-27,TD22,2026-09-01,25.5
GFI,M,2026-08-27,TD19,2026-09-01,200.0
GFI,M,2026-08-27,TD3C,2026-10-01,550.0
GFI,M,2026-08-27,TD20,2026-10-01,
GFI,M,2026-08-27,TD7,2026-10-01,192.5
GFI,M,2026-08-27,TD8,2026-10-01,280.0
GFI,M,2026-08-27,TD25,2026-10-01,
GFI,M,2026-08-27,TD22,2026-10-01,24.5
GFI,M,2026-08-27,TD19,2026-10-01,165.0
GFI,M,2026-08-27,TD3C,2026-11-01,530.0
GFI,M,2026-08-27,TD20,2026-11-01,
GFI,M,2026-08-27,TD7,2026-11-01,182.5
GFI,M,2026-08-27,TD8,2026-11-01,260.0
GFI,M,2026-08-27,TD25,2026-11-01,
GFI,M,2026-08-27,TD22,2026-11-01,22.75
GFI,M,2026-08-27,TD19,2026-11-01,153.0
GFI,M,2026-08-27,TD3C,2026-12-01,510.0
GFI,M,2026-08-27,TD20,2026-12-01,
GFI,M,2026-08-27,TD7,2026-12-01,172.5
GFI,M,2026-08-27,TD8,2026-12-01,240.0
GFI,M,2026-08-27,TD25,2026-12-01,
GFI,M,2026-08-27,TD22,2026-12-01,22.5
GFI,M,2026-08-27,TD19,2026-12-01,150.0
GFI,Q,2026-08-27,TD3C,2026-10-01,530.0
GFI,Q,2026-08-27,TD20,2026-10-01,14.5
GFI,Q,2026-08-27,TD7,2026-10-01,182.5
GFI,Q,2026-08-27,TD8,2026-10-01,260.0
GFI,Q,2026-08-27,TD25,2026-10-01,137.37
GFI,Q,2026-08-27,TD22,2026-10-01,23.25
GFI,Q,2026-08-27,TD19,2026-10-01,156.0
GFI,Q,2026-08-27,TD3C,2027-01-01,425.53
GFI,Q,2026-08-27,TD20,2027-01-01,82.45
GFI,Q,2026-08-27,TD7,2027-01-01,155.97
GFI,Q,2026-08-27,TD8,2027-01-01,160.83
GFI,Q,2026-08-27,TD25,2027-01-01,238.23
GFI,Q,2026-08-27,TD22,2027-01-01,22.0
GFI,Q,2026-08-27,TD19,2027-01-01,122.51
GFI,Q,2026-08-27,TD3C,2027-04-01,71.0
GFI,Q,2026-08-27,TD20,2027-04-01,78.68
GFI,Q,2026-08-27,TD7,2027-04-01,14.6
GFI,Q,2026-08-27,TD8,2027-04-01,20.5
GFI,Q,2026-08-27,TD25,2027-04-01,27.61
GFI,Q,2026-08-27,TD22,2027-04-01,74.07
GFI,Q,2026-08-27,TD19,2027-04-01,13.25
GFI,A,2026-08-27,TD3C,2027-01-01,62.5
GFI,A,2026-08-27,TD20,2027-01-01,76.8
GFI,A,2026-08-27,TD7,2027-01-01,14.9
GFI,A,2026-08-27,TD8,2027-01-01,20.82
GFI,A,2026-08-27,TD25,2027-01-01,25.47
GFI,A,2026-08-27,TD22,2027-01-01,67.59
GFI,A,2026-08-27,TD19,2027-01-01,14.0
GFI,A,2026-08-27,TD3C,2028-01-01,27.85
GFI,A,2026-08-27,TD20,2028-01-01,66.61
GFI,A,2026-08-27,TD7,2028-01-01,13.0
GFI,A,2026-08-27,TD8,2028-01-01,20.25
GFI,A,2026-08-27,TD25,2028-01-01,23.23
GFI,A,2026-08-27,TD22,2028-01-01,48.15
GFI,A,2026-08-27,TD19,2028-01-01,13.55
GFI,BITR,2026-08-28,TD3C,2026-08-01,631.67
GFI,BITR,2026-08-28,TD20,2026-08-01,212.78
GFI,BITR,2026-08-28,TD7,2026-08-01,211.25
GFI,BITR,2026-08-28,TD8,2026-08-01,360.0
GFI,BITR,2026-08-28,TD25,2026-08-01,216.67
GFI,BITR,2026-08-28,TD22,2026-08-01,24333333.0
GFI,BITR,2026-08-28,TD19,2026-08-01,265.56
GFI,MTD,2026-08-28,TD3C,2026-08-01,523.77
GFI,MTD,2026-08-28,TD20,2026-08-01,245.82
GFI,MTD,2026-08-28,TD7,2026-08-01,207.58
GFI,MTD,2026-08-28,TD8,2026-08-01,336.36
GFI,MTD,2026-08-28,TD25,2026-08-01,317.81
GFI,MTD,2026-08-28,TD22,2026-08-01,21127838.85
GFI,MTD,2026-08-28,TD19,2026-08-01,241.1
GFI,M,2026-08-28,TD3C,2026-08-01,523.5
GFI,M,2026-08-28,TD20,2026-08-01,13.4
GFI,M,2026-08-28,TD7,2026-08-01,207.5
GFI,M,2026-08-28,TD8,2026-08-01,345.0
GFI,M,2026-08-28,TD25,2026-08-01,123.86
GFI,M,2026-08-28,TD22,2026-08-01,21.2
GFI,M,2026-08-28,TD19,2026-08-01,230.0
GFI,M,2026-08-28,TD3C,2026-09-01,600.0
GFI,M,2026-08-28,TD20,2026-09-01,
GFI,M,2026-08-28,TD7,2026-09-01,195.0
GFI,M,2026-08-28,TD8,2026-09-01,350.0
GFI,M,2026-08-28,TD25,2026-09-01,
GFI,M,2026-08-28,TD22,2026-09-01,25.5
GFI,M,2026-08-28,TD19,2026-09-01,200.0
GFI,M,2026-08-28,TD3C,2026-10-01,554.0
GFI,M,2026-08-28,TD20,2026-10-01,
GFI,M,2026-08-28,TD7,2026-10-01,192.5
GFI,M,2026-08-28,TD8,2026-10-01,280.0
GFI,M,2026-08-28,TD25,2026-10-01,
GFI,M,2026-08-28,TD22,2026-10-01,24.5
GFI,M,2026-08-28,TD19,2026-10-01,165.0
GFI,M,2026-08-28,TD3C,2026-11-01,534.0
GFI,M,2026-08-28,TD20,2026-11-01,
GFI,M,2026-08-28,TD7,2026-11-01,182.5
GFI,M,2026-08-28,TD8,2026-11-01,260.0
GFI,M,2026-08-28,TD25,2026-11-01,
GFI,M,2026-08-28,TD22,2026-11-01,22.75
GFI,M,2026-08-28,TD19,2026-11-01,153.0
GFI,M,2026-08-28,TD3C,2026-12-01,514.0
GFI,M,2026-08-28,TD20,2026-12-01,
GFI,M,2026-08-28,TD7,2026-12-01,172.5
GFI,M,2026-08-28,TD8,2026-12-01,240.0
GFI,M,2026-08-28,TD25,2026-12-01,
GFI,M,2026-08-28,TD22,2026-12-01,22.5
GFI,M,2026-08-28,TD19,2026-12-01,150.0
GFI,Q,2026-08-28,TD3C,2026-10-01,534.0
GFI,Q,2026-08-28,TD20,2026-10-01,14.5
GFI,Q,2026-08-28,TD7,2026-10-01,182.5
GFI,Q,2026-08-28,TD8,2026-10-01,260.0
GFI,Q,2026-08-28,TD25,2026-10-01,137.37
GFI,Q,2026-08-28,TD22,2026-10-01,23.25
GFI,Q,2026-08-28,TD19,2026-10-01,156.0
GFI,Q,2026-08-28,TD3C,2027-01-01,415.64
GFI,Q,2026-08-28,TD20,2027-01-01,82.45
GFI,Q,2026-08-28,TD7,2027-01-01,155.97
GFI,Q,2026-08-28,TD8,2027-01-01,160.83
GFI,Q,2026-08-28,TD25,2027-01-01,238.23
GFI,Q,2026-08-28,TD22,2027-01-01,22.0
GFI,Q,2026-08-28,TD19,2027-01-01,122.51
GFI,Q,2026-08-28,TD3C,2027-04-01,68.0
GFI,Q,2026-08-28,TD20,2027-04-01,78.68
GFI,Q,2026-08-28,TD7,2027-04-01,14.6
GFI,Q,2026-08-28,TD8,2027-04-01,20.5
GFI,Q,2026-08-28,TD25,2027-04-01,27.61
GFI,Q,2026-08-28,TD22,2027-04-01,74.07
GFI,Q,2026-08-28,TD19,2027-04-01,13.25
GFI,A,2026-08-28,TD3C,2027-01-01,61.5
GFI,A,2026-08-28,TD20,2027-01-01,76.8
GFI,A,2026-08-28,TD7,2027-01-01,14.9
GFI,A,2026-08-28,TD8,2027-01-01,20.82
GFI,A,2026-08-28,TD25,2027-01-01,25.47
GFI,A,2026-08-28,TD22,2027-01-01,67.59
GFI,A,2026-08-28,TD19,2027-01-01,14.0
GFI,A,2026-08-28,TD3C,2028-01-01,27.85
GFI,A,2026-08-28,TD20,2028-01-01,66.61
GFI,A,2026-08-28,TD7,2028-01-01,13.0
GFI,A,2026-08-28,TD8,2028-01-01,20.25
GFI,A,2026-08-28,TD25,2028-01-01,23.23
GFI,A,2026-08-28,TD22,2028-01-01,48.15
GFI,A,2026-08-28,TD19,2028-01-01,13.55
GFI,BITR,2026-09-01,TD3C,2026-08-01,651.67
GFI,BITR,2026-09-01,TD20,2026-08-01,186.39
GFI,BITR,2026-09-01,TD7,2026-08-01,208.33
GFI,BITR,2026-09-01,TD8,2026-08-01,359.17
GFI,BITR,2026-09-01,TD25,2026-08-01,219.44
GFI,BITR,2026-09-01,TD22,2026-08-01,24527778.0
GFI,BITR,2026-09-01,TD19,2026-08-01,235.44
GFI,MTD,2026-09-01,TD3C,2026-08-01,651.67
GFI,MTD,2026-09-01,TD20,2026-08-01,186.39
GFI,MTD,2026-09-01,TD7,2026-08-01,208.33
GFI,MTD,2026-09-01,TD8,2026-08-01,359.17
GFI,MTD,2026-09-01,TD25,2026-08-01,219.44
GFI,MTD,2026-09-01,TD22,2026-08-01,24527778.0
GFI,MTD,2026-09-01,TD19,2026-08-01,235.44
GFI,M,2026-09-01,TD3C,2026-09-01,630.0
GFI,M,2026-09-01,TD20,2026-09-01,
GFI,M,2026-09-01,TD7,2026-09-01,195.0
GFI,M,2026-09-01,TD8,2026-09-01,350.0
GFI,M,2026-09-01,TD25,2026-09-01,
GFI,M,2026-09-01,TD22,2026-09-01,25.5
GFI,M,2026-09-01,TD19,2026-09-01,200.0
GFI,M,2026-09-01,TD3C,2026-10-01,600.0
GFI,M,2026-09-01,TD20,2026-10-01,
GFI,M,2026-09-01,TD7,2026-10-01,192.5
GFI,M,2026-09-01,TD8,2026-10-01,280.0
GFI,M,2026-09-01,TD25,2026-10-01,
GFI,M,2026-09-01,TD22,2026-10-01,24.5
GFI,M,2026-09-01,TD19,2026-10-01,165.0
GFI,M,2026-09-01,TD3C,2026-11-01,570.0
GFI,M,2026-09-01,TD20,2026-11-01,
GFI,M,2026-09-01,TD7,2026-11-01,182.5
GFI,M,2026-09-01,TD8,2026-11-01,260.0
GFI,M,2026-09-01,TD25,2026-11-01,
GFI,M,2026-09-01,TD22,2026-11-01,22.75
GFI,M,2026-09-01,TD19,2026-11-01,153.0
GFI,M,2026-09-01,TD3C,2026-12-01,540.0
GFI,M,2026-09-01,TD20,2026-12-01,
GFI,M,2026-09-01,TD7,2026-12-01,172.5
GFI,M,2026-09-01,TD8,2026-12-01,240.0
GFI,M,2026-09-01,TD25,2026-12-01,
GFI,M,2026-09-01,TD22,2026-12-01,22.5
GFI,M,2026-09-01,TD19,2026-12-01,150.0
GFI,M,2026-09-01,TD3C,2027-01-01,445.32
GFI,M,2026-09-01,TD20,2027-01-01,
GFI,M,2026-09-01,TD7,2027-01-01,160.91
GFI,M,2026-09-01,TD8,2027-01-01,167.98
GFI,M,2026-09-01,TD25,2027-01-01,
GFI,M,2026-09-01,TD22,2027-01-01,22.25
GFI,M,2026-09-01,TD19,2027-01-01,130.81
GFI,Q,2026-09-01,TD3C,2026-10-01,570.0
GFI,Q,2026-09-01,TD20,2026-10-01,14.5
GFI,Q,2026-09-01,TD7,2026-10-01,182.5
GFI,Q,2026-09-01,TD8,2026-10-01,260.0
GFI,Q,2026-09-01,TD25,2026-10-01,137.37
GFI,Q,2026-09-01,TD22,2026-10-01,23.25
GFI,Q,2026-09-01,TD19,2026-10-01,156.0
GFI,Q,2026-09-01,TD3C,2027-01-01,428.01
GFI,Q,2026-09-01,TD20,2027-01-01,82.45
GFI,Q,2026-09-01,TD7,2027-01-01,155.97
GFI,Q,2026-09-01,TD8,2027-01-01,160.83
GFI,Q,2026-09-01,TD25,2027-01-01,238.23
GFI,Q,2026-09-01,TD22,2027-01-01,22.0
GFI,Q,2026-09-01,TD19,2027-01-01,122.51
GFI,Q,2026-09-01,TD3C,2027-04-01,68.5
GFI,Q,2026-09-01,TD20,2027-04-01,78.68
GFI,Q,2026-09-01,TD7,2027-04-01,14.6
GFI,Q,2026-09-01,TD8,2027-04-01,20.5
GFI,Q,2026-09-01,TD25,2027-04-01,27.61
GFI,Q,2026-09-01,TD22,2027-04-01,74.07
GFI,Q,2026-09-01,TD19,2027-04-01,13.25
GFI,A,2026-09-01,TD3C,2027-01-01,63.0
GFI,A,2026-09-01,TD20,2027-01-01,76.8
GFI,A,2026-09-01,TD7,2027-01-01,14.9
GFI,A,2026-09-01,TD8,2027-01-01,20.82
GFI,A,2026-09-01,TD25,2027-01-01,25.47
GFI,A,2026-09-01,TD22,2027-01-01,67.59
GFI,A,2026-09-01,TD19,2027-01-01,14.0
GFI,A,2026-09-01,TD3C,2028-01-01,27.85
GFI,A,2026-09-01,TD20,2028-01-01,66.61
GFI,A,2026-09-01,TD7,2028-01-01,13.0
GFI,A,2026-09-01,TD8,2028-01-01,20.25
GFI,A,2026-09-01,TD25,2028-01-01,23.23
GFI,A,2026-09-01,TD22,2028-01-01,48.15
GFI,A,2026-09-01,TD19,2028-01-01,13.55
GFI,BITR,2026-09-07,TD3C,2026-09-01,699.44
GFI,BITR,2026-09-07,TD20,2026-09-01,255.56
GFI,BITR,2026-09-07,TD7,2026-09-01,206.67
GFI,BITR,2026-09-07,TD8,2026-09-01,387.5
GFI,BITR,2026-09-07,TD25,2026-09-01,
GFI,BITR,2026-09-07,TD22,2026-09-01,29625000.0
GFI,BITR,2026-09-07,TD19,2026-09-01,246.67
GFI,MTD,2026-09-07,TD3C,2026-09-01,673.56
GFI,MTD,2026-09-07,TD20,2026-09-01,219.44
GFI,MTD,2026-09-07,TD7,2026-09-01,206.58
GFI,MTD,2026-09-07,TD8,2026-09-01,370.07
GFI,MTD,2026-09-07,TD25,2026-09-01,228.4
GFI,MTD,2026-09-07,TD22,2026-09-01,27580555.6
GFI,MTD,2026-09-07,TD19,2026-09-01,232.11
GFI,M,2026-09-07,TD3C,2026-09-01,695.0
GFI,M,2026-09-07,TD20,2026-09-01,
GFI,M,2026-09-07,TD7,2026-09-01,205.0
GFI,M,2026-09-07,TD8,2026-09-01,365.0
GFI,M,2026-09-07,TD25,2026-09-01,
GFI,M,2026-09-07,TD22,2026-09-01,30.0
GFI,M,2026-09-07,TD19,2026-09-01,235.0
GFI,M,2026-09-07,TD3C,2026-10-01,687.5
GFI,M,2026-09-07,TD20,2026-10-01,
GFI,M,2026-09-07,TD7,2026-10-01,205.0
GFI,M,2026-09-07,TD8,2026-10-01,310.0
GFI,M,2026-09-07,TD25,2026-10-01,
GFI,M,2026-09-07,TD22,2026-10-01,29.25
GFI,M,2026-09-07,TD19,2026-10-01,205.0
GFI,M,2026-09-07,TD3C,2026-11-01,637.5
GFI,M,2026-09-07,TD20,2026-11-01,
GFI,M,2026-09-07,TD7,2026-11-01,192.5
GFI,M,2026-09-07,TD8,2026-11-01,290.0
GFI,M,2026-09-07,TD25,2026-11-01,
GFI,M,2026-09-07,TD22,2026-11-01,27.0
GFI,M,2026-09-07,TD19,2026-11-01,185.0
GFI,M,2026-09-07,TD3C,2026-12-01,604.75
GFI,M,2026-09-07,TD20,2026-12-01,
GFI,M,2026-09-07,TD7,2026-12-01,180.0
GFI,M,2026-09-07,TD8,2026-12-01,250.0
GFI,M,2026-09-07,TD25,2026-12-01,
GFI,M,2026-09-07,TD22,2026-12-01,26.25
GFI,M,2026-09-07,TD19,2026-12-01,160.0
GFI,M,2026-09-07,TD3C,2027-01-01,487.38
GFI,M,2026-09-07,TD20,2027-01-01,
GFI,M,2026-09-07,TD7,2027-01-01,182.63
GFI,M,2026-09-07,TD8,2027-01-01,167.98
GFI,M,2026-09-07,TD25,2027-01-01,
GFI,M,2026-09-07,TD22,2027-01-01,23.5
GFI,M,2026-09-07,TD19,2027-01-01,130.81
GFI,Q,2026-09-07,TD3C,2026-10-01,643.25
GFI,Q,2026-09-07,TD20,2026-10-01,14.5
GFI,Q,2026-09-07,TD7,2026-10-01,192.5
GFI,Q,2026-09-07,TD8,2026-10-01,283.33
GFI,Q,2026-09-07,TD25,2026-10-01,137.37
GFI,Q,2026-09-07,TD22,2026-10-01,27.5
GFI,Q,2026-09-07,TD19,2026-10-01,183.33
GFI,Q,2026-09-07,TD3C,2027-01-01,470.06
GFI,Q,2026-09-07,TD20,2027-01-01,82.45
GFI,Q,2026-09-07,TD7,2027-01-01,177.69
GFI,Q,2026-09-07,TD8,2027-01-01,160.83
GFI,Q,2026-09-07,TD25,2027-01-01,238.23
GFI,Q,2026-09-07,TD22,2027-01-01,23.25
GFI,Q,2026-09-07,TD19,2027-01-01,122.51
GFI,Q,2026-09-07,TD3C,2027-04-01,75.0
GFI,Q,2026-09-07,TD20,2027-04-01,78.68
GFI,Q,2026-09-07,TD7,2027-04-01,15.2
GFI,Q,2026-09-07,TD8,2027-04-01,20.5
GFI,Q,2026-09-07,TD25,2027-04-01,27.61
GFI,Q,2026-09-07,TD22,2027-04-01,76.85
GFI,Q,2026-09-07,TD19,2027-04-01,13.25
GFI,A,2026-09-07,TD3C,2027-01-01,68.0
GFI,A,2026-09-07,TD20,2027-01-01,76.8
GFI,A,2026-09-07,TD7,2027-01-01,15.72
GFI,A,2026-09-07,TD8,2027-01-01,20.82
GFI,A,2026-09-07,TD25,2027-01-01,25.47
GFI,A,2026-09-07,TD22,2027-01-01,70.37
GFI,A,2026-09-07,TD19,2027-01-01,14.0
GFI,A,2026-09-07,TD3C,2028-01-01,27.5
GFI,A,2026-09-07,TD20,2028-01-01,66.61
GFI,A,2026-09-07,TD7,2028-01-01,13.35
GFI,A,2026-09-07,TD8,2028-01-01,20.25
GFI,A,2026-09-07,TD25,2028-01-01,23.23
GFI,A,2026-09-07,TD22,2028-01-01,48.15
GFI,A,2026-09-07,TD19,2028-01-01,13.55
GFI,BITR,2026-09-02,TD3C,2026-09-01,661.67
GFI,BITR,2026-09-02,TD20,2026-09-01,191.11
GFI,BITR,2026-09-02,TD7,2026-09-01,206.25
GFI,BITR,2026-09-02,TD8,2026-09-01,361.67
GFI,BITR,2026-09-02,TD25,2026-09-01,221.67
GFI,BITR,2026-09-02,TD22,2026-09-01,26527778.0
GFI,BITR,2026-09-02,TD19,2026-09-01,227.06
GFI,MTD,2026-09-02,TD3C,2026-09-01,656.67
GFI,MTD,2026-09-02,TD20,2026-09-01,188.75
GFI,MTD,2026-09-02,TD7,2026-09-01,207.29
GFI,MTD,2026-09-02,TD8,2026-09-01,360.42
GFI,MTD,2026-09-02,TD25,2026-09-01,220.56
GFI,MTD,2026-09-02,TD22,2026-09-01,25527778.0
GFI,MTD,2026-09-02,TD19,2026-09-01,231.25
GFI,M,2026-09-02,TD3C,2026-09-01,670.0
GFI,M,2026-09-02,TD20,2026-09-01,
GFI,M,2026-09-02,TD7,2026-09-01,200.0
GFI,M,2026-09-02,TD8,2026-09-01,350.0
GFI,M,2026-09-02,TD25,2026-09-01,
GFI,M,2026-09-02,TD22,2026-09-01,26.5
GFI,M,2026-09-02,TD19,2026-09-01,200.0
GFI,M,2026-09-02,TD3C,2026-10-01,620.0
GFI,M,2026-09-02,TD20,2026-10-01,
GFI,M,2026-09-02,TD7,2026-10-01,195.0
GFI,M,2026-09-02,TD8,2026-10-01,280.0
GFI,M,2026-09-02,TD25,2026-10-01,
GFI,M,2026-09-02,TD22,2026-10-01,27.5
GFI,M,2026-09-02,TD19,2026-10-01,165.0
GFI,M,2026-09-02,TD3C,2026-11-01,580.0
GFI,M,2026-09-02,TD20,2026-11-01,
GFI,M,2026-09-02,TD7,2026-11-01,185.0
GFI,M,2026-09-02,TD8,2026-11-01,260.0
GFI,M,2026-09-02,TD25,2026-11-01,
GFI,M,2026-09-02,TD22,2026-11-01,25.75
GFI,M,2026-09-02,TD19,2026-11-01,153.0
GFI,M,2026-09-02,TD3C,2026-12-01,555.0
GFI,M,2026-09-02,TD20,2026-12-01,
GFI,M,2026-09-02,TD7,2026-12-01,175.0
GFI,M,2026-09-02,TD8,2026-12-01,240.0
GFI,M,2026-09-02,TD25,2026-12-01,
GFI,M,2026-09-02,TD22,2026-12-01,25.5
GFI,M,2026-09-02,TD19,2026-12-01,150.0
GFI,M,2026-09-02,TD3C,2027-01-01,452.75
GFI,M,2026-09-02,TD20,2027-01-01,
GFI,M,2026-09-02,TD7,2027-01-01,160.91
GFI,M,2026-09-02,TD8,2027-01-01,167.98
GFI,M,2026-09-02,TD25,2027-01-01,
GFI,M,2026-09-02,TD22,2027-01-01,23.25
GFI,M,2026-09-02,TD19,2027-01-01,130.81
GFI,Q,2026-09-02,TD3C,2026-10-01,585.0
GFI,Q,2026-09-02,TD20,2026-10-01,14.5
GFI,Q,2026-09-02,TD7,2026-10-01,185.0
GFI,Q,2026-09-02,TD8,2026-10-01,260.0
GFI,Q,2026-09-02,TD25,2026-10-01,137.37
GFI,Q,2026-09-02,TD22,2026-10-01,26.25
GFI,Q,2026-09-02,TD19,2026-10-01,156.0
GFI,Q,2026-09-02,TD3C,2027-01-01,435.43
GFI,Q,2026-09-02,TD20,2027-01-01,82.45
GFI,Q,2026-09-02,TD7,2027-01-01,155.97
GFI,Q,2026-09-02,TD8,2027-01-01,160.83
GFI,Q,2026-09-02,TD25,2027-01-01,238.23
GFI,Q,2026-09-02,TD22,2027-01-01,23.0
GFI,Q,2026-09-02,TD19,2027-01-01,122.51
GFI,Q,2026-09-02,TD3C,2027-04-01,73.0
GFI,Q,2026-09-02,TD20,2027-04-01,78.68
GFI,Q,2026-09-02,TD7,2027-04-01,14.6
GFI,Q,2026-09-02,TD8,2027-04-01,20.5
GFI,Q,2026-09-02,TD25,2027-04-01,27.61
GFI,Q,2026-09-02,TD22,2027-04-01,75.93
GFI,Q,2026-09-02,TD19,2027-04-01,13.25
GFI,A,2026-09-02,TD3C,2027-01-01,64.75
GFI,A,2026-09-02,TD20,2027-01-01,76.8
GFI,A,2026-09-02,TD7,2027-01-01,14.9
GFI,A,2026-09-02,TD8,2027-01-01,20.82
GFI,A,2026-09-02,TD25,2027-01-01,25.47
GFI,A,2026-09-02,TD22,2027-01-01,69.44
GFI,A,2026-09-02,TD19,2027-01-01,14.0
GFI,A,2026-09-02,TD3C,2028-01-01,27.75
GFI,A,2026-09-02,TD20,2028-01-01,66.61
GFI,A,2026-09-02,TD7,2028-01-01,13.0
GFI,A,2026-09-02,TD8,2028-01-01,20.25
GFI,A,2026-09-02,TD25,2028-01-01,23.23
GFI,A,2026-09-02,TD22,2028-01-01,48.15
GFI,A,2026-09-02,TD19,2028-01-01,13.55
GFI,BITR,2026-09-03,TD3C,2026-09-01,677.22
GFI,BITR,2026-09-03,TD20,2026-09-01,214.72
GFI,BITR,2026-09-03,TD7,2026-09-01,205.83
GFI,BITR,2026-09-03,TD8,2026-09-01,366.42
GFI,BITR,2026-09-03,TD25,2026-09-01,234.44
GFI,BITR,2026-09-03,TD22,2026-09-01,27944444.0
GFI,BITR,2026-09-03,TD19,2026-09-01,222.5
GFI,MTD,2026-09-03,TD3C,2026-09-01,663.52
GFI,MTD,2026-09-03,TD20,2026-09-01,197.41
GFI,MTD,2026-09-03,TD7,2026-09-01,206.8
GFI,MTD,2026-09-03,TD8,2026-09-01,362.42
GFI,MTD,2026-09-03,TD25,2026-09-01,225.18
GFI,MTD,2026-09-03,TD22,2026-09-01,26333333.33
GFI,MTD,2026-09-03,TD19,2026-09-01,228.33
GFI,M,2026-09-03,TD3C,2026-09-01,675.0
GFI,M,2026-09-03,TD20,2026-09-01,
GFI,M,2026-09-03,TD7,2026-09-01,202.5
GFI,M,2026-09-03,TD8,2026-09-01,360.0
GFI,M,2026-09-03,TD25,2026-09-01,
GFI,M,2026-09-03,TD22,2026-09-01,26.5
GFI,M,2026-09-03,TD19,2026-09-01,210.0
GFI,M,2026-09-03,TD3C,2026-10-01,670.0
GFI,M,2026-09-03,TD20,2026-10-01,
GFI,M,2026-09-03,TD7,2026-10-01,195.0
GFI,M,2026-09-03,TD8,2026-10-01,285.0
GFI,M,2026-09-03,TD25,2026-10-01,
GFI,M,2026-09-03,TD22,2026-10-01,27.5
GFI,M,2026-09-03,TD19,2026-10-01,170.0
GFI,M,2026-09-03,TD3C,2026-11-01,610.0
GFI,M,2026-09-03,TD20,2026-11-01,
GFI,M,2026-09-03,TD7,2026-11-01,185.0
GFI,M,2026-09-03,TD8,2026-11-01,265.0
GFI,M,2026-09-03,TD25,2026-11-01,
GFI,M,2026-09-03,TD22,2026-11-01,25.75
GFI,M,2026-09-03,TD19,2026-11-01,155.0
GFI,M,2026-09-03,TD3C,2026-12-01,580.0
GFI,M,2026-09-03,TD20,2026-12-01,
GFI,M,2026-09-03,TD7,2026-12-01,175.0
GFI,M,2026-09-03,TD8,2026-12-01,245.0
GFI,M,2026-09-03,TD25,2026-12-01,
GFI,M,2026-09-03,TD22,2026-12-01,25.5
GFI,M,2026-09-03,TD19,2026-12-01,150.0
GFI,M,2026-09-03,TD3C,2027-01-01,455.22
GFI,M,2026-09-03,TD20,2027-01-01,
GFI,M,2026-09-03,TD7,2027-01-01,160.91
GFI,M,2026-09-03,TD8,2027-01-01,167.98
GFI,M,2026-09-03,TD25,2027-01-01,
GFI,M,2026-09-03,TD22,2027-01-01,23.25
GFI,M,2026-09-03,TD19,2027-01-01,130.81
GFI,Q,2026-09-03,TD3C,2026-10-01,620.0
GFI,Q,2026-09-03,TD20,2026-10-01,14.5
GFI,Q,2026-09-03,TD7,2026-10-01,185.0
GFI,Q,2026-09-03,TD8,2026-10-01,265.0
GFI,Q,2026-09-03,TD25,2026-10-01,137.37
GFI,Q,2026-09-03,TD22,2026-10-01,26.25
GFI,Q,2026-09-03,TD19,2026-10-01,158.33
GFI,Q,2026-09-03,TD3C,2027-01-01,437.9
GFI,Q,2026-09-03,TD20,2027-01-01,82.45
GFI,Q,2026-09-03,TD7,2027-01-01,155.97
GFI,Q,2026-09-03,TD8,2027-01-01,160.83
GFI,Q,2026-09-03,TD25,2027-01-01,238.23
GFI,Q,2026-09-03,TD22,2027-01-01,23.0
GFI,Q,2026-09-03,TD19,2027-01-01,122.51
GFI,Q,2026-09-03,TD3C,2027-04-01,74.5
GFI,Q,2026-09-03,TD20,2027-04-01,78.68
GFI,Q,2026-09-03,TD7,2027-04-01,14.6
GFI,Q,2026-09-03,TD8,2027-04-01,20.5
GFI,Q,2026-09-03,TD25,2027-04-01,27.61
GFI,Q,2026-09-03,TD22,2027-04-01,75.93
GFI,Q,2026-09-03,TD19,2027-04-01,13.25
GFI,A,2026-09-03,TD3C,2027-01-01,65.75
GFI,A,2026-09-03,TD20,2027-01-01,76.8
GFI,A,2026-09-03,TD7,2027-01-01,14.9
GFI,A,2026-09-03,TD8,2027-01-01,20.82
GFI,A,2026-09-03,TD25,2027-01-01,25.47
GFI,A,2026-09-03,TD22,2027-01-01,69.44
GFI,A,2026-09-03,TD19,2027-01-01,14.0
GFI,A,2026-09-03,TD3C,2028-01-01,28.0
GFI,A,2026-09-03,TD20,2028-01-01,66.61
GFI,A,2026-09-03,TD7,2028-01-01,13.0
GFI,A,2026-09-03,TD8,2028-01-01,20.25
GFI,A,2026-09-03,TD25,2028-01-01,23.23
GFI,A,2026-09-03,TD22,2028-01-01,48.15
GFI,A,2026-09-03,TD19,2028-01-01,13.55
GFI,BITR,2026-09-04,TD3C,2026-09-01,677.78
GFI,BITR,2026-09-04,TD20,2026-09-01,249.44
GFI,BITR,2026-09-04,TD7,2026-09-01,205.83
GFI,BITR,2026-09-04,TD8,2026-09-01,375.58
GFI,BITR,2026-09-04,TD25,2026-09-01,238.06
GFI,BITR,2026-09-04,TD22,2026-09-01,29277778.0
GFI,BITR,2026-09-04,TD19,2026-09-01,228.89
GFI,MTD,2026-09-04,TD3C,2026-09-01,667.09
GFI,MTD,2026-09-04,TD20,2026-09-01,210.41
GFI,MTD,2026-09-04,TD7,2026-09-01,206.56
GFI,MTD,2026-09-04,TD8,2026-09-01,365.71
GFI,MTD,2026-09-04,TD25,2026-09-01,228.4
GFI,MTD,2026-09-04,TD22,2026-09-01,27069444.5
GFI,MTD,2026-09-04,TD19,2026-09-01,228.47
GFI,M,2026-09-04,TD3C,2026-09-01,685.0
GFI,M,2026-09-04,TD20,2026-09-01,
GFI,M,2026-09-04,TD7,2026-09-01,200.0
GFI,M,2026-09-04,TD8,2026-09-01,360.0
GFI,M,2026-09-04,TD25,2026-09-01,
GFI,M,2026-09-04,TD22,2026-09-01,28.75
GFI,M,2026-09-04,TD19,2026-09-01,210.0
GFI,M,2026-09-04,TD3C,2026-10-01,675.0
GFI,M,2026-09-04,TD20,2026-10-01,
GFI,M,2026-09-04,TD7,2026-10-01,190.0
GFI,M,2026-09-04,TD8,2026-10-01,285.0
GFI,M,2026-09-04,TD25,2026-10-01,
GFI,M,2026-09-04,TD22,2026-10-01,28.0
GFI,M,2026-09-04,TD19,2026-10-01,170.0
GFI,M,2026-09-04,TD3C,2026-11-01,625.0
GFI,M,2026-09-04,TD20,2026-11-01,
GFI,M,2026-09-04,TD7,2026-11-01,182.5
GFI,M,2026-09-04,TD8,2026-11-01,265.0
GFI,M,2026-09-04,TD25,2026-11-01,
GFI,M,2026-09-04,TD22,2026-11-01,26.75
GFI,M,2026-09-04,TD19,2026-11-01,155.0
GFI,M,2026-09-04,TD3C,2026-12-01,590.0
GFI,M,2026-09-04,TD20,2026-12-01,
GFI,M,2026-09-04,TD7,2026-12-01,175.0
GFI,M,2026-09-04,TD8,2026-12-01,245.0
GFI,M,2026-09-04,TD25,2026-12-01,
GFI,M,2026-09-04,TD22,2026-12-01,26.25
GFI,M,2026-09-04,TD19,2026-12-01,150.0
GFI,M,2026-09-04,TD3C,2027-01-01,472.54
GFI,M,2026-09-04,TD20,2027-01-01,
GFI,M,2026-09-04,TD7,2027-01-01,160.91
GFI,M,2026-09-04,TD8,2027-01-01,167.98
GFI,M,2026-09-04,TD25,2027-01-01,
GFI,M,2026-09-04,TD22,2027-01-01,23.5
GFI,M,2026-09-04,TD19,2027-01-01,130.81
GFI,Q,2026-09-04,TD3C,2026-10-01,630.0
GFI,Q,2026-09-04,TD20,2026-10-01,14.5
GFI,Q,2026-09-04,TD7,2026-10-01,182.5
GFI,Q,2026-09-04,TD8,2026-10-01,265.0
GFI,Q,2026-09-04,TD25,2026-10-01,137.37
GFI,Q,2026-09-04,TD22,2026-10-01,27.0
GFI,Q,2026-09-04,TD19,2026-10-01,158.33
GFI,Q,2026-09-04,TD3C,2027-01-01,455.22
GFI,Q,2026-09-04,TD20,2027-01-01,82.45
GFI,Q,2026-09-04,TD7,2027-01-01,155.97
GFI,Q,2026-09-04,TD8,2027-01-01,160.83
GFI,Q,2026-09-04,TD25,2027-01-01,238.23
GFI,Q,2026-09-04,TD22,2027-01-01,23.25
GFI,Q,2026-09-04,TD19,2027-01-01,122.51
GFI,Q,2026-09-04,TD3C,2027-04-01,74.0
GFI,Q,2026-09-04,TD20,2027-04-01,78.68
GFI,Q,2026-09-04,TD7,2027-04-01,14.6
GFI,Q,2026-09-04,TD8,2027-04-01,20.5
GFI,Q,2026-09-04,TD25,2027-04-01,27.61
GFI,Q,2026-09-04,TD22,2027-04-01,76.85
GFI,Q,2026-09-04,TD19,2027-04-01,13.25
GFI,A,2026-09-04,TD3C,2027-01-01,66.5
GFI,A,2026-09-04,TD20,2027-01-01,76.8
GFI,A,2026-09-04,TD7,2027-01-01,14.9
GFI,A,2026-09-04,TD8,2027-01-01,20.82
GFI,A,2026-09-04,TD25,2027-01-01,25.47
GFI,A,2026-09-04,TD22,2027-01-01,70.37
GFI,A,2026-09-04,TD19,2027-01-01,14.0
GFI,A,2026-09-04,TD3C,2028-01-01,27.75
GFI,A,2026-09-04,TD20,2028-01-01,66.61
GFI,A,2026-09-04,TD7,2028-01-01,13.0
GFI,A,2026-09-04,TD8,2028-01-01,20.25
GFI,A,2026-09-04,TD25,2028-01-01,23.23
GFI,A,2026-09-04,TD22,2028-01-01,48.15
GFI,A,2026-09-04,TD19,2028-01-01,13.55
GFI,BITR,2026-09-08,TD3C,2026-09-01,728.33
GFI,BITR,2026-09-08,TD20,2026-09-01,256.39
GFI,BITR,2026-09-08,TD7,2026-09-01,208.75
GFI,BITR,2026-09-08,TD8,2026-09-01,392.92
GFI,BITR,2026-09-08,TD25,2026-09-01,235.56
GFI,BITR,2026-09-08,TD22,2026-09-01,29583333.0
GFI,BITR,2026-09-08,TD19,2026-09-01,269.0
GFI,MTD,2026-09-08,TD3C,2026-09-01,682.68
GFI,MTD,2026-09-08,TD20,2026-09-01,225.6
GFI,MTD,2026-09-08,TD7,2026-09-01,206.94
GFI,MTD,2026-09-08,TD8,2026-09-01,373.88
GFI,MTD,2026-09-08,TD25,2026-09-01,229.83
GFI,MTD,2026-09-08,TD22,2026-09-01,27914351.83
GFI,MTD,2026-09-08,TD19,2026-09-01,238.26
GFI,M,2026-09-08,TD3C,2026-09-01,720.0
GFI,M,2026-09-08,TD20,2026-09-01,
GFI,M,2026-09-08,TD7,2026-09-01,225.0
GFI,M,2026-09-08,TD8,2026-09-01,365.0
GFI,M,2026-09-08,TD25,2026-09-01,
GFI,M,2026-09-08,TD22,2026-09-01,30.0
GFI,M,2026-09-08,TD19,2026-09-01,235.0
GFI,M,2026-09-08,TD3C,2026-10-01,720.0
GFI,M,2026-09-08,TD20,2026-10-01,
GFI,M,2026-09-08,TD7,2026-10-01,255.0
GFI,M,2026-09-08,TD8,2026-10-01,310.0
GFI,M,2026-09-08,TD25,2026-10-01,
GFI,M,2026-09-08,TD22,2026-10-01,29.25
GFI,M,2026-09-08,TD19,2026-10-01,205.0
GFI,M,2026-09-08,TD3C,2026-11-01,695.0
GFI,M,2026-09-08,TD20,2026-11-01,
GFI,M,2026-09-08,TD7,2026-11-01,240.0
GFI,M,2026-09-08,TD8,2026-11-01,290.0
GFI,M,2026-09-08,TD25,2026-11-01,
GFI,M,2026-09-08,TD22,2026-11-01,27.0
GFI,M,2026-09-08,TD19,2026-11-01,185.0
GFI,M,2026-09-08,TD3C,2026-12-01,640.0
GFI,M,2026-09-08,TD20,2026-12-01,
GFI,M,2026-09-08,TD7,2026-12-01,217.5
GFI,M,2026-09-08,TD8,2026-12-01,250.0
GFI,M,2026-09-08,TD25,2026-12-01,
GFI,M,2026-09-08,TD22,2026-12-01,26.25
GFI,M,2026-09-08,TD19,2026-12-01,160.0
GFI,M,2026-09-08,TD3C,2027-01-01,522.02
GFI,M,2026-09-08,TD20,2027-01-01,
GFI,M,2026-09-08,TD7,2027-01-01,182.63
GFI,M,2026-09-08,TD8,2027-01-01,167.98
GFI,M,2026-09-08,TD25,2027-01-01,
GFI,M,2026-09-08,TD22,2027-01-01,24.5
GFI,M,2026-09-08,TD19,2027-01-01,130.81
GFI,Q,2026-09-08,TD3C,2026-10-01,685.0
GFI,Q,2026-09-08,TD20,2026-10-01,14.5
GFI,Q,2026-09-08,TD7,2026-10-01,237.5
GFI,Q,2026-09-08,TD8,2026-10-01,283.33
GFI,Q,2026-09-08,TD25,2026-10-01,137.37
GFI,Q,2026-09-08,TD22,2026-10-01,27.5
GFI,Q,2026-09-08,TD19,2026-10-01,183.33
GFI,Q,2026-09-08,TD3C,2027-01-01,504.7
GFI,Q,2026-09-08,TD20,2027-01-01,82.45
GFI,Q,2026-09-08,TD7,2027-01-01,177.69
GFI,Q,2026-09-08,TD8,2027-01-01,160.83
GFI,Q,2026-09-08,TD25,2027-01-01,238.23
GFI,Q,2026-09-08,TD22,2027-01-01,23.25
GFI,Q,2026-09-08,TD19,2027-01-01,122.51
GFI,Q,2026-09-08,TD3C,2027-04-01,78.0
GFI,Q,2026-09-08,TD20,2027-04-01,78.68
GFI,Q,2026-09-08,TD7,2027-04-01,15.2
GFI,Q,2026-09-08,TD8,2027-04-01,20.5
GFI,Q,2026-09-08,TD25,2027-04-01,27.61
GFI,Q,2026-09-08,TD22,2027-04-01,76.85
GFI,Q,2026-09-08,TD19,2027-04-01,13.25
GFI,A,2026-09-08,TD3C,2027-01-01,71.0
GFI,A,2026-09-08,TD20,2027-01-01,76.8
GFI,A,2026-09-08,TD7,2027-01-01,15.72
GFI,A,2026-09-08,TD8,2027-01-01,20.82
GFI,A,2026-09-08,TD25,2027-01-01,25.47
GFI,A,2026-09-08,TD22,2027-01-01,70.37
GFI,A,2026-09-08,TD19,2027-01-01,14.0
GFI,A,2026-09-08,TD3C,2028-01-01,28.0
GFI,A,2026-09-08,TD20,2028-01-01,66.61
GFI,A,2026-09-08,TD7,2028-01-01,13.35
GFI,A,2026-09-08,TD8,2028-01-01,20.25
GFI,A,2026-09-08,TD25,2028-01-01,23.23
GFI,A,2026-09-08,TD22,2028-01-01,51.85
GFI,A,2026-09-08,TD19,2028-01-01,13.55
GFI,BITR,2026-09-09,TD3C,2026-09-01,752.22
GFI,BITR,2026-09-09,TD20,2026-09-01,262.22
GFI,BITR,2026-09-09,TD7,2026-09-01,208.33
GFI,BITR,2026-09-09,TD8,2026-09-01,398.92
GFI,BITR,2026-09-09,TD25,2026-09-01,240.56
GFI,BITR,2026-09-09,TD22,2026-09-01,29789444.0
GFI,BITR,2026-09-09,TD19,2026-09-01,295.83
GFI,MTD,2026-09-09,TD3C,2026-09-01,692.62
GFI,MTD,2026-09-09,TD20,2026-09-01,230.83
GFI,MTD,2026-09-09,TD7,2026-09-01,207.14
GFI,MTD,2026-09-09,TD8,2026-09-01,377.45
GFI,MTD,2026-09-09,TD25,2026-09-01,231.62
GFI,MTD,2026-09-09,TD22,2026-09-01,28182222.14
GFI,MTD,2026-09-09,TD19,2026-09-01,246.48
GFI,M,2026-09-09,TD3C,2026-09-01,760.0
GFI,M,2026-09-09,TD20,2026-09-01,
GFI,M,2026-09-09,TD7,2026-09-01,225.0
GFI,M,2026-09-09,TD8,2026-09-01,365.0
GFI,M,2026-09-09,TD25,2026-09-01,
GFI,M,2026-09-09,TD22,2026-09-01,30.16
GFI,M,2026-09-09,TD19,2026-09-01,235.0
GFI,M,2026-09-09,TD3C,2026-10-01,790.0
GFI,M,2026-09-09,TD20,2026-10-01,
GFI,M,2026-09-09,TD7,2026-10-01,255.0
GFI,M,2026-09-09,TD8,2026-10-01,310.0
GFI,M,2026-09-09,TD25,2026-10-01,
GFI,M,2026-09-09,TD22,2026-10-01,31.5
GFI,M,2026-09-09,TD19,2026-10-01,205.0
GFI,M,2026-09-09,TD3C,2026-11-01,765.0
GFI,M,2026-09-09,TD20,2026-11-01,
GFI,M,2026-09-09,TD7,2026-11-01,240.0
GFI,M,2026-09-09,TD8,2026-11-01,290.0
GFI,M,2026-09-09,TD25,2026-11-01,
GFI,M,2026-09-09,TD22,2026-11-01,27.75
GFI,M,2026-09-09,TD19,2026-11-01,185.0
GFI,M,2026-09-09,TD3C,2026-12-01,705.0
GFI,M,2026-09-09,TD20,2026-12-01,
GFI,M,2026-09-09,TD7,2026-12-01,217.5
GFI,M,2026-09-09,TD8,2026-12-01,250.0
GFI,M,2026-09-09,TD25,2026-12-01,
GFI,M,2026-09-09,TD22,2026-12-01,26.25
GFI,M,2026-09-09,TD19,2026-12-01,160.0
GFI,M,2026-09-09,TD3C,2027-01-01,566.55
GFI,M,2026-09-09,TD20,2027-01-01,
GFI,M,2026-09-09,TD7,2027-01-01,182.63
GFI,M,2026-09-09,TD8,2027-01-01,167.98
GFI,M,2026-09-09,TD25,2027-01-01,
GFI,M,2026-09-09,TD22,2027-01-01,24.5
GFI,M,2026-09-09,TD19,2027-01-01,130.81
GFI,Q,2026-09-09,TD3C,2026-10-01,753.33
GFI,Q,2026-09-09,TD20,2026-10-01,14.5
GFI,Q,2026-09-09,TD7,2026-10-01,237.5
GFI,Q,2026-09-09,TD8,2026-10-01,283.33
GFI,Q,2026-09-09,TD25,2026-10-01,137.37
GFI,Q,2026-09-09,TD22,2026-10-01,28.5
GFI,Q,2026-09-09,TD19,2026-10-01,183.33
GFI,Q,2026-09-09,TD3C,2027-01-01,549.23
GFI,Q,2026-09-09,TD20,2027-01-01,82.45
GFI,Q,2026-09-09,TD7,2027-01-01,177.69
GFI,Q,2026-09-09,TD8,2027-01-01,160.83
GFI,Q,2026-09-09,TD25,2027-01-01,238.23
GFI,Q,2026-09-09,TD22,2027-01-01,23.25
GFI,Q,2026-09-09,TD19,2027-01-01,122.51
GFI,Q,2026-09-09,TD3C,2027-04-01,86.0
GFI,Q,2026-09-09,TD20,2027-04-01,78.68
GFI,Q,2026-09-09,TD7,2027-04-01,15.2
GFI,Q,2026-09-09,TD8,2027-04-01,20.5
GFI,Q,2026-09-09,TD25,2027-04-01,27.61
GFI,Q,2026-09-09,TD22,2027-04-01,76.85
GFI,Q,2026-09-09,TD19,2027-04-01,13.25
GFI,A,2026-09-09,TD3C,2027-01-01,78.0
GFI,A,2026-09-09,TD20,2027-01-01,76.8
GFI,A,2026-09-09,TD7,2027-01-01,15.72
GFI,A,2026-09-09,TD8,2027-01-01,20.82
GFI,A,2026-09-09,TD25,2027-01-01,25.47
GFI,A,2026-09-09,TD22,2027-01-01,72.22
GFI,A,2026-09-09,TD19,2027-01-01,14.0
GFI,A,2026-09-09,TD3C,2028-01-01,29.0
GFI,A,2026-09-09,TD20,2028-01-01,66.61
GFI,A,2026-09-09,TD7,2028-01-01,13.35
GFI,A,2026-09-09,TD8,2028-01-01,20.25
GFI,A,2026-09-09,TD25,2028-01-01,23.23
GFI,A,2026-09-09,TD22,2028-01-01,51.85
GFI,A,2026-09-09,TD19,2028-01-01,13.55
GFI,BITR,2026-09-10,TD3C,2026-09-01,821.11
GFI,BITR,2026-09-10,TD20,2026-09-01,326.67
GFI,BITR,2026-09-10,TD7,2026-09-01,216.67
GFI,BITR,2026-09-10,TD8,2026-09-01,404.17
GFI,BITR,2026-09-10,TD25,2026-09-01,374.44
GFI,BITR,2026-09-10,TD22,2026-09-01,35111111.0
GFI,BITR,2026-09-10,TD19,2026-09-01,329.72
GFI,MTD,2026-09-10,TD3C,2026-09-01,708.68
GFI,MTD,2026-09-10,TD20,2026-09-01,242.81
GFI,MTD,2026-09-10,TD7,2026-09-01,208.33
GFI,MTD,2026-09-10,TD8,2026-09-01,380.79
GFI,MTD,2026-09-10,TD25,2026-09-01,252.02
GFI,MTD,2026-09-10,TD22,2026-09-01,29048333.25
GFI,MTD,2026-09-10,TD19,2026-09-01,256.89
GFI,M,2026-09-10,TD3C,2026-09-01,790.0
GFI,M,2026-09-10,TD20,2026-09-01,
GFI,M,2026-09-10,TD7,2026-09-01,225.0
GFI,M,2026-09-10,TD8,2026-09-01,400.0
GFI,M,2026-09-10,TD25,2026-09-01,
GFI,M,2026-09-10,TD22,2026-09-01,33.0
GFI,M,2026-09-10,TD19,2026-09-01,300.0
GFI,M,2026-09-10,TD3C,2026-10-01,860.0
GFI,M,2026-09-10,TD20,2026-10-01,
GFI,M,2026-09-10,TD7,2026-10-01,255.0
GFI,M,2026-09-10,TD8,2026-10-01,350.0
GFI,M,2026-09-10,TD25,2026-10-01,
GFI,M,2026-09-10,TD22,2026-10-01,35.0
GFI,M,2026-09-10,TD19,2026-10-01,250.0
GFI,M,2026-09-10,TD3C,2026-11-01,810.0
GFI,M,2026-09-10,TD20,2026-11-01,
GFI,M,2026-09-10,TD7,2026-11-01,240.0
GFI,M,2026-09-10,TD8,2026-11-01,325.0
GFI,M,2026-09-10,TD25,2026-11-01,
GFI,M,2026-09-10,TD22,2026-11-01,31.0
GFI,M,2026-09-10,TD19,2026-11-01,210.0
GFI,M,2026-09-10,TD3C,2026-12-01,790.0
GFI,M,2026-09-10,TD20,2026-12-01,
GFI,M,2026-09-10,TD7,2026-12-01,217.5
GFI,M,2026-09-10,TD8,2026-12-01,280.0
GFI,M,2026-09-10,TD25,2026-12-01,
GFI,M,2026-09-10,TD22,2026-12-01,27.75
GFI,M,2026-09-10,TD19,2026-12-01,180.0
GFI,M,2026-09-10,TD3C,2027-01-01,692.73
GFI,M,2026-09-10,TD20,2027-01-01,
GFI,M,2026-09-10,TD7,2027-01-01,182.63
GFI,M,2026-09-10,TD8,2027-01-01,167.98
GFI,M,2026-09-10,TD25,2027-01-01,
GFI,M,2026-09-10,TD22,2027-01-01,24.5
GFI,M,2026-09-10,TD19,2027-01-01,141.2
GFI,Q,2026-09-10,TD3C,2026-10-01,820.0
GFI,Q,2026-09-10,TD20,2026-10-01,14.5
GFI,Q,2026-09-10,TD7,2026-10-01,237.5
GFI,Q,2026-09-10,TD8,2026-10-01,318.33
GFI,Q,2026-09-10,TD25,2026-10-01,137.37
GFI,Q,2026-09-10,TD22,2026-10-01,31.25
GFI,Q,2026-09-10,TD19,2026-10-01,213.33
GFI,Q,2026-09-10,TD3C,2027-01-01,618.51
GFI,Q,2026-09-10,TD20,2027-01-01,82.45
GFI,Q,2026-09-10,TD7,2027-01-01,177.69
GFI,Q,2026-09-10,TD8,2027-01-01,160.83
GFI,Q,2026-09-10,TD25,2027-01-01,238.23
GFI,Q,2026-09-10,TD22,2027-01-01,23.25
GFI,Q,2026-09-10,TD19,2027-01-01,132.89
GFI,Q,2026-09-10,TD3C,2027-04-01,90.0
GFI,Q,2026-09-10,TD20,2027-04-01,78.68
GFI,Q,2026-09-10,TD7,2027-04-01,15.2
GFI,Q,2026-09-10,TD8,2027-04-01,20.5
GFI,Q,2026-09-10,TD25,2027-04-01,27.61
GFI,Q,2026-09-10,TD22,2027-04-01,76.85
GFI,Q,2026-09-10,TD19,2027-04-01,13.25
GFI,A,2026-09-10,TD3C,2027-01-01,83.25
GFI,A,2026-09-10,TD20,2027-01-01,76.8
GFI,A,2026-09-10,TD7,2027-01-01,15.72
GFI,A,2026-09-10,TD8,2027-01-01,20.82
GFI,A,2026-09-10,TD25,2027-01-01,25.47
GFI,A,2026-09-10,TD22,2027-01-01,72.22
GFI,A,2026-09-10,TD19,2027-01-01,14.31
GFI,A,2026-09-10,TD3C,2028-01-01,30.75
GFI,A,2026-09-10,TD20,2028-01-01,66.61
GFI,A,2026-09-10,TD7,2028-01-01,13.35
GFI,A,2026-09-10,TD8,2028-01-01,20.25
GFI,A,2026-09-10,TD25,2028-01-01,23.23
GFI,A,2026-09-10,TD22,2028-01-01,50.0
GFI,A,2026-09-10,TD19,2028-01-01,13.55
GFI,BITR,2026-09-11,TD3C,2026-09-01,929.44
GFI,BITR,2026-09-11,TD20,2026-09-01,451.67
GFI,BITR,2026-09-11,TD7,2026-09-01,259.17
GFI,BITR,2026-09-11,TD8,2026-09-01,490.83
GFI,BITR,2026-09-11,TD25,2026-09-01,495.56
GFI,BITR,2026-09-11,TD22,2026-09-01,36611111.0
GFI,BITR,2026-09-11,TD19,2026-09-01,388.89
GFI,MTD,2026-09-11,TD3C,2026-09-01,733.21
GFI,MTD,2026-09-11,TD20,2026-09-01,266.02
GFI,MTD,2026-09-11,TD7,2026-09-01,213.98
GFI,MTD,2026-09-11,TD8,2026-09-01,393.02
GFI,MTD,2026-09-11,TD25,2026-09-01,282.47
GFI,MTD,2026-09-11,TD22,2026-09-01,29888641.89
GFI,MTD,2026-09-11,TD19,2026-09-01,271.56
GFI,M,2026-09-11,TD3C,2026-09-01,881.34
GFI,M,2026-09-11,TD20,2026-09-01,
GFI,M,2026-09-11,TD7,2026-09-01,225.0
GFI,M,2026-09-11,TD8,2026-09-01,400.0
GFI,M,2026-09-11,TD25,2026-09-01,
GFI,M,2026-09-11,TD22,2026-09-01,33.75
GFI,M,2026-09-11,TD19,2026-09-01,300.0
GFI,M,2026-09-11,TD3C,2026-10-01,1001.0
GFI,M,2026-09-11,TD20,2026-10-01,
GFI,M,2026-09-11,TD7,2026-10-01,270.0
GFI,M,2026-09-11,TD8,2026-10-01,350.0
GFI,M,2026-09-11,TD25,2026-10-01,
GFI,M,2026-09-11,TD22,2026-10-01,36.0
GFI,M,2026-09-11,TD19,2026-10-01,250.0
GFI,M,2026-09-11,TD3C,2026-11-01,954.0
GFI,M,2026-09-11,TD20,2026-11-01,
GFI,M,2026-09-11,TD7,2026-11-01,250.0
GFI,M,2026-09-11,TD8,2026-11-01,325.0
GFI,M,2026-09-11,TD25,2026-11-01,
GFI,M,2026-09-11,TD22,2026-11-01,32.0
GFI,M,2026-09-11,TD19,2026-11-01,210.0
GFI,M,2026-09-11,TD3C,2026-12-01,895.0
GFI,M,2026-09-11,TD20,2026-12-01,
GFI,M,2026-09-11,TD7,2026-12-01,230.0
GFI,M,2026-09-11,TD8,2026-12-01,280.0
GFI,M,2026-09-11,TD25,2026-12-01,
GFI,M,2026-09-11,TD22,2026-12-01,28.75
GFI,M,2026-09-11,TD19,2026-12-01,180.0
GFI,M,2026-09-11,TD3C,2027-01-01,890.65
GFI,M,2026-09-11,TD20,2027-01-01,
GFI,M,2026-09-11,TD7,2027-01-01,192.5
GFI,M,2026-09-11,TD8,2027-01-01,167.98
GFI,M,2026-09-11,TD25,2027-01-01,
GFI,M,2026-09-11,TD22,2027-01-01,24.5
GFI,M,2026-09-11,TD19,2027-01-01,141.2
GFI,Q,2026-09-11,TD3C,2026-10-01,950.0
GFI,Q,2026-09-11,TD20,2026-10-01,14.5
GFI,Q,2026-09-11,TD7,2026-10-01,250.0
GFI,Q,2026-09-11,TD8,2026-10-01,318.33
GFI,Q,2026-09-11,TD25,2026-10-01,137.37
GFI,Q,2026-09-11,TD22,2026-10-01,32.25
GFI,Q,2026-09-11,TD19,2026-10-01,213.33
GFI,Q,2026-09-11,TD3C,2027-01-01,742.21
GFI,Q,2026-09-11,TD20,2027-01-01,82.45
GFI,Q,2026-09-11,TD7,2027-01-01,187.56
GFI,Q,2026-09-11,TD8,2027-01-01,160.83
GFI,Q,2026-09-11,TD25,2027-01-01,238.23
GFI,Q,2026-09-11,TD22,2027-01-01,24.25
GFI,Q,2026-09-11,TD19,2027-01-01,132.89
GFI,Q,2026-09-11,TD3C,2027-04-01,115.0
GFI,Q,2026-09-11,TD20,2027-04-01,78.68
GFI,Q,2026-09-11,TD7,2027-04-01,15.2
GFI,Q,2026-09-11,TD8,2027-04-01,20.5
GFI,Q,2026-09-11,TD25,2027-04-01,27.61
GFI,Q,2026-09-11,TD22,2027-04-01,77.78
GFI,Q,2026-09-11,TD19,2027-04-01,13.25
GFI,A,2026-09-11,TD3C,2027-01-01,99.5
GFI,A,2026-09-11,TD20,2027-01-01,76.8
GFI,A,2026-09-11,TD7,2027-01-01,15.97
GFI,A,2026-09-11,TD8,2027-01-01,20.82
GFI,A,2026-09-11,TD25,2027-01-01,25.47
GFI,A,2026-09-11,TD22,2027-01-01,74.07
GFI,A,2026-09-11,TD19,2027-01-01,14.31
GFI,A,2026-09-11,TD3C,2028-01-01,32.5
GFI,A,2026-09-11,TD20,2028-01-01,66.61
GFI,A,2026-09-11,TD7,2028-01-01,13.35
GFI,A,2026-09-11,TD8,2028-01-01,20.25
GFI,A,2026-09-11,TD25,2028-01-01,23.23
GFI,A,2026-09-11,TD22,2028-01-01,50.0
GFI,A,2026-09-11,TD19,2028-01-01,13.55
GFI,BITR,2026-09-14,TD3C,2026-09-01,978.33
GFI,BITR,2026-09-14,TD20,2026-09-01,448.33
GFI,BITR,2026-09-14,TD7,2026-09-01,285.0
GFI,BITR,2026-09-14,TD8,2026-09-01,569.17
GFI,BITR,2026-09-14,TD25,2026-09-01,497.22
GFI,BITR,2026-09-14,TD22,2026-09-01,39127778.0
GFI,BITR,2026-09-14,TD19,2026-09-01,433.89
GFI,MTD,2026-09-14,TD3C,2026-09-01,757.72
GFI,MTD,2026-09-14,TD20,2026-09-01,284.25
GFI,MTD,2026-09-14,TD7,2026-09-01,221.08
GFI,MTD,2026-09-14,TD8,2026-09-01,410.63
GFI,MTD,2026-09-14,TD25,2026-09-01,306.33
GFI,MTD,2026-09-14,TD22,2026-09-01,30812555.5
GFI,MTD,2026-09-14,TD19,2026-09-01,287.79
GFI,M,2026-09-14,TD3C,2026-09-01,914.5
GFI,M,2026-09-14,TD20,2026-09-01,
GFI,M,2026-09-14,TD7,2026-09-01,225.0
GFI,M,2026-09-14,TD8,2026-09-01,485.0
GFI,M,2026-09-14,TD25,2026-09-01,
GFI,M,2026-09-14,TD22,2026-09-01,34.5
GFI,M,2026-09-14,TD19,2026-09-01,340.0
GFI,M,2026-09-14,TD3C,2026-10-01,1020.0
GFI,M,2026-09-14,TD20,2026-10-01,
GFI,M,2026-09-14,TD7,2026-10-01,285.0
GFI,M,2026-09-14,TD8,2026-10-01,400.0
GFI,M,2026-09-14,TD25,2026-10-01,
GFI,M,2026-09-14,TD22,2026-10-01,36.5
GFI,M,2026-09-14,TD19,2026-10-01,290.0
GFI,M,2026-09-14,TD3C,2026-11-01,1000.0
GFI,M,2026-09-14,TD20,2026-11-01,
GFI,M,2026-09-14,TD7,2026-11-01,265.0
GFI,M,2026-09-14,TD8,2026-11-01,375.0
GFI,M,2026-09-14,TD25,2026-11-01,
GFI,M,2026-09-14,TD22,2026-11-01,34.5
GFI,M,2026-09-14,TD19,2026-11-01,245.0
GFI,M,2026-09-14,TD3C,2026-12-01,980.0
GFI,M,2026-09-14,TD20,2026-12-01,
GFI,M,2026-09-14,TD7,2026-12-01,235.0
GFI,M,2026-09-14,TD8,2026-12-01,310.0
GFI,M,2026-09-14,TD25,2026-12-01,
GFI,M,2026-09-14,TD22,2026-12-01,31.5
GFI,M,2026-09-14,TD19,2026-12-01,200.0
GFI,M,2026-09-14,TD3C,2027-01-01,940.13
GFI,M,2026-09-14,TD20,2027-01-01,
GFI,M,2026-09-14,TD7,2027-01-01,192.5
GFI,M,2026-09-14,TD8,2027-01-01,257.33
GFI,M,2026-09-14,TD25,2027-01-01,
GFI,M,2026-09-14,TD22,2027-01-01,24.5
GFI,M,2026-09-14,TD19,2027-01-01,157.81
GFI,Q,2026-09-14,TD3C,2026-10-01,1000.0
GFI,Q,2026-09-14,TD20,2026-10-01,14.5
GFI,Q,2026-09-14,TD7,2026-10-01,261.67
GFI,Q,2026-09-14,TD8,2026-10-01,361.67
GFI,Q,2026-09-14,TD25,2026-10-01,137.37
GFI,Q,2026-09-14,TD22,2026-10-01,34.17
GFI,Q,2026-09-14,TD19,2026-10-01,245.0
GFI,Q,2026-09-14,TD3C,2027-01-01,791.69
GFI,Q,2026-09-14,TD20,2027-01-01,82.45
GFI,Q,2026-09-14,TD7,2027-01-01,187.56
GFI,Q,2026-09-14,TD8,2027-01-01,250.18
GFI,Q,2026-09-14,TD25,2027-01-01,238.23
GFI,Q,2026-09-14,TD22,2027-01-01,24.25
GFI,Q,2026-09-14,TD19,2027-01-01,149.5
GFI,Q,2026-09-14,TD3C,2027-04-01,130.0
GFI,Q,2026-09-14,TD20,2027-04-01,78.68
GFI,Q,2026-09-14,TD7,2027-04-01,15.2
GFI,Q,2026-09-14,TD8,2027-04-01,25.0
GFI,Q,2026-09-14,TD25,2027-04-01,27.61
GFI,Q,2026-09-14,TD22,2027-04-01,77.78
GFI,Q,2026-09-14,TD19,2027-04-01,15.0
GFI,A,2026-09-14,TD3C,2027-01-01,105.5
GFI,A,2026-09-14,TD20,2027-01-01,76.8
GFI,A,2026-09-14,TD7,2027-01-01,15.97
GFI,A,2026-09-14,TD8,2027-01-01,25.07
GFI,A,2026-09-14,TD25,2027-01-01,25.47
GFI,A,2026-09-14,TD22,2027-01-01,74.07
GFI,A,2026-09-14,TD19,2027-01-01,15.25
GFI,A,2026-09-14,TD3C,2028-01-01,33.0
GFI,A,2026-09-14,TD20,2028-01-01,66.61
GFI,A,2026-09-14,TD7,2028-01-01,13.35
GFI,A,2026-09-14,TD8,2028-01-01,20.25
GFI,A,2026-09-14,TD25,2028-01-01,23.23
GFI,A,2026-09-14,TD22,2028-01-01,50.0
GFI,A,2026-09-14,TD19,2028-01-01,13.55
GFI,BITR,2026-09-15,TD3C,2026-09-01,1036.78
GFI,BITR,2026-09-15,TD20,2026-09-01,436.11
GFI,BITR,2026-09-15,TD7,2026-09-01,304.17
GFI,BITR,2026-09-15,TD8,2026-09-01,643.33
GFI,BITR,2026-09-15,TD25,2026-09-01,482.78
GFI,BITR,2026-09-15,TD22,2026-09-01,44805556.0
GFI,BITR,2026-09-15,TD19,2026-09-01,435.0
GFI,MTD,2026-09-15,TD3C,2026-09-01,783.09
GFI,MTD,2026-09-15,TD20,2026-09-01,298.06
GFI,MTD,2026-09-15,TD7,2026-09-01,228.64
GFI,MTD,2026-09-15,TD8,2026-09-01,431.79
GFI,MTD,2026-09-15,TD25,2026-09-01,323.97
GFI,MTD,2026-09-15,TD22,2026-09-01,32084646.45
GFI,MTD,2026-09-15,TD19,2026-09-01,301.17
GFI,M,2026-09-15,TD3C,2026-09-01,916.55
GFI,M,2026-09-15,TD20,2026-09-01,
GFI,M,2026-09-15,TD7,2026-09-01,265.0
GFI,M,2026-09-15,TD8,2026-09-01,515.0
GFI,M,2026-09-15,TD25,2026-09-01,
GFI,M,2026-09-15,TD22,2026-09-01,40.0
GFI,M,2026-09-15,TD19,2026-09-01,360.0
GFI,M,2026-09-15,TD3C,2026-10-01,975.0
GFI,M,2026-09-15,TD20,2026-10-01,
GFI,M,2026-09-15,TD7,2026-10-01,285.0
GFI,M,2026-09-15,TD8,2026-10-01,400.0
GFI,M,2026-09-15,TD25,2026-10-01,
GFI,M,2026-09-15,TD22,2026-10-01,40.0
GFI,M,2026-09-15,TD19,2026-10-01,290.0
GFI,M,2026-09-15,TD3C,2026-11-01,950.0
GFI,M,2026-09-15,TD20,2026-11-01,
GFI,M,2026-09-15,TD7,2026-11-01,265.0
GFI,M,2026-09-15,TD8,2026-11-01,375.0
GFI,M,2026-09-15,TD25,2026-11-01,
GFI,M,2026-09-15,TD22,2026-11-01,36.5
GFI,M,2026-09-15,TD19,2026-11-01,245.0
GFI,M,2026-09-15,TD3C,2026-12-01,932.5
GFI,M,2026-09-15,TD20,2026-12-01,
GFI,M,2026-09-15,TD7,2026-12-01,235.0
GFI,M,2026-09-15,TD8,2026-12-01,310.0
GFI,M,2026-09-15,TD25,2026-12-01,
GFI,M,2026-09-15,TD22,2026-12-01,33.0
GFI,M,2026-09-15,TD19,2026-12-01,200.0
GFI,M,2026-09-15,TD3C,2027-01-01,895.6
GFI,M,2026-09-15,TD20,2027-01-01,
GFI,M,2026-09-15,TD7,2027-01-01,192.5
GFI,M,2026-09-15,TD8,2027-01-01,257.33
GFI,M,2026-09-15,TD25,2027-01-01,
GFI,M,2026-09-15,TD22,2027-01-01,29.5
GFI,M,2026-09-15,TD19,2027-01-01,157.81
GFI,Q,2026-09-15,TD3C,2026-10-01,952.5
GFI,Q,2026-09-15,TD20,2026-10-01,14.5
GFI,Q,2026-09-15,TD7,2026-10-01,261.67
GFI,Q,2026-09-15,TD8,2026-10-01,361.67
GFI,Q,2026-09-15,TD25,2026-10-01,137.37
GFI,Q,2026-09-15,TD22,2026-10-01,36.5
GFI,Q,2026-09-15,TD19,2026-10-01,245.0
GFI,Q,2026-09-15,TD3C,2027-01-01,747.15
GFI,Q,2026-09-15,TD20,2027-01-01,82.45
GFI,Q,2026-09-15,TD7,2027-01-01,187.56
GFI,Q,2026-09-15,TD8,2027-01-01,250.18
GFI,Q,2026-09-15,TD25,2027-01-01,238.23
GFI,Q,2026-09-15,TD22,2027-01-01,28.0
GFI,Q,2026-09-15,TD19,2027-01-01,149.5
GFI,Q,2026-09-15,TD3C,2027-04-01,116.0
GFI,Q,2026-09-15,TD20,2027-04-01,78.68
GFI,Q,2026-09-15,TD7,2027-04-01,15.2
GFI,Q,2026-09-15,TD8,2027-04-01,25.0
GFI,Q,2026-09-15,TD25,2027-04-01,27.61
GFI,Q,2026-09-15,TD22,2027-04-01,85.19
GFI,Q,2026-09-15,TD19,2027-04-01,15.0
GFI,A,2026-09-15,TD3C,2027-01-01,95.5
GFI,A,2026-09-15,TD20,2027-01-01,76.8
GFI,A,2026-09-15,TD7,2027-01-01,15.97
GFI,A,2026-09-15,TD8,2027-01-01,25.07
GFI,A,2026-09-15,TD25,2027-01-01,25.47
GFI,A,2026-09-15,TD22,2027-01-01,82.41
GFI,A,2026-09-15,TD19,2027-01-01,15.25
GFI,A,2026-09-15,TD3C,2028-01-01,32.2
GFI,A,2026-09-15,TD20,2028-01-01,66.61
GFI,A,2026-09-15,TD7,2028-01-01,13.35
GFI,A,2026-09-15,TD8,2028-01-01,20.25
GFI,A,2026-09-15,TD25,2028-01-01,23.23
GFI,A,2026-09-15,TD22,2028-01-01,50.0
GFI,A,2026-09-15,TD19,2028-01-01,13.55
GFI,BITR,2026-09-16,TD3C,2026-09-01,1078.25
GFI,BITR,2026-09-16,TD20,2026-09-01,443.33
GFI,BITR,2026-09-16,TD7,2026-09-01,301.67
GFI,BITR,2026-09-16,TD8,2026-09-01,682.5
GFI,BITR,2026-09-16,TD25,2026-09-01,452.22
GFI,BITR,2026-09-16,TD22,2026-09-01,48472222.0
GFI,BITR,2026-09-16,TD19,2026-09-01,435.0
GFI,MTD,2026-09-16,TD3C,2026-09-01,807.69
GFI,MTD,2026-09-16,TD20,2026-09-01,310.16
GFI,MTD,2026-09-16,TD7,2026-09-01,234.72
GFI,MTD,2026-09-16,TD8,2026-09-01,452.68
GFI,MTD,2026-09-16,TD25,2026-09-01,335.63
GFI,MTD,2026-09-16,TD22,2026-09-01,33450277.75
GFI,MTD,2026-09-16,TD19,2026-09-01,312.32
GFI,M,2026-09-16,TD3C,2026-09-01,930.0
GFI,M,2026-09-16,TD20,2026-09-01,
GFI,M,2026-09-16,TD7,2026-09-01,265.0
GFI,M,2026-09-16,TD8,2026-09-01,515.0
GFI,M,2026-09-16,TD25,2026-09-01,
GFI,M,2026-09-16,TD22,2026-09-01,40.0
GFI,M,2026-09-16,TD19,2026-09-01,360.0
GFI,M,2026-09-16,TD3C,2026-10-01,1055.0
GFI,M,2026-09-16,TD20,2026-10-01,
GFI,M,2026-09-16,TD7,2026-10-01,295.0
GFI,M,2026-09-16,TD8,2026-10-01,400.0
GFI,M,2026-09-16,TD25,2026-10-01,
GFI,M,2026-09-16,TD22,2026-10-01,40.0
GFI,M,2026-09-16,TD19,2026-10-01,290.0
GFI,M,2026-09-16,TD3C,2026-11-01,1015.0
GFI,M,2026-09-16,TD20,2026-11-01,
GFI,M,2026-09-16,TD7,2026-11-01,275.0
GFI,M,2026-09-16,TD8,2026-11-01,375.0
GFI,M,2026-09-16,TD25,2026-11-01,
GFI,M,2026-09-16,TD22,2026-11-01,36.5
GFI,M,2026-09-16,TD19,2026-11-01,245.0
GFI,M,2026-09-16,TD3C,2026-12-01,990.0
GFI,M,2026-09-16,TD20,2026-12-01,
GFI,M,2026-09-16,TD7,2026-12-01,245.0
GFI,M,2026-09-16,TD8,2026-12-01,310.0
GFI,M,2026-09-16,TD25,2026-12-01,
GFI,M,2026-09-16,TD22,2026-12-01,33.0
GFI,M,2026-09-16,TD19,2026-12-01,200.0
GFI,M,2026-09-16,TD3C,2027-01-01,989.61
GFI,M,2026-09-16,TD20,2027-01-01,
GFI,M,2026-09-16,TD7,2027-01-01,192.5
GFI,M,2026-09-16,TD8,2027-01-01,257.33
GFI,M,2026-09-16,TD25,2027-01-01,
GFI,M,2026-09-16,TD22,2027-01-01,29.5
GFI,M,2026-09-16,TD19,2027-01-01,157.81
GFI,Q,2026-09-16,TD3C,2026-10-01,1020.0
GFI,Q,2026-09-16,TD20,2026-10-01,14.5
GFI,Q,2026-09-16,TD7,2026-10-01,271.67
GFI,Q,2026-09-16,TD8,2026-10-01,361.67
GFI,Q,2026-09-16,TD25,2026-10-01,137.37
GFI,Q,2026-09-16,TD22,2026-10-01,36.5
GFI,Q,2026-09-16,TD19,2026-10-01,245.0
GFI,Q,2026-09-16,TD3C,2027-01-01,841.17
GFI,Q,2026-09-16,TD20,2027-01-01,82.45
GFI,Q,2026-09-16,TD7,2027-01-01,187.56
GFI,Q,2026-09-16,TD8,2027-01-01,250.18
GFI,Q,2026-09-16,TD25,2027-01-01,238.23
GFI,Q,2026-09-16,TD22,2027-01-01,28.0
GFI,Q,2026-09-16,TD19,2027-01-01,149.5
GFI,Q,2026-09-16,TD3C,2027-04-01,127.0
GFI,Q,2026-09-16,TD20,2027-04-01,78.68
GFI,Q,2026-09-16,TD7,2027-04-01,15.2
GFI,Q,2026-09-16,TD8,2027-04-01,25.0
GFI,Q,2026-09-16,TD25,2027-04-01,27.61
GFI,Q,2026-09-16,TD22,2027-04-01,85.19
GFI,Q,2026-09-16,TD19,2027-04-01,15.0
GFI,A,2026-09-16,TD3C,2027-01-01,104.25
GFI,A,2026-09-16,TD20,2027-01-01,76.8
GFI,A,2026-09-16,TD7,2027-01-01,15.97
GFI,A,2026-09-16,TD8,2027-01-01,25.07
GFI,A,2026-09-16,TD25,2027-01-01,25.47
GFI,A,2026-09-16,TD22,2027-01-01,82.41
GFI,A,2026-09-16,TD19,2027-01-01,15.25
GFI,A,2026-09-16,TD3C,2028-01-01,32.0
GFI,A,2026-09-16,TD20,2028-01-01,66.61
GFI,A,2026-09-16,TD7,2028-01-01,13.35
GFI,A,2026-09-16,TD8,2028-01-01,20.25
GFI,A,2026-09-16,TD25,2028-01-01,23.23
GFI,A,2026-09-16,TD22,2028-01-01,50.0
GFI,A,2026-09-16,TD19,2028-01-01,13.55
