source,periodType,date,instrument,period,uom,value
GFI,BAL,2026-08-10,TD3C,2026-08-01,WSC,468.25
GFI,M,2026-08-10,TD3C,2026-08-01,WSC,465.0
GFI,M,2026-08-10,TD3C,2026-09-01,WSC,420.0
GFI,M,2026-08-10,TD3C,2026-10-01,WSC,340.0
GFI,M,2026-08-10,TD3C,2026-11-01,WSC,325.0
GFI,M,2026-08-10,TD3C,2026-12-01,WSC,302.5
GFI,M,2026-08-10,TD3C,2027-01-01,WSC,235.53
GFI,M,2026-08-10,TD3C,2027-02-01,WSC,181.1
GFI,M,2026-08-10,TD3C,2027-03-01,WSC,156.36
GFI,Q,2026-08-10,TD3C,2026-10-01,WSC,322.5
GFI,Q,2026-08-10,TD3C,2027-01-01,WSC,190.99
GFI,Q,2026-08-10,TD3C,2027-04-01,WSC,144.98
GFI,Q,2026-08-10,TD3C,2027-07-01,WSC,102.67
GFI,Q,2026-08-10,TD3C,2027-10-01,WSC,112.57
GFI,Q,2026-08-10,TD3C,2028-01-01,WSC,95.74
GFI,Q,2026-08-10,TD3C,2028-04-01,WSC,85.85
GFI,A,2026-08-10,TD3C,2027-01-01,WSC,137.8
GFI,A,2026-08-10,TD3C,2028-01-01,WSC,85.85
GFI,A,2026-08-10,TD3C,2029-01-01,WSC,75.21
GFI,BAL,2026-08-10,TD20,2026-08-01,WSC,214.02
GFI,M,2026-08-10,TD20,2026-08-01,WSC,204.3
GFI,M,2026-08-10,TD20,2026-09-01,WSC,225.0
GFI,M,2026-08-10,TD20,2026-10-01,WSC,210.0
GFI,M,2026-08-10,TD20,2026-11-01,WSC,202.5
GFI,M,2026-08-10,TD20,2026-12-01,WSC,195.0
GFI,M,2026-08-10,TD20,2027-01-01,WSC,172.12
GFI,M,2026-08-10,TD20,2027-02-01,WSC,152.37
GFI,M,2026-08-10,TD20,2027-03-01,WSC,132.62
GFI,Q,2026-08-10,TD20,2026-10-01,WSC,202.5
GFI,Q,2026-08-10,TD20,2027-01-01,WSC,152.37
GFI,Q,2026-08-10,TD20,2027-04-01,WSC,115.69
GFI,Q,2026-08-10,TD20,2027-07-01,WSC,104.4
GFI,Q,2026-08-10,TD20,2027-10-01,WSC,124.15
GFI,Q,2026-08-10,TD20,2028-01-01,WSC,115.69
GFI,Q,2026-08-10,TD20,2028-04-01,WSC,104.4
GFI,A,2026-08-10,TD20,2027-01-01,WSC,124.15
GFI,A,2026-08-10,TD20,2028-01-01,WSC,104.4
GFI,A,2026-08-10,TD20,2029-01-01,WSC,91.42
GFI,BAL,2026-08-10,TD8,2026-08-01,WSC,443.37
GFI,M,2026-08-10,TD8,2026-08-01,WSC,415.0
GFI,M,2026-08-10,TD8,2026-09-01,WSC,350.0
GFI,M,2026-08-10,TD8,2026-10-01,WSC,280.0
GFI,M,2026-08-10,TD8,2026-11-01,WSC,260.0
GFI,M,2026-08-10,TD8,2026-12-01,WSC,240.0
GFI,M,2026-08-10,TD8,2027-01-01,WSC,167.98
GFI,M,2026-08-10,TD8,2027-02-01,WSC,160.83
GFI,M,2026-08-10,TD8,2027-03-01,WSC,153.68
GFI,Q,2026-08-10,TD8,2026-10-01,WSC,260.0
GFI,Q,2026-08-10,TD8,2027-01-01,WSC,160.83
GFI,Q,2026-08-10,TD8,2027-04-01,WSC,146.53
GFI,Q,2026-08-10,TD8,2027-07-01,WSC,136.53
GFI,Q,2026-08-10,TD8,2027-10-01,WSC,151.54
GFI,Q,2026-08-10,TD8,2028-01-01,WSC,159.04
GFI,Q,2026-08-10,TD8,2028-04-01,WSC,144.75
GFI,A,2026-08-10,TD8,2027-01-01,WSC,148.86
GFI,A,2026-08-10,TD8,2028-01-01,WSC,144.75
GFI,A,2026-08-10,TD8,2029-01-01,WSC,140.81
GFI,BAL,2026-08-10,TD19,2026-08-01,WSC,240.96
GFI,M,2026-08-10,TD19,2026-08-01,WSC,240.0
GFI,M,2026-08-10,TD19,2026-09-01,WSC,200.0
GFI,M,2026-08-10,TD19,2026-10-01,WSC,165.0
GFI,M,2026-08-10,TD19,2026-11-01,WSC,153.0
GFI,M,2026-08-10,TD19,2026-12-01,WSC,150.0
GFI,M,2026-08-10,TD19,2027-01-01,WSC,130.81
GFI,M,2026-08-10,TD19,2027-02-01,WSC,122.51
GFI,M,2026-08-10,TD19,2027-03-01,WSC,114.2
GFI,Q,2026-08-10,TD19,2026-10-01,WSC,156.0
GFI,Q,2026-08-10,TD19,2027-01-01,WSC,122.51
GFI,Q,2026-08-10,TD19,2027-04-01,WSC,110.05
GFI,Q,2026-08-10,TD19,2027-07-01,WSC,107.97
GFI,Q,2026-08-10,TD19,2027-10-01,WSC,124.58
GFI,Q,2026-08-10,TD19,2028-01-01,WSC,129.15
GFI,Q,2026-08-10,TD19,2028-04-01,WSC,112.54
GFI,A,2026-08-10,TD19,2027-01-01,WSC,116.28
GFI,A,2026-08-10,TD19,2028-01-01,WSC,112.54
GFI,A,2026-08-10,TD19,2029-01-01,WSC,110.05
GFI,BAL,2026-08-10,TD22,2026-08-01,LSM,20.45
GFI,M,2026-08-10,TD22,2026-08-01,LSM,20.0
GFI,M,2026-08-10,TD22,2026-09-01,LSM,18.75
GFI,M,2026-08-10,TD22,2026-10-01,LSM,18.5
GFI,M,2026-08-10,TD22,2026-11-01,LSM,18.0
GFI,M,2026-08-10,TD22,2026-12-01,LSM,17.5
GFI,M,2026-08-10,TD22,2027-01-01,LSM,16.0
GFI,M,2026-08-10,TD22,2027-02-01,LSM,16.0
GFI,M,2026-08-10,TD22,2027-03-01,LSM,16.0
GFI,Q,2026-08-10,TD22,2026-10-01,LSM,18.0
GFI,Q,2026-08-10,TD22,2027-01-01,LSM,16.0
GFI,Q,2026-08-10,TD22,2027-04-01,LSM,13.5
GFI,Q,2026-08-10,TD22,2027-07-01,LSM,12.5
GFI,Q,2026-08-10,TD22,2027-10-01,LSM,13.5
GFI,Q,2026-08-10,TD22,2028-01-01,LSM,11.5
GFI,Q,2026-08-10,TD22,2028-04-01,LSM,9.5
GFI,A,2026-08-10,TD22,2027-01-01,LSM,13.88
GFI,A,2026-08-10,TD22,2028-01-01,LSM,9.5
GFI,A,2026-08-10,TD22,2029-01-01,LSM,9.3
GFI,BAL,2026-08-10,TD25E,2026-08-01,WSC,318.9
GFI,M,2026-08-10,TD25E,2026-08-01,WSC,320.46
GFI,M,2026-08-10,TD25E,2026-09-01,WSC,289.46
GFI,M,2026-08-10,TD25E,2026-10-01,WSC,255.46
GFI,M,2026-08-10,TD25E,2026-11-01,WSC,240.46
GFI,M,2026-08-10,TD25E,2026-12-01,WSC,225.46
GFI,M,2026-08-10,TD25E,2027-01-01,WSC,193.38
GFI,M,2026-08-10,TD25E,2027-02-01,WSC,193.38
GFI,M,2026-08-10,TD25E,2027-03-01,WSC,193.38
GFI,Q,2026-08-10,TD25E,2026-10-01,WSC,240.46
GFI,Q,2026-08-10,TD25E,2027-01-01,WSC,193.38
GFI,Q,2026-08-10,TD25E,2027-04-01,WSC,170.78
GFI,Q,2026-08-10,TD25E,2027-07-01,WSC,151.74
GFI,Q,2026-08-10,TD25E,2027-10-01,WSC,171.97
GFI,Q,2026-08-10,TD25E,2028-01-01,WSC,157.45
GFI,Q,2026-08-10,TD25E,2028-04-01,WSC,147.93
GFI,A,2026-08-10,TD25E,2027-01-01,WSC,171.97
GFI,A,2026-08-10,TD25E,2028-01-01,WSC,147.93
GFI,A,2026-08-10,TD25E,2029-01-01,WSC,135.08
GFI,BAL,2026-08-10,TD25,2026-08-01,WSC,333.44
GFI,M,2026-08-10,TD25,2026-08-01,WSC,335.0
GFI,M,2026-08-10,TD25,2026-09-01,WSC,304.0
GFI,M,2026-08-10,TD25,2026-10-01,WSC,270.0
GFI,M,2026-08-10,TD25,2026-11-01,WSC,255.0
GFI,M,2026-08-10,TD25,2026-12-01,WSC,240.0
GFI,M,2026-08-10,TD25,2027-01-01,WSC,217.75
GFI,M,2026-08-10,TD25,2027-02-01,WSC,208.23
GFI,M,2026-08-10,TD25,2027-03-01,WSC,198.71
GFI,Q,2026-08-10,TD25,2026-10-01,WSC,255.0
GFI,Q,2026-08-10,TD25,2027-01-01,WSC,208.23
GFI,Q,2026-08-10,TD25,2027-04-01,WSC,185.63
GFI,Q,2026-08-10,TD25,2027-07-01,WSC,166.59
GFI,Q,2026-08-10,TD25,2027-10-01,WSC,186.82
GFI,Q,2026-08-10,TD25,2028-01-01,WSC,172.3
GFI,Q,2026-08-10,TD25,2028-04-01,WSC,162.78
GFI,A,2026-08-10,TD25,2027-01-01,WSC,186.82
GFI,A,2026-08-10,TD25,2028-01-01,WSC,162.78
GFI,A,2026-08-10,TD25,2029-01-01,WSC,149.93
GFI,BAL,2026-08-10,TD7,2026-08-01,WSC,208.33
GFI,M,2026-08-10,TD7,2026-08-01,WSC,210.0
GFI,M,2026-08-10,TD7,2026-09-01,WSC,200.0
GFI,M,2026-08-10,TD7,2026-10-01,WSC,195.0
GFI,M,2026-08-10,TD7,2026-11-01,WSC,185.0
GFI,M,2026-08-10,TD7,2026-12-01,WSC,175.0
GFI,M,2026-08-10,TD7,2027-01-01,WSC,144.13
GFI,M,2026-08-10,TD7,2027-02-01,WSC,144.13
GFI,M,2026-08-10,TD7,2027-03-01,WSC,144.13
GFI,Q,2026-08-10,TD7,2026-10-01,WSC,185.0
GFI,Q,2026-08-10,TD7,2027-01-01,WSC,144.13
GFI,Q,2026-08-10,TD7,2027-04-01,WSC,132.28
GFI,Q,2026-08-10,TD7,2027-07-01,WSC,126.36
GFI,Q,2026-08-10,TD7,2027-10-01,WSC,138.2
GFI,Q,2026-08-10,TD7,2028-01-01,WSC,145.11
GFI,Q,2026-08-10,TD7,2028-04-01,WSC,125.37
GFI,A,2026-08-10,TD7,2027-01-01,WSC,135.24
GFI,A,2026-08-10,TD7,2028-01-01,WSC,125.37
GFI,A,2026-08-10,TD7,2029-01-01,WSC,123.02
GFI,BAL,2026-08-10,TD28,2026-08-01,LSM,2.81
GFI,M,2026-08-10,TD28,2026-08-01,LSM,2.9
GFI,M,2026-08-10,TD28,2026-09-01,LSM,2.8
GFI,M,2026-08-10,TD28,2026-10-01,LSM,3.0
GFI,M,2026-08-10,TD28,2026-11-01,LSM,3.3
GFI,M,2026-08-10,TD28,2026-12-01,LSM,3.6
GFI,M,2026-08-10,TD28,2027-01-01,LSM,2.6
GFI,M,2026-08-10,TD28,2027-02-01,LSM,2.6
GFI,M,2026-08-10,TD28,2027-03-01,LSM,2.6
GFI,Q,2026-08-10,TD28,2026-10-01,LSM,3.3
GFI,Q,2026-08-10,TD28,2027-01-01,LSM,2.6
GFI,Q,2026-08-10,TD28,2027-04-01,LSM,2.3
GFI,Q,2026-08-10,TD28,2027-07-01,LSM,2.2
GFI,Q,2026-08-10,TD28,2027-10-01,LSM,2.5
GFI,Q,2026-08-10,TD28,2028-01-01,LSM,2.7
GFI,Q,2026-08-10,TD28,2028-04-01,LSM,2.3
GFI,A,2026-08-10,TD28,2027-01-01,LSM,2.4
GFI,A,2026-08-10,TD28,2028-01-01,LSM,2.3
GFI,A,2026-08-10,TD28,2029-01-01,LSM,2.2
GFI,BAL,2026-08-10,TD3C,2026-08-01,PMT,94.63
GFI,M,2026-08-10,TD3C,2026-08-01,PMT,93.98
GFI,M,2026-08-10,TD3C,2026-09-01,PMT,84.88
GFI,M,2026-08-10,TD3C,2026-10-01,PMT,68.71
GFI,M,2026-08-10,TD3C,2026-11-01,PMT,65.68
GFI,M,2026-08-10,TD3C,2026-12-01,PMT,61.14
GFI,M,2026-08-10,TD3C,2027-01-01,PMT,47.6
GFI,M,2026-08-10,TD3C,2027-02-01,PMT,36.6
GFI,M,2026-08-10,TD3C,2027-03-01,PMT,31.6
GFI,Q,2026-08-10,TD3C,2026-10-01,PMT,65.18
GFI,Q,2026-08-10,TD3C,2027-01-01,PMT,38.6
GFI,Q,2026-08-10,TD3C,2027-04-01,PMT,29.3
GFI,Q,2026-08-10,TD3C,2027-07-01,PMT,20.75
GFI,Q,2026-08-10,TD3C,2027-10-01,PMT,22.75
GFI,Q,2026-08-10,TD3C,2028-01-01,PMT,19.35
GFI,Q,2026-08-10,TD3C,2028-04-01,PMT,17.35
GFI,A,2026-08-10,TD3C,2027-01-01,PMT,27.85
GFI,A,2026-08-10,TD3C,2028-01-01,PMT,17.35
GFI,A,2026-08-10,TD3C,2029-01-01,PMT,15.2
GFI,BAL,2026-08-10,TD20,2026-08-01,PMT,37.92
GFI,M,2026-08-10,TD20,2026-08-01,PMT,36.2
GFI,M,2026-08-10,TD20,2026-09-01,PMT,39.87
GFI,M,2026-08-10,TD20,2026-10-01,PMT,37.21
GFI,M,2026-08-10,TD20,2026-11-01,PMT,35.88
GFI,M,2026-08-10,TD20,2026-12-01,PMT,34.55
GFI,M,2026-08-10,TD20,2027-01-01,PMT,30.5
GFI,M,2026-08-10,TD20,2027-02-01,PMT,27.0
GFI,M,2026-08-10,TD20,2027-03-01,PMT,23.5
GFI,Q,2026-08-10,TD20,2026-10-01,PMT,35.88
GFI,Q,2026-08-10,TD20,2027-01-01,PMT,27.0
GFI,Q,2026-08-10,TD20,2027-04-01,PMT,20.5
GFI,Q,2026-08-10,TD20,2027-07-01,PMT,18.5
GFI,Q,2026-08-10,TD20,2027-10-01,PMT,22.0
GFI,Q,2026-08-10,TD20,2028-01-01,PMT,20.5
GFI,Q,2026-08-10,TD20,2028-04-01,PMT,18.5
GFI,A,2026-08-10,TD20,2027-01-01,PMT,22.0
GFI,A,2026-08-10,TD20,2028-01-01,PMT,18.5
GFI,A,2026-08-10,TD20,2029-01-01,PMT,16.2
GFI,BAL,2026-08-10,TD8,2026-08-01,PMT,62.03
GFI,M,2026-08-10,TD8,2026-08-01,PMT,58.06
GFI,M,2026-08-10,TD8,2026-09-01,PMT,48.96
GFI,M,2026-08-10,TD8,2026-10-01,PMT,39.17
GFI,M,2026-08-10,TD8,2026-11-01,PMT,36.37
GFI,M,2026-08-10,TD8,2026-12-01,PMT,33.58
GFI,M,2026-08-10,TD8,2027-01-01,PMT,23.5
GFI,M,2026-08-10,TD8,2027-02-01,PMT,22.5
GFI,M,2026-08-10,TD8,2027-03-01,PMT,21.5
GFI,Q,2026-08-10,TD8,2026-10-01,PMT,36.37
GFI,Q,2026-08-10,TD8,2027-01-01,PMT,22.5
GFI,Q,2026-08-10,TD8,2027-04-01,PMT,20.5
GFI,Q,2026-08-10,TD8,2027-07-01,PMT,19.1
GFI,Q,2026-08-10,TD8,2027-10-01,PMT,21.2
GFI,Q,2026-08-10,TD8,2028-01-01,PMT,22.25
GFI,Q,2026-08-10,TD8,2028-04-01,PMT,20.25
GFI,A,2026-08-10,TD8,2027-01-01,PMT,20.82
GFI,A,2026-08-10,TD8,2028-01-01,PMT,20.25
GFI,A,2026-08-10,TD8,2029-01-01,PMT,19.7
GFI,BAL,2026-08-10,TD19,2026-08-01,PMT,29.01
GFI,M,2026-08-10,TD19,2026-08-01,PMT,28.9
GFI,M,2026-08-10,TD19,2026-09-01,PMT,24.08
GFI,M,2026-08-10,TD19,2026-10-01,PMT,19.87
GFI,M,2026-08-10,TD19,2026-11-01,PMT,18.42
GFI,M,2026-08-10,TD19,2026-12-01,PMT,18.06
GFI,M,2026-08-10,TD19,2027-01-01,PMT,15.75
GFI,M,2026-08-10,TD19,2027-02-01,PMT,14.75
GFI,M,2026-08-10,TD19,2027-03-01,PMT,13.75
GFI,Q,2026-08-10,TD19,2026-10-01,PMT,18.78
GFI,Q,2026-08-10,TD19,2027-01-01,PMT,14.75
GFI,Q,2026-08-10,TD19,2027-04-01,PMT,13.25
GFI,Q,2026-08-10,TD19,2027-07-01,PMT,13.0
GFI,Q,2026-08-10,TD19,2027-10-01,PMT,15.0
GFI,Q,2026-08-10,TD19,2028-01-01,PMT,15.55
GFI,Q,2026-08-10,TD19,2028-04-01,PMT,13.55
GFI,A,2026-08-10,TD19,2027-01-01,PMT,14.0
GFI,A,2026-08-10,TD19,2028-01-01,PMT,13.55
GFI,A,2026-08-10,TD19,2029-01-01,PMT,13.25
GFI,BAL,2026-08-10,TD22,2026-08-01,PMT,75.76
GFI,M,2026-08-10,TD22,2026-08-01,PMT,74.07
GFI,M,2026-08-10,TD22,2026-09-01,PMT,69.44
GFI,M,2026-08-10,TD22,2026-10-01,PMT,68.52
GFI,M,2026-08-10,TD22,2026-11-01,PMT,66.67
GFI,M,2026-08-10,TD22,2026-12-01,PMT,64.81
GFI,M,2026-08-10,TD22,2027-01-01,PMT,59.26
GFI,M,2026-08-10,TD22,2027-02-01,PMT,59.26
GFI,M,2026-08-10,TD22,2027-03-01,PMT,59.26
GFI,Q,2026-08-10,TD22,2026-10-01,PMT,66.67
GFI,Q,2026-08-10,TD22,2027-01-01,PMT,59.26
GFI,Q,2026-08-10,TD22,2027-04-01,PMT,50.0
GFI,Q,2026-08-10,TD22,2027-07-01,PMT,46.3
GFI,Q,2026-08-10,TD22,2027-10-01,PMT,50.0
GFI,Q,2026-08-10,TD22,2028-01-01,PMT,42.59
GFI,Q,2026-08-10,TD22,2028-04-01,PMT,35.19
GFI,A,2026-08-10,TD22,2027-01-01,PMT,51.39
GFI,A,2026-08-10,TD22,2028-01-01,PMT,35.19
GFI,A,2026-08-10,TD22,2029-01-01,PMT,34.44
GFI,BAL,2026-08-10,TD25E,2026-08-01,PMT,67.0
GFI,M,2026-08-10,TD25E,2026-08-01,PMT,67.33
GFI,M,2026-08-10,TD25E,2026-09-01,PMT,60.82
GFI,M,2026-08-10,TD25E,2026-10-01,PMT,53.67
GFI,M,2026-08-10,TD25E,2026-11-01,PMT,50.52
GFI,M,2026-08-10,TD25E,2026-12-01,PMT,47.37
GFI,M,2026-08-10,TD25E,2027-01-01,PMT,40.63
GFI,M,2026-08-10,TD25E,2027-02-01,PMT,40.63
GFI,M,2026-08-10,TD25E,2027-03-01,PMT,40.63
GFI,Q,2026-08-10,TD25E,2026-10-01,PMT,50.52
GFI,Q,2026-08-10,TD25E,2027-01-01,PMT,40.63
GFI,Q,2026-08-10,TD25E,2027-04-01,PMT,35.88
GFI,Q,2026-08-10,TD25E,2027-07-01,PMT,31.88
GFI,Q,2026-08-10,TD25E,2027-10-01,PMT,36.13
GFI,Q,2026-08-10,TD25E,2028-01-01,PMT,33.08
GFI,Q,2026-08-10,TD25E,2028-04-01,PMT,31.08
GFI,A,2026-08-10,TD25E,2027-01-01,PMT,36.13
GFI,A,2026-08-10,TD25E,2028-01-01,PMT,31.08
GFI,A,2026-08-10,TD25E,2029-01-01,PMT,28.38
GFI,BAL,2026-08-10,TD25,2026-08-01,PMT,70.06
GFI,M,2026-08-10,TD25,2026-08-01,PMT,70.38
GFI,M,2026-08-10,TD25,2026-09-01,PMT,63.87
GFI,M,2026-08-10,TD25,2026-10-01,PMT,56.73
GFI,M,2026-08-10,TD25,2026-11-01,PMT,53.58
GFI,M,2026-08-10,TD25,2026-12-01,PMT,50.42
GFI,M,2026-08-10,TD25,2027-01-01,PMT,45.75
GFI,M,2026-08-10,TD25,2027-02-01,PMT,43.75
GFI,M,2026-08-10,TD25,2027-03-01,PMT,41.75
GFI,Q,2026-08-10,TD25,2026-10-01,PMT,53.58
GFI,Q,2026-08-10,TD25,2027-01-01,PMT,43.75
GFI,Q,2026-08-10,TD25,2027-04-01,PMT,39.0
GFI,Q,2026-08-10,TD25,2027-07-01,PMT,35.0
GFI,Q,2026-08-10,TD25,2027-10-01,PMT,39.25
GFI,Q,2026-08-10,TD25,2028-01-01,PMT,36.2
GFI,Q,2026-08-10,TD25,2028-04-01,PMT,34.2
GFI,A,2026-08-10,TD25,2027-01-01,PMT,39.25
GFI,A,2026-08-10,TD25,2028-01-01,PMT,34.2
GFI,A,2026-08-10,TD25,2029-01-01,PMT,31.5
GFI,BAL,2026-08-10,TD7,2026-08-01,PMT,22.15
GFI,M,2026-08-10,TD7,2026-08-01,PMT,22.32
GFI,M,2026-08-10,TD7,2026-09-01,PMT,21.26
GFI,M,2026-08-10,TD7,2026-10-01,PMT,20.73
GFI,M,2026-08-10,TD7,2026-11-01,PMT,19.67
GFI,M,2026-08-10,TD7,2026-12-01,PMT,18.6
GFI,M,2026-08-10,TD7,2027-01-01,PMT,15.32
GFI,M,2026-08-10,TD7,2027-02-01,PMT,15.32
GFI,M,2026-08-10,TD7,2027-03-01,PMT,15.32
GFI,Q,2026-08-10,TD7,2026-10-01,PMT,19.67
GFI,Q,2026-08-10,TD7,2027-01-01,PMT,15.32
GFI,Q,2026-08-10,TD7,2027-04-01,PMT,14.06
GFI,Q,2026-08-10,TD7,2027-07-01,PMT,13.43
GFI,Q,2026-08-10,TD7,2027-10-01,PMT,14.69
GFI,Q,2026-08-10,TD7,2028-01-01,PMT,15.43
GFI,Q,2026-08-10,TD7,2028-04-01,PMT,13.33
GFI,A,2026-08-10,TD7,2027-01-01,PMT,14.38
GFI,A,2026-08-10,TD7,2028-01-01,PMT,13.33
GFI,A,2026-08-10,TD7,2029-01-01,PMT,13.08
GFI,BAL,2026-08-10,TD28,2026-08-01,PMT,35.15
GFI,M,2026-08-10,TD28,2026-08-01,PMT,36.25
GFI,M,2026-08-10,TD28,2026-09-01,PMT,35.0
GFI,M,2026-08-10,TD28,2026-10-01,PMT,37.5
GFI,M,2026-08-10,TD28,2026-11-01,PMT,41.25
GFI,M,2026-08-10,TD28,2026-12-01,PMT,45.0
GFI,M,2026-08-10,TD28,2027-01-01,PMT,32.5
GFI,M,2026-08-10,TD28,2027-02-01,PMT,32.5
GFI,M,2026-08-10,TD28,2027-03-01,PMT,32.5
GFI,Q,2026-08-10,TD28,2026-10-01,PMT,41.25
GFI,Q,2026-08-10,TD28,2027-01-01,PMT,32.5
GFI,Q,2026-08-10,TD28,2027-04-01,PMT,28.75
GFI,Q,2026-08-10,TD28,2027-07-01,PMT,27.5
GFI,Q,2026-08-10,TD28,2027-10-01,PMT,31.25
GFI,Q,2026-08-10,TD28,2028-01-01,PMT,33.75
GFI,Q,2026-08-10,TD28,2028-04-01,PMT,28.75
GFI,A,2026-08-10,TD28,2027-01-01,PMT,30.0
GFI,A,2026-08-10,TD28,2028-01-01,PMT,28.75
GFI,A,2026-08-10,TD28,2029-01-01,PMT,27.5
GFI,WSFR,2026-08-10,TD3C,2026-08-01,WSFR,20.21
GFI,WSFR,2026-08-10,TD20,2026-08-01,WSFR,17.72
GFI,WSFR,2026-08-10,TD8,2026-08-01,WSFR,13.99
GFI,WSFR,2026-08-10,TD19,2026-08-01,WSFR,12.04
GFI,WSFR,2026-08-10,TD25E,2026-08-01,WSFR,21.01
GFI,WSFR,2026-08-10,TD25,2026-08-01,WSFR,21.01
GFI,WSFR,2026-08-10,TD7,2026-08-01,WSFR,10.63
GFI,BITR,2026-08-10,TD3C,2026-08-01,WSC,487.78
GFI,BITR,2026-08-10,TD7,2026-08-01,WSC,207.92
GFI,BITR,2026-08-10,TD8,2026-08-01,WSC,0.0
GFI,BITR,2026-08-10,TD19,2026-08-01,WSC,213.06
GFI,BITR,2026-08-10,TD20,2026-08-01,WSC,183.06
GFI,BITR,2026-08-10,TD22,2026-08-01,LSM,18.64
GFI,BITR,2026-08-10,TD25,2026-08-01,WSC,321.67
GFI,BAL,2026-08-11,TD3C,2026-08-01,WSC,474.91
GFI,M,2026-08-11,TD3C,2026-08-01,WSC,470.0
GFI,M,2026-08-11,TD3C,2026-09-01,WSC,450.0
GFI,M,2026-08-11,TD3C,2026-10-01,WSC,385.0
GFI,M,2026-08-11,TD3C,2026-11-01,WSC,360.0
GFI,M,2026-08-11,TD3C,2026-12-01,WSC,335.0
GFI,M,2026-08-11,TD3C,2027-01-01,WSC,279.56
GFI,M,2026-08-11,TD3C,2027-02-01,WSC,225.14
GFI,M,2026-08-11,TD3C,2027-03-01,WSC,200.4
GFI,Q,2026-08-11,TD3C,2026-10-01,WSC,360.0
GFI,Q,2026-08-11,TD3C,2027-01-01,WSC,235.03
GFI,Q,2026-08-11,TD3C,2027-04-01,WSC,180.6
GFI,Q,2026-08-11,TD3C,2027-07-01,WSC,118.75
GFI,Q,2026-08-11,TD3C,2027-10-01,WSC,128.65
GFI,Q,2026-08-11,TD3C,2028-01-01,WSC,103.91
GFI,Q,2026-08-11,TD3C,2028-04-01,WSC,94.01
GFI,A,2026-08-11,TD3C,2027-01-01,WSC,165.76
GFI,A,2026-08-11,TD3C,2028-01-01,WSC,94.01
GFI,A,2026-08-11,TD3C,2029-01-01,WSC,80.41
GFI,BAL,2026-08-11,TD20,2026-08-01,WSC,228.08
GFI,M,2026-08-11,TD20,2026-08-01,WSC,212.5
GFI,M,2026-08-11,TD20,2026-09-01,WSC,235.0
GFI,M,2026-08-11,TD20,2026-10-01,WSC,222.5
GFI,M,2026-08-11,TD20,2026-11-01,WSC,215.0
GFI,M,2026-08-11,TD20,2026-12-01,WSC,207.5
GFI,M,2026-08-11,TD20,2027-01-01,WSC,187.64
GFI,M,2026-08-11,TD20,2027-02-01,WSC,167.89
GFI,M,2026-08-11,TD20,2027-03-01,WSC,148.14
GFI,Q,2026-08-11,TD20,2026-10-01,WSC,215.0
GFI,Q,2026-08-11,TD20,2027-01-01,WSC,167.89
GFI,Q,2026-08-11,TD20,2027-04-01,WSC,128.39
GFI,Q,2026-08-11,TD20,2027-07-01,WSC,112.87
GFI,Q,2026-08-11,TD20,2027-10-01,WSC,132.62
GFI,Q,2026-08-11,TD20,2028-01-01,WSC,119.92
GFI,Q,2026-08-11,TD20,2028-04-01,WSC,108.63
GFI,A,2026-08-11,TD20,2027-01-01,WSC,135.44
GFI,A,2026-08-11,TD20,2028-01-01,WSC,108.63
GFI,A,2026-08-11,TD20,2029-01-01,WSC,91.42
GFI,BAL,2026-08-11,TD8,2026-08-01,WSC,451.62
GFI,M,2026-08-11,TD8,2026-08-01,WSC,415.0
GFI,M,2026-08-11,TD8,2026-09-01,WSC,350.0
GFI,M,2026-08-11,TD8,2026-10-01,WSC,280.0
GFI,M,2026-08-11,TD8,2026-11-01,WSC,260.0
GFI,M,2026-08-11,TD8,2026-12-01,WSC,240.0
GFI,M,2026-08-11,TD8,2027-01-01,WSC,167.98
GFI,M,2026-08-11,TD8,2027-02-01,WSC,160.83
GFI,M,2026-08-11,TD8,2027-03-01,WSC,153.68
GFI,Q,2026-08-11,TD8,2026-10-01,WSC,260.0
GFI,Q,2026-08-11,TD8,2027-01-01,WSC,160.83
GFI,Q,2026-08-11,TD8,2027-04-01,WSC,146.53
GFI,Q,2026-08-11,TD8,2027-07-01,WSC,136.53
GFI,Q,2026-08-11,TD8,2027-10-01,WSC,151.54
GFI,Q,2026-08-11,TD8,2028-01-01,WSC,159.04
GFI,Q,2026-08-11,TD8,2028-04-01,WSC,144.75
GFI,A,2026-08-11,TD8,2027-01-01,WSC,148.86
GFI,A,2026-08-11,TD8,2028-01-01,WSC,144.75
GFI,A,2026-08-11,TD8,2029-01-01,WSC,140.81
GFI,BAL,2026-08-11,TD19,2026-08-01,WSC,243.49
GFI,M,2026-08-11,TD19,2026-08-01,WSC,240.0
GFI,M,2026-08-11,TD19,2026-09-01,WSC,200.0
GFI,M,2026-08-11,TD19,2026-10-01,WSC,165.0
GFI,M,2026-08-11,TD19,2026-11-01,WSC,153.0
GFI,M,2026-08-11,TD19,2026-12-01,WSC,150.0
GFI,M,2026-08-11,TD19,2027-01-01,WSC,130.81
GFI,M,2026-08-11,TD19,2027-02-01,WSC,122.51
GFI,M,2026-08-11,TD19,2027-03-01,WSC,114.2
GFI,Q,2026-08-11,TD19,2026-10-01,WSC,156.0
GFI,Q,2026-08-11,TD19,2027-01-01,WSC,122.51
GFI,Q,2026-08-11,TD19,2027-04-01,WSC,110.05
GFI,Q,2026-08-11,TD19,2027-07-01,WSC,107.97
GFI,Q,2026-08-11,TD19,2027-10-01,WSC,124.58
GFI,Q,2026-08-11,TD19,2028-01-01,WSC,129.15
GFI,Q,2026-08-11,TD19,2028-04-01,WSC,112.54
GFI,A,2026-08-11,TD19,2027-01-01,WSC,116.28
GFI,A,2026-08-11,TD19,2028-01-01,WSC,112.54
GFI,A,2026-08-11,TD19,2029-01-01,WSC,110.05
GFI,BAL,2026-08-11,TD22,2026-08-01,LSM,20.6
GFI,M,2026-08-11,TD22,2026-08-01,LSM,20.0
GFI,M,2026-08-11,TD22,2026-09-01,LSM,19.5
GFI,M,2026-08-11,TD22,2026-10-01,LSM,19.5
GFI,M,2026-08-11,TD22,2026-11-01,LSM,19.0
GFI,M,2026-08-11,TD22,2026-12-01,LSM,18.5
GFI,M,2026-08-11,TD22,2027-01-01,LSM,16.0
GFI,M,2026-08-11,TD22,2027-02-01,LSM,16.0
GFI,M,2026-08-11,TD22,2027-03-01,LSM,16.0
GFI,Q,2026-08-11,TD22,2026-10-01,LSM,19.0
GFI,Q,2026-08-11,TD22,2027-01-01,LSM,16.0
GFI,Q,2026-08-11,TD22,2027-04-01,LSM,13.5
GFI,Q,2026-08-11,TD22,2027-07-01,LSM,12.5
GFI,Q,2026-08-11,TD22,2027-10-01,LSM,13.5
GFI,Q,2026-08-11,TD22,2028-01-01,LSM,11.5
GFI,Q,2026-08-11,TD22,2028-04-01,LSM,9.5
GFI,A,2026-08-11,TD22,2027-01-01,LSM,13.88
GFI,A,2026-08-11,TD22,2028-01-01,LSM,9.5
GFI,A,2026-08-11,TD22,2029-01-01,LSM,9.3
GFI,BAL,2026-08-11,TD25E,2026-08-01,WSC,305.78
GFI,M,2026-08-11,TD25E,2026-08-01,WSC,310.21
GFI,M,2026-08-11,TD25E,2026-09-01,WSC,305.46
GFI,M,2026-08-11,TD25E,2026-10-01,WSC,268.46
GFI,M,2026-08-11,TD25E,2026-11-01,WSC,247.46
GFI,M,2026-08-11,TD25E,2026-12-01,WSC,232.46
GFI,M,2026-08-11,TD25E,2027-01-01,WSC,207.66
GFI,M,2026-08-11,TD25E,2027-02-01,WSC,207.66
GFI,M,2026-08-11,TD25E,2027-03-01,WSC,207.66
GFI,Q,2026-08-11,TD25E,2026-10-01,WSC,249.46
GFI,Q,2026-08-11,TD25E,2027-01-01,WSC,207.66
GFI,Q,2026-08-11,TD25E,2027-04-01,WSC,180.3
GFI,Q,2026-08-11,TD25E,2027-07-01,WSC,160.07
GFI,Q,2026-08-11,TD25E,2027-10-01,WSC,179.11
GFI,Q,2026-08-11,TD25E,2028-01-01,WSC,161.26
GFI,Q,2026-08-11,TD25E,2028-04-01,WSC,151.74
GFI,A,2026-08-11,TD25E,2027-01-01,WSC,181.78
GFI,A,2026-08-11,TD25E,2028-01-01,WSC,151.74
GFI,A,2026-08-11,TD25E,2029-01-01,WSC,137.46
GFI,BAL,2026-08-11,TD25,2026-08-01,WSC,320.32
GFI,M,2026-08-11,TD25,2026-08-01,WSC,324.75
GFI,M,2026-08-11,TD25,2026-09-01,WSC,320.0
GFI,M,2026-08-11,TD25,2026-10-01,WSC,283.0
GFI,M,2026-08-11,TD25,2026-11-01,WSC,262.0
GFI,M,2026-08-11,TD25,2026-12-01,WSC,247.0
GFI,M,2026-08-11,TD25,2027-01-01,WSC,232.03
GFI,M,2026-08-11,TD25,2027-02-01,WSC,222.51
GFI,M,2026-08-11,TD25,2027-03-01,WSC,212.99
GFI,Q,2026-08-11,TD25,2026-10-01,WSC,264.0
GFI,Q,2026-08-11,TD25,2027-01-01,WSC,222.51
GFI,Q,2026-08-11,TD25,2027-04-01,WSC,195.15
GFI,Q,2026-08-11,TD25,2027-07-01,WSC,174.92
GFI,Q,2026-08-11,TD25,2027-10-01,WSC,193.96
GFI,Q,2026-08-11,TD25,2028-01-01,WSC,176.11
GFI,Q,2026-08-11,TD25,2028-04-01,WSC,166.59
GFI,A,2026-08-11,TD25,2027-01-01,WSC,196.63
GFI,A,2026-08-11,TD25,2028-01-01,WSC,166.59
GFI,A,2026-08-11,TD25,2029-01-01,WSC,152.31
GFI,BAL,2026-08-11,TD7,2026-08-01,WSC,208.21
GFI,M,2026-08-11,TD7,2026-08-01,WSC,210.0
GFI,M,2026-08-11,TD7,2026-09-01,WSC,200.0
GFI,M,2026-08-11,TD7,2026-10-01,WSC,195.0
GFI,M,2026-08-11,TD7,2026-11-01,WSC,185.0
GFI,M,2026-08-11,TD7,2026-12-01,WSC,175.0
GFI,M,2026-08-11,TD7,2027-01-01,WSC,144.13
GFI,M,2026-08-11,TD7,2027-02-01,WSC,144.13
GFI,M,2026-08-11,TD7,2027-03-01,WSC,144.13
GFI,Q,2026-08-11,TD7,2026-10-01,WSC,185.0
GFI,Q,2026-08-11,TD7,2027-01-01,WSC,144.13
GFI,Q,2026-08-11,TD7,2027-04-01,WSC,132.28
GFI,Q,2026-08-11,TD7,2027-07-01,WSC,126.36
GFI,Q,2026-08-11,TD7,2027-10-01,WSC,138.2
GFI,Q,2026-08-11,TD7,2028-01-01,WSC,145.11
GFI,Q,2026-08-11,TD7,2028-04-01,WSC,125.37
GFI,A,2026-08-11,TD7,2027-01-01,WSC,135.24
GFI,A,2026-08-11,TD7,2028-01-01,WSC,125.37
GFI,A,2026-08-11,TD7,2029-01-01,WSC,123.02
GFI,BAL,2026-08-11,TD28,2026-08-01,LSM,2.79
GFI,M,2026-08-11,TD28,2026-08-01,LSM,2.9
GFI,M,2026-08-11,TD28,2026-09-01,LSM,2.8
GFI,M,2026-08-11,TD28,2026-10-01,LSM,3.0
GFI,M,2026-08-11,TD28,2026-11-01,LSM,3.3
GFI,M,2026-08-11,TD28,2026-12-01,LSM,3.6
GFI,M,2026-08-11,TD28,2027-01-01,LSM,2.6
GFI,M,2026-08-11,TD28,2027-02-01,LSM,2.6
GFI,M,2026-08-11,TD28,2027-03-01,LSM,2.6
GFI,Q,2026-08-11,TD28,2026-10-01,LSM,3.3
GFI,Q,2026-08-11,TD28,2027-01-01,LSM,2.6
GFI,Q,2026-08-11,TD28,2027-04-01,LSM,2.3
GFI,Q,2026-08-11,TD28,2027-07-01,LSM,2.2
GFI,Q,2026-08-11,TD28,2027-10-01,LSM,2.5
GFI,Q,2026-08-11,TD28,2028-01-01,LSM,2.7
GFI,Q,2026-08-11,TD28,2028-04-01,LSM,2.3
GFI,A,2026-08-11,TD28,2027-01-01,LSM,2.4
GFI,A,2026-08-11,TD28,2028-01-01,LSM,2.3
GFI,A,2026-08-11,TD28,2029-01-01,LSM,2.2
GFI,BAL,2026-08-11,TD3C,2026-08-01,PMT,95.98
GFI,M,2026-08-11,TD3C,2026-08-01,PMT,94.99
GFI,M,2026-08-11,TD3C,2026-09-01,PMT,90.94
GFI,M,2026-08-11,TD3C,2026-10-01,PMT,77.81
GFI,M,2026-08-11,TD3C,2026-11-01,PMT,72.76
GFI,M,2026-08-11,TD3C,2026-12-01,PMT,67.7
GFI,M,2026-08-11,TD3C,2027-01-01,PMT,56.5
GFI,M,2026-08-11,TD3C,2027-02-01,PMT,45.5
GFI,M,2026-08-11,TD3C,2027-03-01,PMT,40.5
GFI,Q,2026-08-11,TD3C,2026-10-01,PMT,72.76
GFI,Q,2026-08-11,TD3C,2027-01-01,PMT,47.5
GFI,Q,2026-08-11,TD3C,2027-04-01,PMT,36.5
GFI,Q,2026-08-11,TD3C,2027-07-01,PMT,24.0
GFI,Q,2026-08-11,TD3C,2027-10-01,PMT,26.0
GFI,Q,2026-08-11,TD3C,2028-01-01,PMT,21.0
GFI,Q,2026-08-11,TD3C,2028-04-01,PMT,19.0
GFI,A,2026-08-11,TD3C,2027-01-01,PMT,33.5
GFI,A,2026-08-11,TD3C,2028-01-01,PMT,19.0
GFI,A,2026-08-11,TD3C,2029-01-01,PMT,16.25
GFI,BAL,2026-08-11,TD20,2026-08-01,PMT,40.42
GFI,M,2026-08-11,TD20,2026-08-01,PMT,37.66
GFI,M,2026-08-11,TD20,2026-09-01,PMT,41.64
GFI,M,2026-08-11,TD20,2026-10-01,PMT,39.43
GFI,M,2026-08-11,TD20,2026-11-01,PMT,38.1
GFI,M,2026-08-11,TD20,2026-12-01,PMT,36.77
GFI,M,2026-08-11,TD20,2027-01-01,PMT,33.25
GFI,M,2026-08-11,TD20,2027-02-01,PMT,29.75
GFI,M,2026-08-11,TD20,2027-03-01,PMT,26.25
GFI,Q,2026-08-11,TD20,2026-10-01,PMT,38.1
GFI,Q,2026-08-11,TD20,2027-01-01,PMT,29.75
GFI,Q,2026-08-11,TD20,2027-04-01,PMT,22.75
GFI,Q,2026-08-11,TD20,2027-07-01,PMT,20.0
GFI,Q,2026-08-11,TD20,2027-10-01,PMT,23.5
GFI,Q,2026-08-11,TD20,2028-01-01,PMT,21.25
GFI,Q,2026-08-11,TD20,2028-04-01,PMT,19.25
GFI,A,2026-08-11,TD20,2027-01-01,PMT,24.0
GFI,A,2026-08-11,TD20,2028-01-01,PMT,19.25
GFI,A,2026-08-11,TD20,2029-01-01,PMT,16.2
GFI,BAL,2026-08-11,TD8,2026-08-01,PMT,63.18
GFI,M,2026-08-11,TD8,2026-08-01,PMT,58.06
GFI,M,2026-08-11,TD8,2026-09-01,PMT,48.96
GFI,M,2026-08-11,TD8,2026-10-01,PMT,39.17
GFI,M,2026-08-11,TD8,2026-11-01,PMT,36.37
GFI,M,2026-08-11,TD8,2026-12-01,PMT,33.58
GFI,M,2026-08-11,TD8,2027-01-01,PMT,23.5
GFI,M,2026-08-11,TD8,2027-02-01,PMT,22.5
GFI,M,2026-08-11,TD8,2027-03-01,PMT,21.5
GFI,Q,2026-08-11,TD8,2026-10-01,PMT,36.37
GFI,Q,2026-08-11,TD8,2027-01-01,PMT,22.5
GFI,Q,2026-08-11,TD8,2027-04-01,PMT,20.5
GFI,Q,2026-08-11,TD8,2027-07-01,PMT,19.1
GFI,Q,2026-08-11,TD8,2027-10-01,PMT,21.2
GFI,Q,2026-08-11,TD8,2028-01-01,PMT,22.25
GFI,Q,2026-08-11,TD8,2028-04-01,PMT,20.25
GFI,A,2026-08-11,TD8,2027-01-01,PMT,20.82
GFI,A,2026-08-11,TD8,2028-01-01,PMT,20.25
GFI,A,2026-08-11,TD8,2029-01-01,PMT,19.7
GFI,BAL,2026-08-11,TD19,2026-08-01,PMT,29.32
GFI,M,2026-08-11,TD19,2026-08-01,PMT,28.9
GFI,M,2026-08-11,TD19,2026-09-01,PMT,24.08
GFI,M,2026-08-11,TD19,2026-10-01,PMT,19.87
GFI,M,2026-08-11,TD19,2026-11-01,PMT,18.42
GFI,M,2026-08-11,TD19,2026-12-01,PMT,18.06
GFI,M,2026-08-11,TD19,2027-01-01,PMT,15.75
GFI,M,2026-08-11,TD19,2027-02-01,PMT,14.75
GFI,M,2026-08-11,TD19,2027-03-01,PMT,13.75
GFI,Q,2026-08-11,TD19,2026-10-01,PMT,18.78
GFI,Q,2026-08-11,TD19,2027-01-01,PMT,14.75
GFI,Q,2026-08-11,TD19,2027-04-01,PMT,13.25
GFI,Q,2026-08-11,TD19,2027-07-01,PMT,13.0
GFI,Q,2026-08-11,TD19,2027-10-01,PMT,15.0
GFI,Q,2026-08-11,TD19,2028-01-01,PMT,15.55
GFI,Q,2026-08-11,TD19,2028-04-01,PMT,13.55
GFI,A,2026-08-11,TD19,2027-01-01,PMT,14.0
GFI,A,2026-08-11,TD19,2028-01-01,PMT,13.55
GFI,A,2026-08-11,TD19,2029-01-01,PMT,13.25
GFI,BAL,2026-08-11,TD22,2026-08-01,PMT,76.28
GFI,M,2026-08-11,TD22,2026-08-01,PMT,74.07
GFI,M,2026-08-11,TD22,2026-09-01,PMT,72.22
GFI,M,2026-08-11,TD22,2026-10-01,PMT,72.22
GFI,M,2026-08-11,TD22,2026-11-01,PMT,70.37
GFI,M,2026-08-11,TD22,2026-12-01,PMT,68.52
GFI,M,2026-08-11,TD22,2027-01-01,PMT,59.26
GFI,M,2026-08-11,TD22,2027-02-01,PMT,59.26
GFI,M,2026-08-11,TD22,2027-03-01,PMT,59.26
GFI,Q,2026-08-11,TD22,2026-10-01,PMT,70.37
GFI,Q,2026-08-11,TD22,2027-01-01,PMT,59.26
GFI,Q,2026-08-11,TD22,2027-04-01,PMT,50.0
GFI,Q,2026-08-11,TD22,2027-07-01,PMT,46.3
GFI,Q,2026-08-11,TD22,2027-10-01,PMT,50.0
GFI,Q,2026-08-11,TD22,2028-01-01,PMT,42.59
GFI,Q,2026-08-11,TD22,2028-04-01,PMT,35.19
GFI,A,2026-08-11,TD22,2027-01-01,PMT,51.39
GFI,A,2026-08-11,TD22,2028-01-01,PMT,35.19
GFI,A,2026-08-11,TD22,2029-01-01,PMT,34.44
GFI,BAL,2026-08-11,TD25E,2026-08-01,PMT,64.24
GFI,M,2026-08-11,TD25E,2026-08-01,PMT,65.18
GFI,M,2026-08-11,TD25E,2026-09-01,PMT,64.18
GFI,M,2026-08-11,TD25E,2026-10-01,PMT,56.4
GFI,M,2026-08-11,TD25E,2026-11-01,PMT,51.99
GFI,M,2026-08-11,TD25E,2026-12-01,PMT,48.84
GFI,M,2026-08-11,TD25E,2027-01-01,PMT,43.63
GFI,M,2026-08-11,TD25E,2027-02-01,PMT,43.63
GFI,M,2026-08-11,TD25E,2027-03-01,PMT,43.63
GFI,Q,2026-08-11,TD25E,2026-10-01,PMT,52.41
GFI,Q,2026-08-11,TD25E,2027-01-01,PMT,43.63
GFI,Q,2026-08-11,TD25E,2027-04-01,PMT,37.88
GFI,Q,2026-08-11,TD25E,2027-07-01,PMT,33.63
GFI,Q,2026-08-11,TD25E,2027-10-01,PMT,37.63
GFI,Q,2026-08-11,TD25E,2028-01-01,PMT,33.88
GFI,Q,2026-08-11,TD25E,2028-04-01,PMT,31.88
GFI,A,2026-08-11,TD25E,2027-01-01,PMT,38.19
GFI,A,2026-08-11,TD25E,2028-01-01,PMT,31.88
GFI,A,2026-08-11,TD25E,2029-01-01,PMT,28.88
GFI,BAL,2026-08-11,TD25,2026-08-01,PMT,67.3
GFI,M,2026-08-11,TD25,2026-08-01,PMT,68.23
GFI,M,2026-08-11,TD25,2026-09-01,PMT,67.23
GFI,M,2026-08-11,TD25,2026-10-01,PMT,59.46
GFI,M,2026-08-11,TD25,2026-11-01,PMT,55.05
GFI,M,2026-08-11,TD25,2026-12-01,PMT,51.89
GFI,M,2026-08-11,TD25,2027-01-01,PMT,48.75
GFI,M,2026-08-11,TD25,2027-02-01,PMT,46.75
GFI,M,2026-08-11,TD25,2027-03-01,PMT,44.75
GFI,Q,2026-08-11,TD25,2026-10-01,PMT,55.47
GFI,Q,2026-08-11,TD25,2027-01-01,PMT,46.75
GFI,Q,2026-08-11,TD25,2027-04-01,PMT,41.0
GFI,Q,2026-08-11,TD25,2027-07-01,PMT,36.75
GFI,Q,2026-08-11,TD25,2027-10-01,PMT,40.75
GFI,Q,2026-08-11,TD25,2028-01-01,PMT,37.0
GFI,Q,2026-08-11,TD25,2028-04-01,PMT,35.0
GFI,A,2026-08-11,TD25,2027-01-01,PMT,41.31
GFI,A,2026-08-11,TD25,2028-01-01,PMT,35.0
GFI,A,2026-08-11,TD25,2029-01-01,PMT,32.0
GFI,BAL,2026-08-11,TD7,2026-08-01,PMT,22.13
GFI,M,2026-08-11,TD7,2026-08-01,PMT,22.32
GFI,M,2026-08-11,TD7,2026-09-01,PMT,21.26
GFI,M,2026-08-11,TD7,2026-10-01,PMT,20.73
GFI,M,2026-08-11,TD7,2026-11-01,PMT,19.67
GFI,M,2026-08-11,TD7,2026-12-01,PMT,18.6
GFI,M,2026-08-11,TD7,2027-01-01,PMT,15.32
GFI,M,2026-08-11,TD7,2027-02-01,PMT,15.32
GFI,M,2026-08-11,TD7,2027-03-01,PMT,15.32
GFI,Q,2026-08-11,TD7,2026-10-01,PMT,19.67
GFI,Q,2026-08-11,TD7,2027-01-01,PMT,15.32
GFI,Q,2026-08-11,TD7,2027-04-01,PMT,14.06
GFI,Q,2026-08-11,TD7,2027-07-01,PMT,13.43
GFI,Q,2026-08-11,TD7,2027-10-01,PMT,14.69
GFI,Q,2026-08-11,TD7,2028-01-01,PMT,15.43
GFI,Q,2026-08-11,TD7,2028-04-01,PMT,13.33
GFI,A,2026-08-11,TD7,2027-01-01,PMT,14.38
GFI,A,2026-08-11,TD7,2028-01-01,PMT,13.33
GFI,A,2026-08-11,TD7,2029-01-01,PMT,13.08
GFI,BAL,2026-08-11,TD28,2026-08-01,PMT,34.84
GFI,M,2026-08-11,TD28,2026-08-01,PMT,36.25
GFI,M,2026-08-11,TD28,2026-09-01,PMT,35.0
GFI,M,2026-08-11,TD28,2026-10-01,PMT,37.5
GFI,M,2026-08-11,TD28,2026-11-01,PMT,41.25
GFI,M,2026-08-11,TD28,2026-12-01,PMT,45.0
GFI,M,2026-08-11,TD28,2027-01-01,PMT,32.5
GFI,M,2026-08-11,TD28,2027-02-01,PMT,32.5
GFI,M,2026-08-11,TD28,2027-03-01,PMT,32.5
GFI,Q,2026-08-11,TD28,2026-10-01,PMT,41.25
GFI,Q,2026-08-11,TD28,2027-01-01,PMT,32.5
GFI,Q,2026-08-11,TD28,2027-04-01,PMT,28.75
GFI,Q,2026-08-11,TD28,2027-07-01,PMT,27.5
GFI,Q,2026-08-11,TD28,2027-10-01,PMT,31.25
GFI,Q,2026-08-11,TD28,2028-01-01,PMT,33.75
GFI,Q,2026-08-11,TD28,2028-04-01,PMT,28.75
GFI,A,2026-08-11,TD28,2027-01-01,PMT,30.0
GFI,A,2026-08-11,TD28,2028-01-01,PMT,28.75
GFI,A,2026-08-11,TD28,2029-01-01,PMT,27.5
GFI,WSFR,2026-08-11,TD3C,2026-08-01,WSFR,20.21
GFI,WSFR,2026-08-11,TD20,2026-08-01,WSFR,17.72
GFI,WSFR,2026-08-11,TD8,2026-08-01,WSFR,13.99
GFI,WSFR,2026-08-11,TD19,2026-08-01,WSFR,12.04
GFI,WSFR,2026-08-11,TD25E,2026-08-01,WSFR,21.01
GFI,WSFR,2026-08-11,TD25,2026-08-01,WSFR,21.01
GFI,WSFR,2026-08-11,TD7,2026-08-01,WSFR,10.63
GFI,BITR,2026-08-11,TD3C,2026-08-01,WSC,481.67
GFI,BITR,2026-08-11,TD7,2026-08-01,WSC,203.33
GFI,BITR,2026-08-11,TD8,2026-08-01,WSC,327.92
GFI,BITR,2026-08-11,TD19,2026-08-01,WSC,208.06
GFI,BITR,2026-08-11,TD20,2026-08-01,WSC,195.28
GFI,BITR,2026-08-11,TD22,2026-08-01,LSM,18.62
GFI,BITR,2026-08-11,TD25,2026-08-01,WSC,323.61
GFI,BAL,2026-08-12,TD3C,2026-08-01,WSC,474.54
GFI,M,2026-08-12,TD3C,2026-08-01,WSC,470.0
GFI,M,2026-08-12,TD3C,2026-09-01,WSC,455.0
GFI,M,2026-08-12,TD3C,2026-10-01,WSC,415.0
GFI,M,2026-08-12,TD3C,2026-11-01,WSC,385.0
GFI,M,2026-08-12,TD3C,2026-12-01,WSC,342.5
GFI,M,2026-08-12,TD3C,2027-01-01,WSC,288.22
GFI,M,2026-08-12,TD3C,2027-02-01,WSC,233.8
GFI,M,2026-08-12,TD3C,2027-03-01,WSC,209.05
GFI,Q,2026-08-12,TD3C,2026-10-01,WSC,380.83
GFI,Q,2026-08-12,TD3C,2027-01-01,WSC,243.69
GFI,Q,2026-08-12,TD3C,2027-04-01,WSC,190.5
GFI,Q,2026-08-12,TD3C,2027-07-01,WSC,119.99
GFI,Q,2026-08-12,TD3C,2027-10-01,WSC,129.89
GFI,Q,2026-08-12,TD3C,2028-01-01,WSC,103.91
GFI,Q,2026-08-12,TD3C,2028-04-01,WSC,94.01
GFI,A,2026-08-12,TD3C,2027-01-01,WSC,171.02
GFI,A,2026-08-12,TD3C,2028-01-01,WSC,94.01
GFI,A,2026-08-12,TD3C,2029-01-01,WSC,80.41
GFI,BAL,2026-08-12,TD20,2026-08-01,WSC,228.47
GFI,M,2026-08-12,TD20,2026-08-01,WSC,212.5
GFI,M,2026-08-12,TD20,2026-09-01,WSC,242.5
GFI,M,2026-08-12,TD20,2026-10-01,WSC,222.5
GFI,M,2026-08-12,TD20,2026-11-01,WSC,215.0
GFI,M,2026-08-12,TD20,2026-12-01,WSC,207.5
GFI,M,2026-08-12,TD20,2027-01-01,WSC,189.05
GFI,M,2026-08-12,TD20,2027-02-01,WSC,169.3
GFI,M,2026-08-12,TD20,2027-03-01,WSC,149.55
GFI,Q,2026-08-12,TD20,2026-10-01,WSC,215.0
GFI,Q,2026-08-12,TD20,2027-01-01,WSC,169.3
GFI,Q,2026-08-12,TD20,2027-04-01,WSC,128.39
GFI,Q,2026-08-12,TD20,2027-07-01,WSC,112.87
GFI,Q,2026-08-12,TD20,2027-10-01,WSC,134.03
GFI,Q,2026-08-12,TD20,2028-01-01,WSC,119.07
GFI,Q,2026-08-12,TD20,2028-04-01,WSC,107.79
GFI,A,2026-08-12,TD20,2027-01-01,WSC,136.15
GFI,A,2026-08-12,TD20,2028-01-01,WSC,107.79
GFI,A,2026-08-12,TD20,2029-01-01,WSC,91.42
GFI,BAL,2026-08-12,TD8,2026-08-01,WSC,460.94
GFI,M,2026-08-12,TD8,2026-08-01,WSC,415.0
GFI,M,2026-08-12,TD8,2026-09-01,WSC,350.0
GFI,M,2026-08-12,TD8,2026-10-01,WSC,280.0
GFI,M,2026-08-12,TD8,2026-11-01,WSC,260.0
GFI,M,2026-08-12,TD8,2026-12-01,WSC,240.0
GFI,M,2026-08-12,TD8,2027-01-01,WSC,167.98
GFI,M,2026-08-12,TD8,2027-02-01,WSC,160.83
GFI,M,2026-08-12,TD8,2027-03-01,WSC,153.68
GFI,Q,2026-08-12,TD8,2026-10-01,WSC,260.0
GFI,Q,2026-08-12,TD8,2027-01-01,WSC,160.83
GFI,Q,2026-08-12,TD8,2027-04-01,WSC,146.53
GFI,Q,2026-08-12,TD8,2027-07-01,WSC,136.53
GFI,Q,2026-08-12,TD8,2027-10-01,WSC,151.54
GFI,Q,2026-08-12,TD8,2028-01-01,WSC,159.04
GFI,Q,2026-08-12,TD8,2028-04-01,WSC,144.75
GFI,A,2026-08-12,TD8,2027-01-01,WSC,148.86
GFI,A,2026-08-12,TD8,2028-01-01,WSC,144.75
GFI,A,2026-08-12,TD8,2029-01-01,WSC,140.81
GFI,BAL,2026-08-12,TD19,2026-08-01,WSC,246.76
GFI,M,2026-08-12,TD19,2026-08-01,WSC,240.0
GFI,M,2026-08-12,TD19,2026-09-01,WSC,200.0
GFI,M,2026-08-12,TD19,2026-10-01,WSC,165.0
GFI,M,2026-08-12,TD19,2026-11-01,WSC,153.0
GFI,M,2026-08-12,TD19,2026-12-01,WSC,150.0
GFI,M,2026-08-12,TD19,2027-01-01,WSC,130.81
GFI,M,2026-08-12,TD19,2027-02-01,WSC,122.51
GFI,M,2026-08-12,TD19,2027-03-01,WSC,114.2
GFI,Q,2026-08-12,TD19,2026-10-01,WSC,156.0
GFI,Q,2026-08-12,TD19,2027-01-01,WSC,122.51
GFI,Q,2026-08-12,TD19,2027-04-01,WSC,110.05
GFI,Q,2026-08-12,TD19,2027-07-01,WSC,107.97
GFI,Q,2026-08-12,TD19,2027-10-01,WSC,124.58
GFI,Q,2026-08-12,TD19,2028-01-01,WSC,129.15
GFI,Q,2026-08-12,TD19,2028-04-01,WSC,112.54
GFI,A,2026-08-12,TD19,2027-01-01,WSC,116.28
GFI,A,2026-08-12,TD19,2028-01-01,WSC,112.54
GFI,A,2026-08-12,TD19,2029-01-01,WSC,110.05
GFI,BAL,2026-08-12,TD22,2026-08-01,LSM,20.77
GFI,M,2026-08-12,TD22,2026-08-01,LSM,20.0
GFI,M,2026-08-12,TD22,2026-09-01,LSM,19.5
GFI,M,2026-08-12,TD22,2026-10-01,LSM,19.5
GFI,M,2026-08-12,TD22,2026-11-01,LSM,19.0
GFI,M,2026-08-12,TD22,2026-12-01,LSM,18.5
GFI,M,2026-08-12,TD22,2027-01-01,LSM,16.0
GFI,M,2026-08-12,TD22,2027-02-01,LSM,16.0
GFI,M,2026-08-12,TD22,2027-03-01,LSM,16.0
GFI,Q,2026-08-12,TD22,2026-10-01,LSM,19.0
GFI,Q,2026-08-12,TD22,2027-01-01,LSM,16.0
GFI,Q,2026-08-12,TD22,2027-04-01,LSM,14.0
GFI,Q,2026-08-12,TD22,2027-07-01,LSM,12.5
GFI,Q,2026-08-12,TD22,2027-10-01,LSM,13.5
GFI,Q,2026-08-12,TD22,2028-01-01,LSM,12.0
GFI,Q,2026-08-12,TD22,2028-04-01,LSM,10.0
GFI,A,2026-08-12,TD22,2027-01-01,LSM,14.0
GFI,A,2026-08-12,TD22,2028-01-01,LSM,10.0
GFI,A,2026-08-12,TD22,2029-01-01,LSM,9.5
GFI,BAL,2026-08-12,TD25E,2026-08-01,WSC,325.52
GFI,M,2026-08-12,TD25E,2026-08-01,WSC,323.36
GFI,M,2026-08-12,TD25E,2026-09-01,WSC,315.46
GFI,M,2026-08-12,TD25E,2026-10-01,WSC,275.46
GFI,M,2026-08-12,TD25E,2026-11-01,WSC,260.46
GFI,M,2026-08-12,TD25E,2026-12-01,WSC,245.46
GFI,M,2026-08-12,TD25E,2027-01-01,WSC,212.42
GFI,M,2026-08-12,TD25E,2027-02-01,WSC,212.42
GFI,M,2026-08-12,TD25E,2027-03-01,WSC,212.42
GFI,Q,2026-08-12,TD25E,2026-10-01,WSC,260.46
GFI,Q,2026-08-12,TD25E,2027-01-01,WSC,212.42
GFI,Q,2026-08-12,TD25E,2027-04-01,WSC,182.67
GFI,Q,2026-08-12,TD25E,2027-07-01,WSC,161.26
GFI,Q,2026-08-12,TD25E,2027-10-01,WSC,175.54
GFI,Q,2026-08-12,TD25E,2028-01-01,WSC,161.26
GFI,Q,2026-08-12,TD25E,2028-04-01,WSC,151.74
GFI,A,2026-08-12,TD25E,2027-01-01,WSC,182.97
GFI,A,2026-08-12,TD25E,2028-01-01,WSC,151.74
GFI,A,2026-08-12,TD25E,2029-01-01,WSC,137.46
GFI,BAL,2026-08-12,TD25,2026-08-01,WSC,340.06
GFI,M,2026-08-12,TD25,2026-08-01,WSC,337.9
GFI,M,2026-08-12,TD25,2026-09-01,WSC,330.0
GFI,M,2026-08-12,TD25,2026-10-01,WSC,290.0
GFI,M,2026-08-12,TD25,2026-11-01,WSC,275.0
GFI,M,2026-08-12,TD25,2026-12-01,WSC,260.0
GFI,M,2026-08-12,TD25,2027-01-01,WSC,234.41
GFI,M,2026-08-12,TD25,2027-02-01,WSC,229.65
GFI,M,2026-08-12,TD25,2027-03-01,WSC,217.75
GFI,Q,2026-08-12,TD25,2026-10-01,WSC,275.0
GFI,Q,2026-08-12,TD25,2027-01-01,WSC,227.27
GFI,Q,2026-08-12,TD25,2027-04-01,WSC,197.52
GFI,Q,2026-08-12,TD25,2027-07-01,WSC,176.11
GFI,Q,2026-08-12,TD25,2027-10-01,WSC,190.39
GFI,Q,2026-08-12,TD25,2028-01-01,WSC,176.11
GFI,Q,2026-08-12,TD25,2028-04-01,WSC,166.59
GFI,A,2026-08-12,TD25,2027-01-01,WSC,197.82
GFI,A,2026-08-12,TD25,2028-01-01,WSC,166.59
GFI,A,2026-08-12,TD25,2029-01-01,WSC,152.31
GFI,BAL,2026-08-12,TD7,2026-08-01,WSC,208.27
GFI,M,2026-08-12,TD7,2026-08-01,WSC,210.0
GFI,M,2026-08-12,TD7,2026-09-01,WSC,200.0
GFI,M,2026-08-12,TD7,2026-10-01,WSC,195.0
GFI,M,2026-08-12,TD7,2026-11-01,WSC,185.0
GFI,M,2026-08-12,TD7,2026-12-01,WSC,175.0
GFI,M,2026-08-12,TD7,2027-01-01,WSC,147.09
GFI,M,2026-08-12,TD7,2027-02-01,WSC,147.09
GFI,M,2026-08-12,TD7,2027-03-01,WSC,147.09
GFI,Q,2026-08-12,TD7,2026-10-01,WSC,185.0
GFI,Q,2026-08-12,TD7,2027-01-01,WSC,147.09
GFI,Q,2026-08-12,TD7,2027-04-01,WSC,135.24
GFI,Q,2026-08-12,TD7,2027-07-01,WSC,129.32
GFI,Q,2026-08-12,TD7,2027-10-01,WSC,141.16
GFI,Q,2026-08-12,TD7,2028-01-01,WSC,145.11
GFI,Q,2026-08-12,TD7,2028-04-01,WSC,125.37
GFI,A,2026-08-12,TD7,2027-01-01,WSC,138.2
GFI,A,2026-08-12,TD7,2028-01-01,WSC,125.37
GFI,A,2026-08-12,TD7,2029-01-01,WSC,123.02
GFI,BAL,2026-08-12,TD28,2026-08-01,LSM,2.76
GFI,M,2026-08-12,TD28,2026-08-01,LSM,2.9
GFI,M,2026-08-12,TD28,2026-09-01,LSM,2.8
GFI,M,2026-08-12,TD28,2026-10-01,LSM,3.0
GFI,M,2026-08-12,TD28,2026-11-01,LSM,3.3
GFI,M,2026-08-12,TD28,2026-12-01,LSM,3.6
GFI,M,2026-08-12,TD28,2027-01-01,LSM,2.6
GFI,M,2026-08-12,TD28,2027-02-01,LSM,2.6
GFI,M,2026-08-12,TD28,2027-03-01,LSM,2.6
GFI,Q,2026-08-12,TD28,2026-10-01,LSM,3.3
GFI,Q,2026-08-12,TD28,2027-01-01,LSM,2.6
GFI,Q,2026-08-12,TD28,2027-04-01,LSM,2.3
GFI,Q,2026-08-12,TD28,2027-07-01,LSM,2.2
GFI,Q,2026-08-12,TD28,2027-10-01,LSM,2.5
GFI,Q,2026-08-12,TD28,2028-01-01,LSM,2.7
GFI,Q,2026-08-12,TD28,2028-04-01,LSM,2.3
GFI,A,2026-08-12,TD28,2027-01-01,LSM,2.4
GFI,A,2026-08-12,TD28,2028-01-01,LSM,2.3
GFI,A,2026-08-12,TD28,2029-01-01,LSM,2.2
GFI,BAL,2026-08-12,TD3C,2026-08-01,PMT,95.9
GFI,M,2026-08-12,TD3C,2026-08-01,PMT,94.99
GFI,M,2026-08-12,TD3C,2026-09-01,PMT,91.96
GFI,M,2026-08-12,TD3C,2026-10-01,PMT,83.87
GFI,M,2026-08-12,TD3C,2026-11-01,PMT,77.81
GFI,M,2026-08-12,TD3C,2026-12-01,PMT,69.22
GFI,M,2026-08-12,TD3C,2027-01-01,PMT,58.25
GFI,M,2026-08-12,TD3C,2027-02-01,PMT,47.25
GFI,M,2026-08-12,TD3C,2027-03-01,PMT,42.25
GFI,Q,2026-08-12,TD3C,2026-10-01,PMT,76.97
GFI,Q,2026-08-12,TD3C,2027-01-01,PMT,49.25
GFI,Q,2026-08-12,TD3C,2027-04-01,PMT,38.5
GFI,Q,2026-08-12,TD3C,2027-07-01,PMT,24.25
GFI,Q,2026-08-12,TD3C,2027-10-01,PMT,26.25
GFI,Q,2026-08-12,TD3C,2028-01-01,PMT,21.0
GFI,Q,2026-08-12,TD3C,2028-04-01,PMT,19.0
GFI,A,2026-08-12,TD3C,2027-01-01,PMT,34.56
GFI,A,2026-08-12,TD3C,2028-01-01,PMT,19.0
GFI,A,2026-08-12,TD3C,2029-01-01,PMT,16.25
GFI,BAL,2026-08-12,TD20,2026-08-01,PMT,40.49
GFI,M,2026-08-12,TD20,2026-08-01,PMT,37.66
GFI,M,2026-08-12,TD20,2026-09-01,PMT,42.97
GFI,M,2026-08-12,TD20,2026-10-01,PMT,39.43
GFI,M,2026-08-12,TD20,2026-11-01,PMT,38.1
GFI,M,2026-08-12,TD20,2026-12-01,PMT,36.77
GFI,M,2026-08-12,TD20,2027-01-01,PMT,33.5
GFI,M,2026-08-12,TD20,2027-02-01,PMT,30.0
GFI,M,2026-08-12,TD20,2027-03-01,PMT,26.5
GFI,Q,2026-08-12,TD20,2026-10-01,PMT,38.1
GFI,Q,2026-08-12,TD20,2027-01-01,PMT,30.0
GFI,Q,2026-08-12,TD20,2027-04-01,PMT,22.75
GFI,Q,2026-08-12,TD20,2027-07-01,PMT,20.0
GFI,Q,2026-08-12,TD20,2027-10-01,PMT,23.75
GFI,Q,2026-08-12,TD20,2028-01-01,PMT,21.1
GFI,Q,2026-08-12,TD20,2028-04-01,PMT,19.1
GFI,A,2026-08-12,TD20,2027-01-01,PMT,24.12
GFI,A,2026-08-12,TD20,2028-01-01,PMT,19.1
GFI,A,2026-08-12,TD20,2029-01-01,PMT,16.2
GFI,BAL,2026-08-12,TD8,2026-08-01,PMT,64.49
GFI,M,2026-08-12,TD8,2026-08-01,PMT,58.06
GFI,M,2026-08-12,TD8,2026-09-01,PMT,48.96
GFI,M,2026-08-12,TD8,2026-10-01,PMT,39.17
GFI,M,2026-08-12,TD8,2026-11-01,PMT,36.37
GFI,M,2026-08-12,TD8,2026-12-01,PMT,33.58
GFI,M,2026-08-12,TD8,2027-01-01,PMT,23.5
GFI,M,2026-08-12,TD8,2027-02-01,PMT,22.5
GFI,M,2026-08-12,TD8,2027-03-01,PMT,21.5
GFI,Q,2026-08-12,TD8,2026-10-01,PMT,36.37
GFI,Q,2026-08-12,TD8,2027-01-01,PMT,22.5
GFI,Q,2026-08-12,TD8,2027-04-01,PMT,20.5
GFI,Q,2026-08-12,TD8,2027-07-01,PMT,19.1
GFI,Q,2026-08-12,TD8,2027-10-01,PMT,21.2
GFI,Q,2026-08-12,TD8,2028-01-01,PMT,22.25
GFI,Q,2026-08-12,TD8,2028-04-01,PMT,20.25
GFI,A,2026-08-12,TD8,2027-01-01,PMT,20.82
GFI,A,2026-08-12,TD8,2028-01-01,PMT,20.25
GFI,A,2026-08-12,TD8,2029-01-01,PMT,19.7
GFI,BAL,2026-08-12,TD19,2026-08-01,PMT,29.71
GFI,M,2026-08-12,TD19,2026-08-01,PMT,28.9
GFI,M,2026-08-12,TD19,2026-09-01,PMT,24.08
GFI,M,2026-08-12,TD19,2026-10-01,PMT,19.87
GFI,M,2026-08-12,TD19,2026-11-01,PMT,18.42
GFI,M,2026-08-12,TD19,2026-12-01,PMT,18.06
GFI,M,2026-08-12,TD19,2027-01-01,PMT,15.75
GFI,M,2026-08-12,TD19,2027-02-01,PMT,14.75
GFI,M,2026-08-12,TD19,2027-03-01,PMT,13.75
GFI,Q,2026-08-12,TD19,2026-10-01,PMT,18.78
GFI,Q,2026-08-12,TD19,2027-01-01,PMT,14.75
GFI,Q,2026-08-12,TD19,2027-04-01,PMT,13.25
GFI,Q,2026-08-12,TD19,2027-07-01,PMT,13.0
GFI,Q,2026-08-12,TD19,2027-10-01,PMT,15.0
GFI,Q,2026-08-12,TD19,2028-01-01,PMT,15.55
GFI,Q,2026-08-12,TD19,2028-04-01,PMT,13.55
GFI,A,2026-08-12,TD19,2027-01-01,PMT,14.0
GFI,A,2026-08-12,TD19,2028-01-01,PMT,13.55
GFI,A,2026-08-12,TD19,2029-01-01,PMT,13.25
GFI,BAL,2026-08-12,TD22,2026-08-01,PMT,76.92
GFI,M,2026-08-12,TD22,2026-08-01,PMT,74.07
GFI,M,2026-08-12,TD22,2026-09-01,PMT,72.22
GFI,M,2026-08-12,TD22,2026-10-01,PMT,72.22
GFI,M,2026-08-12,TD22,2026-11-01,PMT,70.37
GFI,M,2026-08-12,TD22,2026-12-01,PMT,68.52
GFI,M,2026-08-12,TD22,2027-01-01,PMT,59.26
GFI,M,2026-08-12,TD22,2027-02-01,PMT,59.26
GFI,M,2026-08-12,TD22,2027-03-01,PMT,59.26
GFI,Q,2026-08-12,TD22,2026-10-01,PMT,70.37
GFI,Q,2026-08-12,TD22,2027-01-01,PMT,59.26
GFI,Q,2026-08-12,TD22,2027-04-01,PMT,51.85
GFI,Q,2026-08-12,TD22,2027-07-01,PMT,46.3
GFI,Q,2026-08-12,TD22,2027-10-01,PMT,50.0
GFI,Q,2026-08-12,TD22,2028-01-01,PMT,44.44
GFI,Q,2026-08-12,TD22,2028-04-01,PMT,37.04
GFI,A,2026-08-12,TD22,2027-01-01,PMT,51.85
GFI,A,2026-08-12,TD22,2028-01-01,PMT,37.04
GFI,A,2026-08-12,TD22,2029-01-01,PMT,35.19
GFI,BAL,2026-08-12,TD25E,2026-08-01,PMT,68.39
GFI,M,2026-08-12,TD25E,2026-08-01,PMT,67.94
GFI,M,2026-08-12,TD25E,2026-09-01,PMT,66.28
GFI,M,2026-08-12,TD25E,2026-10-01,PMT,57.87
GFI,M,2026-08-12,TD25E,2026-11-01,PMT,54.72
GFI,M,2026-08-12,TD25E,2026-12-01,PMT,51.57
GFI,M,2026-08-12,TD25E,2027-01-01,PMT,44.63
GFI,M,2026-08-12,TD25E,2027-02-01,PMT,44.63
GFI,M,2026-08-12,TD25E,2027-03-01,PMT,44.63
GFI,Q,2026-08-12,TD25E,2026-10-01,PMT,54.72
GFI,Q,2026-08-12,TD25E,2027-01-01,PMT,44.63
GFI,Q,2026-08-12,TD25E,2027-04-01,PMT,38.38
GFI,Q,2026-08-12,TD25E,2027-07-01,PMT,33.88
GFI,Q,2026-08-12,TD25E,2027-10-01,PMT,36.88
GFI,Q,2026-08-12,TD25E,2028-01-01,PMT,33.88
GFI,Q,2026-08-12,TD25E,2028-04-01,PMT,31.88
GFI,A,2026-08-12,TD25E,2027-01-01,PMT,38.44
GFI,A,2026-08-12,TD25E,2028-01-01,PMT,31.88
GFI,A,2026-08-12,TD25E,2029-01-01,PMT,28.88
GFI,BAL,2026-08-12,TD25,2026-08-01,PMT,71.45
GFI,M,2026-08-12,TD25,2026-08-01,PMT,70.99
GFI,M,2026-08-12,TD25,2026-09-01,PMT,69.33
GFI,M,2026-08-12,TD25,2026-10-01,PMT,60.93
GFI,M,2026-08-12,TD25,2026-11-01,PMT,57.78
GFI,M,2026-08-12,TD25,2026-12-01,PMT,54.63
GFI,M,2026-08-12,TD25,2027-01-01,PMT,49.25
GFI,M,2026-08-12,TD25,2027-02-01,PMT,48.25
GFI,M,2026-08-12,TD25,2027-03-01,PMT,45.75
GFI,Q,2026-08-12,TD25,2026-10-01,PMT,57.78
GFI,Q,2026-08-12,TD25,2027-01-01,PMT,47.75
GFI,Q,2026-08-12,TD25,2027-04-01,PMT,41.5
GFI,Q,2026-08-12,TD25,2027-07-01,PMT,37.0
GFI,Q,2026-08-12,TD25,2027-10-01,PMT,40.0
GFI,Q,2026-08-12,TD25,2028-01-01,PMT,37.0
GFI,Q,2026-08-12,TD25,2028-04-01,PMT,35.0
GFI,A,2026-08-12,TD25,2027-01-01,PMT,41.56
GFI,A,2026-08-12,TD25,2028-01-01,PMT,35.0
GFI,A,2026-08-12,TD25,2029-01-01,PMT,32.0
GFI,BAL,2026-08-12,TD7,2026-08-01,PMT,22.14
GFI,M,2026-08-12,TD7,2026-08-01,PMT,22.32
GFI,M,2026-08-12,TD7,2026-09-01,PMT,21.26
GFI,M,2026-08-12,TD7,2026-10-01,PMT,20.73
GFI,M,2026-08-12,TD7,2026-11-01,PMT,19.67
GFI,M,2026-08-12,TD7,2026-12-01,PMT,18.6
GFI,M,2026-08-12,TD7,2027-01-01,PMT,15.64
GFI,M,2026-08-12,TD7,2027-02-01,PMT,15.64
GFI,M,2026-08-12,TD7,2027-03-01,PMT,15.64
GFI,Q,2026-08-12,TD7,2026-10-01,PMT,19.67
GFI,Q,2026-08-12,TD7,2027-01-01,PMT,15.64
GFI,Q,2026-08-12,TD7,2027-04-01,PMT,14.38
GFI,Q,2026-08-12,TD7,2027-07-01,PMT,13.75
GFI,Q,2026-08-12,TD7,2027-10-01,PMT,15.01
GFI,Q,2026-08-12,TD7,2028-01-01,PMT,15.43
GFI,Q,2026-08-12,TD7,2028-04-01,PMT,13.33
GFI,A,2026-08-12,TD7,2027-01-01,PMT,14.69
GFI,A,2026-08-12,TD7,2028-01-01,PMT,13.33
GFI,A,2026-08-12,TD7,2029-01-01,PMT,13.08
GFI,BAL,2026-08-12,TD28,2026-08-01,PMT,34.48
GFI,M,2026-08-12,TD28,2026-08-01,PMT,36.25
GFI,M,2026-08-12,TD28,2026-09-01,PMT,35.0
GFI,M,2026-08-12,TD28,2026-10-01,PMT,37.5
GFI,M,2026-08-12,TD28,2026-11-01,PMT,41.25
GFI,M,2026-08-12,TD28,2026-12-01,PMT,45.0
GFI,M,2026-08-12,TD28,2027-01-01,PMT,32.5
GFI,M,2026-08-12,TD28,2027-02-01,PMT,32.5
GFI,M,2026-08-12,TD28,2027-03-01,PMT,32.5
GFI,Q,2026-08-12,TD28,2026-10-01,PMT,41.25
GFI,Q,2026-08-12,TD28,2027-01-01,PMT,32.5
GFI,Q,2026-08-12,TD28,2027-04-01,PMT,28.75
GFI,Q,2026-08-12,TD28,2027-07-01,PMT,27.5
GFI,Q,2026-08-12,TD28,2027-10-01,PMT,31.25
GFI,Q,2026-08-12,TD28,2028-01-01,PMT,33.75
GFI,Q,2026-08-12,TD28,2028-04-01,PMT,28.75
GFI,A,2026-08-12,TD28,2027-01-01,PMT,30.0
GFI,A,2026-08-12,TD28,2028-01-01,PMT,28.75
GFI,A,2026-08-12,TD28,2029-01-01,PMT,27.5
GFI,WSFR,2026-08-12,TD3C,2026-08-01,WSFR,20.21
GFI,WSFR,2026-08-12,TD20,2026-08-01,WSFR,17.72
GFI,WSFR,2026-08-12,TD8,2026-08-01,WSFR,13.99
GFI,WSFR,2026-08-12,TD19,2026-08-01,WSFR,12.04
GFI,WSFR,2026-08-12,TD25E,2026-08-01,WSFR,21.01
GFI,WSFR,2026-08-12,TD25,2026-08-01,WSFR,21.01
GFI,WSFR,2026-08-12,TD7,2026-08-01,WSFR,10.63
GFI,BITR,2026-08-12,TD3C,2026-08-01,WSC,479.44
GFI,BITR,2026-08-12,TD7,2026-08-01,WSC,200.0
GFI,BITR,2026-08-12,TD8,2026-08-01,WSC,330.42
GFI,BITR,2026-08-12,TD19,2026-08-01,WSC,204.17
GFI,BITR,2026-08-12,TD20,2026-08-01,WSC,223.33
GFI,BITR,2026-08-12,TD22,2026-08-01,LSM,18.52
GFI,BITR,2026-08-12,TD25,2026-08-01,WSC,336.67
GFI,BAL,2026-08-13,TD3C,2026-08-01,WSC,474.09
GFI,M,2026-08-13,TD3C,2026-08-01,WSC,470.0
GFI,M,2026-08-13,TD3C,2026-09-01,WSC,470.0
GFI,M,2026-08-13,TD3C,2026-10-01,WSC,450.0
GFI,M,2026-08-13,TD3C,2026-11-01,WSC,415.0
GFI,M,2026-08-13,TD3C,2026-12-01,WSC,380.0
GFI,M,2026-08-13,TD3C,2027-01-01,WSC,343.89
GFI,M,2026-08-13,TD3C,2027-02-01,WSC,289.46
GFI,M,2026-08-13,TD3C,2027-03-01,WSC,264.72
GFI,Q,2026-08-13,TD3C,2026-10-01,WSC,415.0
GFI,Q,2026-08-13,TD3C,2027-01-01,WSC,299.36
GFI,Q,2026-08-13,TD3C,2027-04-01,WSC,237.51
GFI,Q,2026-08-13,TD3C,2027-07-01,WSC,143.49
GFI,Q,2026-08-13,TD3C,2027-10-01,WSC,153.39
GFI,Q,2026-08-13,TD3C,2028-01-01,WSC,118.75
GFI,Q,2026-08-13,TD3C,2028-04-01,WSC,108.86
GFI,A,2026-08-13,TD3C,2027-01-01,WSC,208.44
GFI,A,2026-08-13,TD3C,2028-01-01,WSC,108.86
GFI,A,2026-08-13,TD3C,2029-01-01,WSC,86.59
GFI,BAL,2026-08-13,TD20,2026-08-01,WSC,236.77
GFI,M,2026-08-13,TD20,2026-08-01,WSC,217.0
GFI,M,2026-08-13,TD20,2026-09-01,WSC,240.0
GFI,M,2026-08-13,TD20,2026-10-01,WSC,222.5
GFI,M,2026-08-13,TD20,2026-11-01,WSC,215.0
GFI,M,2026-08-13,TD20,2026-12-01,WSC,207.5
GFI,M,2026-08-13,TD20,2027-01-01,WSC,189.05
GFI,M,2026-08-13,TD20,2027-02-01,WSC,169.3
GFI,M,2026-08-13,TD20,2027-03-01,WSC,149.55
GFI,Q,2026-08-13,TD20,2026-10-01,WSC,215.0
GFI,Q,2026-08-13,TD20,2027-01-01,WSC,169.3
GFI,Q,2026-08-13,TD20,2027-04-01,WSC,129.8
GFI,Q,2026-08-13,TD20,2027-07-01,WSC,112.87
GFI,Q,2026-08-13,TD20,2027-10-01,WSC,135.44
GFI,Q,2026-08-13,TD20,2028-01-01,WSC,119.07
GFI,Q,2026-08-13,TD20,2028-04-01,WSC,107.79
GFI,A,2026-08-13,TD20,2027-01-01,WSC,136.85
GFI,A,2026-08-13,TD20,2028-01-01,WSC,107.79
GFI,A,2026-08-13,TD20,2029-01-01,WSC,91.42
GFI,BAL,2026-08-13,TD8,2026-08-01,WSC,471.61
GFI,M,2026-08-13,TD8,2026-08-01,WSC,415.0
GFI,M,2026-08-13,TD8,2026-09-01,WSC,350.0
GFI,M,2026-08-13,TD8,2026-10-01,WSC,280.0
GFI,M,2026-08-13,TD8,2026-11-01,WSC,260.0
GFI,M,2026-08-13,TD8,2026-12-01,WSC,240.0
GFI,M,2026-08-13,TD8,2027-01-01,WSC,167.98
GFI,M,2026-08-13,TD8,2027-02-01,WSC,160.83
GFI,M,2026-08-13,TD8,2027-03-01,WSC,153.68
GFI,Q,2026-08-13,TD8,2026-10-01,WSC,260.0
GFI,Q,2026-08-13,TD8,2027-01-01,WSC,160.83
GFI,Q,2026-08-13,TD8,2027-04-01,WSC,146.53
GFI,Q,2026-08-13,TD8,2027-07-01,WSC,136.53
GFI,Q,2026-08-13,TD8,2027-10-01,WSC,151.54
GFI,Q,2026-08-13,TD8,2028-01-01,WSC,159.04
GFI,Q,2026-08-13,TD8,2028-04-01,WSC,144.75
GFI,A,2026-08-13,TD8,2027-01-01,WSC,148.86
GFI,A,2026-08-13,TD8,2028-01-01,WSC,144.75
GFI,A,2026-08-13,TD8,2029-01-01,WSC,140.81
GFI,BAL,2026-08-13,TD19,2026-08-01,WSC,249.07
GFI,M,2026-08-13,TD19,2026-08-01,WSC,240.0
GFI,M,2026-08-13,TD19,2026-09-01,WSC,200.0
GFI,M,2026-08-13,TD19,2026-10-01,WSC,165.0
GFI,M,2026-08-13,TD19,2026-11-01,WSC,153.0
GFI,M,2026-08-13,TD19,2026-12-01,WSC,150.0
GFI,M,2026-08-13,TD19,2027-01-01,WSC,130.81
GFI,M,2026-08-13,TD19,2027-02-01,WSC,122.51
GFI,M,2026-08-13,TD19,2027-03-01,WSC,114.2
GFI,Q,2026-08-13,TD19,2026-10-01,WSC,156.0
GFI,Q,2026-08-13,TD19,2027-01-01,WSC,122.51
GFI,Q,2026-08-13,TD19,2027-04-01,WSC,110.05
GFI,Q,2026-08-13,TD19,2027-07-01,WSC,107.97
GFI,Q,2026-08-13,TD19,2027-10-01,WSC,124.58
GFI,Q,2026-08-13,TD19,2028-01-01,WSC,129.15
GFI,Q,2026-08-13,TD19,2028-04-01,WSC,112.54
GFI,A,2026-08-13,TD19,2027-01-01,WSC,116.28
GFI,A,2026-08-13,TD19,2028-01-01,WSC,112.54
GFI,A,2026-08-13,TD19,2029-01-01,WSC,110.05
GFI,BAL,2026-08-13,TD22,2026-08-01,LSM,20.07
GFI,M,2026-08-13,TD22,2026-08-01,LSM,19.5
GFI,M,2026-08-13,TD22,2026-09-01,LSM,20.0
GFI,M,2026-08-13,TD22,2026-10-01,LSM,19.5
GFI,M,2026-08-13,TD22,2026-11-01,LSM,20.0
GFI,M,2026-08-13,TD22,2026-12-01,LSM,20.5
GFI,M,2026-08-13,TD22,2027-01-01,LSM,20.0
GFI,M,2026-08-13,TD22,2027-02-01,LSM,19.0
GFI,M,2026-08-13,TD22,2027-03-01,LSM,18.0
GFI,Q,2026-08-13,TD22,2026-10-01,LSM,20.0
GFI,Q,2026-08-13,TD22,2027-01-01,LSM,19.0
GFI,Q,2026-08-13,TD22,2027-04-01,LSM,16.0
GFI,Q,2026-08-13,TD22,2027-07-01,LSM,14.5
GFI,Q,2026-08-13,TD22,2027-10-01,LSM,15.5
GFI,Q,2026-08-13,TD22,2028-01-01,LSM,14.0
GFI,Q,2026-08-13,TD22,2028-04-01,LSM,12.0
GFI,A,2026-08-13,TD22,2027-01-01,LSM,16.25
GFI,A,2026-08-13,TD22,2028-01-01,LSM,12.0
GFI,A,2026-08-13,TD22,2029-01-01,LSM,11.5
GFI,BAL,2026-08-13,TD25E,2026-08-01,WSC,335.84
GFI,M,2026-08-13,TD25E,2026-08-01,WSC,329.98
GFI,M,2026-08-13,TD25E,2026-09-01,WSC,314.46
GFI,M,2026-08-13,TD25E,2026-10-01,WSC,272.96
GFI,M,2026-08-13,TD25E,2026-11-01,WSC,260.46
GFI,M,2026-08-13,TD25E,2026-12-01,WSC,245.46
GFI,M,2026-08-13,TD25E,2027-01-01,WSC,218.37
GFI,M,2026-08-13,TD25E,2027-02-01,WSC,218.37
GFI,M,2026-08-13,TD25E,2027-03-01,WSC,218.37
GFI,Q,2026-08-13,TD25E,2026-10-01,WSC,259.63
GFI,Q,2026-08-13,TD25E,2027-01-01,WSC,218.37
GFI,Q,2026-08-13,TD25E,2027-04-01,WSC,187.43
GFI,Q,2026-08-13,TD25E,2027-07-01,WSC,162.45
GFI,Q,2026-08-13,TD25E,2027-10-01,WSC,179.11
GFI,Q,2026-08-13,TD25E,2028-01-01,WSC,163.64
GFI,Q,2026-08-13,TD25E,2028-04-01,WSC,154.12
GFI,A,2026-08-13,TD25E,2027-01-01,WSC,186.84
GFI,A,2026-08-13,TD25E,2028-01-01,WSC,154.12
GFI,A,2026-08-13,TD25E,2029-01-01,WSC,137.46
GFI,BAL,2026-08-13,TD25,2026-08-01,WSC,350.38
GFI,M,2026-08-13,TD25,2026-08-01,WSC,344.52
GFI,M,2026-08-13,TD25,2026-09-01,WSC,329.0
GFI,M,2026-08-13,TD25,2026-10-01,WSC,287.5
GFI,M,2026-08-13,TD25,2026-11-01,WSC,275.0
GFI,M,2026-08-13,TD25,2026-12-01,WSC,260.0
GFI,M,2026-08-13,TD25,2027-01-01,WSC,240.36
GFI,M,2026-08-13,TD25,2027-02-01,WSC,235.6
GFI,M,2026-08-13,TD25,2027-03-01,WSC,223.7
GFI,Q,2026-08-13,TD25,2026-10-01,WSC,274.17
GFI,Q,2026-08-13,TD25,2027-01-01,WSC,233.22
GFI,Q,2026-08-13,TD25,2027-04-01,WSC,202.28
GFI,Q,2026-08-13,TD25,2027-07-01,WSC,177.3
GFI,Q,2026-08-13,TD25,2027-10-01,WSC,193.96
GFI,Q,2026-08-13,TD25,2028-01-01,WSC,178.49
GFI,Q,2026-08-13,TD25,2028-04-01,WSC,168.97
GFI,A,2026-08-13,TD25,2027-01-01,WSC,201.69
GFI,A,2026-08-13,TD25,2028-01-01,WSC,168.97
GFI,A,2026-08-13,TD25,2029-01-01,WSC,152.31
GFI,BAL,2026-08-13,TD7,2026-08-01,WSC,208.96
GFI,M,2026-08-13,TD7,2026-08-01,WSC,210.0
GFI,M,2026-08-13,TD7,2026-09-01,WSC,200.0
GFI,M,2026-08-13,TD7,2026-10-01,WSC,195.0
GFI,M,2026-08-13,TD7,2026-11-01,WSC,185.0
GFI,M,2026-08-13,TD7,2026-12-01,WSC,175.0
GFI,M,2026-08-13,TD7,2027-01-01,WSC,156.96
GFI,M,2026-08-13,TD7,2027-02-01,WSC,156.96
GFI,M,2026-08-13,TD7,2027-03-01,WSC,156.96
GFI,Q,2026-08-13,TD7,2026-10-01,WSC,185.0
GFI,Q,2026-08-13,TD7,2027-01-01,WSC,156.96
GFI,Q,2026-08-13,TD7,2027-04-01,WSC,145.11
GFI,Q,2026-08-13,TD7,2027-07-01,WSC,139.19
GFI,Q,2026-08-13,TD7,2027-10-01,WSC,151.04
GFI,Q,2026-08-13,TD7,2028-01-01,WSC,148.08
GFI,Q,2026-08-13,TD7,2028-04-01,WSC,128.33
GFI,A,2026-08-13,TD7,2027-01-01,WSC,148.08
GFI,A,2026-08-13,TD7,2028-01-01,WSC,128.33
GFI,A,2026-08-13,TD7,2029-01-01,WSC,125.98
GFI,BAL,2026-08-13,TD28,2026-08-01,LSM,2.73
GFI,M,2026-08-13,TD28,2026-08-01,LSM,2.9
GFI,M,2026-08-13,TD28,2026-09-01,LSM,2.8
GFI,M,2026-08-13,TD28,2026-10-01,LSM,3.0
GFI,M,2026-08-13,TD28,2026-11-01,LSM,3.3
GFI,M,2026-08-13,TD28,2026-12-01,LSM,3.6
GFI,M,2026-08-13,TD28,2027-01-01,LSM,2.6
GFI,M,2026-08-13,TD28,2027-02-01,LSM,2.6
GFI,M,2026-08-13,TD28,2027-03-01,LSM,2.6
GFI,Q,2026-08-13,TD28,2026-10-01,LSM,3.3
GFI,Q,2026-08-13,TD28,2027-01-01,LSM,2.6
GFI,Q,2026-08-13,TD28,2027-04-01,LSM,2.3
GFI,Q,2026-08-13,TD28,2027-07-01,LSM,2.2
GFI,Q,2026-08-13,TD28,2027-10-01,LSM,2.5
GFI,Q,2026-08-13,TD28,2028-01-01,LSM,2.7
GFI,Q,2026-08-13,TD28,2028-04-01,LSM,2.3
GFI,A,2026-08-13,TD28,2027-01-01,LSM,2.4
GFI,A,2026-08-13,TD28,2028-01-01,LSM,2.3
GFI,A,2026-08-13,TD28,2029-01-01,LSM,2.2
GFI,BAL,2026-08-13,TD3C,2026-08-01,PMT,95.81
GFI,M,2026-08-13,TD3C,2026-08-01,PMT,94.99
GFI,M,2026-08-13,TD3C,2026-09-01,PMT,94.99
GFI,M,2026-08-13,TD3C,2026-10-01,PMT,90.94
GFI,M,2026-08-13,TD3C,2026-11-01,PMT,83.87
GFI,M,2026-08-13,TD3C,2026-12-01,PMT,76.8
GFI,M,2026-08-13,TD3C,2027-01-01,PMT,69.5
GFI,M,2026-08-13,TD3C,2027-02-01,PMT,58.5
GFI,M,2026-08-13,TD3C,2027-03-01,PMT,53.5
GFI,Q,2026-08-13,TD3C,2026-10-01,PMT,83.87
GFI,Q,2026-08-13,TD3C,2027-01-01,PMT,60.5
GFI,Q,2026-08-13,TD3C,2027-04-01,PMT,48.0
GFI,Q,2026-08-13,TD3C,2027-07-01,PMT,29.0
GFI,Q,2026-08-13,TD3C,2027-10-01,PMT,31.0
GFI,Q,2026-08-13,TD3C,2028-01-01,PMT,24.0
GFI,Q,2026-08-13,TD3C,2028-04-01,PMT,22.0
GFI,A,2026-08-13,TD3C,2027-01-01,PMT,42.12
GFI,A,2026-08-13,TD3C,2028-01-01,PMT,22.0
GFI,A,2026-08-13,TD3C,2029-01-01,PMT,17.5
GFI,BAL,2026-08-13,TD20,2026-08-01,PMT,41.96
GFI,M,2026-08-13,TD20,2026-08-01,PMT,38.45
GFI,M,2026-08-13,TD20,2026-09-01,PMT,42.53
GFI,M,2026-08-13,TD20,2026-10-01,PMT,39.43
GFI,M,2026-08-13,TD20,2026-11-01,PMT,38.1
GFI,M,2026-08-13,TD20,2026-12-01,PMT,36.77
GFI,M,2026-08-13,TD20,2027-01-01,PMT,33.5
GFI,M,2026-08-13,TD20,2027-02-01,PMT,30.0
GFI,M,2026-08-13,TD20,2027-03-01,PMT,26.5
GFI,Q,2026-08-13,TD20,2026-10-01,PMT,38.1
GFI,Q,2026-08-13,TD20,2027-01-01,PMT,30.0
GFI,Q,2026-08-13,TD20,2027-04-01,PMT,23.0
GFI,Q,2026-08-13,TD20,2027-07-01,PMT,20.0
GFI,Q,2026-08-13,TD20,2027-10-01,PMT,24.0
GFI,Q,2026-08-13,TD20,2028-01-01,PMT,21.1
GFI,Q,2026-08-13,TD20,2028-04-01,PMT,19.1
GFI,A,2026-08-13,TD20,2027-01-01,PMT,24.25
GFI,A,2026-08-13,TD20,2028-01-01,PMT,19.1
GFI,A,2026-08-13,TD20,2029-01-01,PMT,16.2
GFI,BAL,2026-08-13,TD8,2026-08-01,PMT,65.98
GFI,M,2026-08-13,TD8,2026-08-01,PMT,58.06
GFI,M,2026-08-13,TD8,2026-09-01,PMT,48.96
GFI,M,2026-08-13,TD8,2026-10-01,PMT,39.17
GFI,M,2026-08-13,TD8,2026-11-01,PMT,36.37
GFI,M,2026-08-13,TD8,2026-12-01,PMT,33.58
GFI,M,2026-08-13,TD8,2027-01-01,PMT,23.5
GFI,M,2026-08-13,TD8,2027-02-01,PMT,22.5
GFI,M,2026-08-13,TD8,2027-03-01,PMT,21.5
GFI,Q,2026-08-13,TD8,2026-10-01,PMT,36.37
GFI,Q,2026-08-13,TD8,2027-01-01,PMT,22.5
GFI,Q,2026-08-13,TD8,2027-04-01,PMT,20.5
GFI,Q,2026-08-13,TD8,2027-07-01,PMT,19.1
GFI,Q,2026-08-13,TD8,2027-10-01,PMT,21.2
GFI,Q,2026-08-13,TD8,2028-01-01,PMT,22.25
GFI,Q,2026-08-13,TD8,2028-04-01,PMT,20.25
GFI,A,2026-08-13,TD8,2027-01-01,PMT,20.82
GFI,A,2026-08-13,TD8,2028-01-01,PMT,20.25
GFI,A,2026-08-13,TD8,2029-01-01,PMT,19.7
GFI,BAL,2026-08-13,TD19,2026-08-01,PMT,29.99
GFI,M,2026-08-13,TD19,2026-08-01,PMT,28.9
GFI,M,2026-08-13,TD19,2026-09-01,PMT,24.08
GFI,M,2026-08-13,TD19,2026-10-01,PMT,19.87
GFI,M,2026-08-13,TD19,2026-11-01,PMT,18.42
GFI,M,2026-08-13,TD19,2026-12-01,PMT,18.06
GFI,M,2026-08-13,TD19,2027-01-01,PMT,15.75
GFI,M,2026-08-13,TD19,2027-02-01,PMT,14.75
GFI,M,2026-08-13,TD19,2027-03-01,PMT,13.75
GFI,Q,2026-08-13,TD19,2026-10-01,PMT,18.78
GFI,Q,2026-08-13,TD19,2027-01-01,PMT,14.75
GFI,Q,2026-08-13,TD19,2027-04-01,PMT,13.25
GFI,Q,2026-08-13,TD19,2027-07-01,PMT,13.0
GFI,Q,2026-08-13,TD19,2027-10-01,PMT,15.0
GFI,Q,2026-08-13,TD19,2028-01-01,PMT,15.55
GFI,Q,2026-08-13,TD19,2028-04-01,PMT,13.55
GFI,A,2026-08-13,TD19,2027-01-01,PMT,14.0
GFI,A,2026-08-13,TD19,2028-01-01,PMT,13.55
GFI,A,2026-08-13,TD19,2029-01-01,PMT,13.25
GFI,BAL,2026-08-13,TD22,2026-08-01,PMT,74.34
GFI,M,2026-08-13,TD22,2026-08-01,PMT,72.22
GFI,M,2026-08-13,TD22,2026-09-01,PMT,74.07
GFI,M,2026-08-13,TD22,2026-10-01,PMT,72.22
GFI,M,2026-08-13,TD22,2026-11-01,PMT,74.07
GFI,M,2026-08-13,TD22,2026-12-01,PMT,75.93
GFI,M,2026-08-13,TD22,2027-01-01,PMT,74.07
GFI,M,2026-08-13,TD22,2027-02-01,PMT,70.37
GFI,M,2026-08-13,TD22,2027-03-01,PMT,66.67
GFI,Q,2026-08-13,TD22,2026-10-01,PMT,74.07
GFI,Q,2026-08-13,TD22,2027-01-01,PMT,70.37
GFI,Q,2026-08-13,TD22,2027-04-01,PMT,59.26
GFI,Q,2026-08-13,TD22,2027-07-01,PMT,53.7
GFI,Q,2026-08-13,TD22,2027-10-01,PMT,57.41
GFI,Q,2026-08-13,TD22,2028-01-01,PMT,51.85
GFI,Q,2026-08-13,TD22,2028-04-01,PMT,44.44
GFI,A,2026-08-13,TD22,2027-01-01,PMT,60.19
GFI,A,2026-08-13,TD22,2028-01-01,PMT,44.44
GFI,A,2026-08-13,TD22,2029-01-01,PMT,42.59
GFI,BAL,2026-08-13,TD25E,2026-08-01,PMT,70.56
GFI,M,2026-08-13,TD25E,2026-08-01,PMT,69.33
GFI,M,2026-08-13,TD25E,2026-09-01,PMT,66.07
GFI,M,2026-08-13,TD25E,2026-10-01,PMT,57.35
GFI,M,2026-08-13,TD25E,2026-11-01,PMT,54.72
GFI,M,2026-08-13,TD25E,2026-12-01,PMT,51.57
GFI,M,2026-08-13,TD25E,2027-01-01,PMT,45.88
GFI,M,2026-08-13,TD25E,2027-02-01,PMT,45.88
GFI,M,2026-08-13,TD25E,2027-03-01,PMT,45.88
GFI,Q,2026-08-13,TD25E,2026-10-01,PMT,54.55
GFI,Q,2026-08-13,TD25E,2027-01-01,PMT,45.88
GFI,Q,2026-08-13,TD25E,2027-04-01,PMT,39.38
GFI,Q,2026-08-13,TD25E,2027-07-01,PMT,34.13
GFI,Q,2026-08-13,TD25E,2027-10-01,PMT,37.63
GFI,Q,2026-08-13,TD25E,2028-01-01,PMT,34.38
GFI,Q,2026-08-13,TD25E,2028-04-01,PMT,32.38
GFI,A,2026-08-13,TD25E,2027-01-01,PMT,39.26
GFI,A,2026-08-13,TD25E,2028-01-01,PMT,32.38
GFI,A,2026-08-13,TD25E,2029-01-01,PMT,28.88
GFI,BAL,2026-08-13,TD25,2026-08-01,PMT,73.61
GFI,M,2026-08-13,TD25,2026-08-01,PMT,72.38
GFI,M,2026-08-13,TD25,2026-09-01,PMT,69.12
GFI,M,2026-08-13,TD25,2026-10-01,PMT,60.4
GFI,M,2026-08-13,TD25,2026-11-01,PMT,57.78
GFI,M,2026-08-13,TD25,2026-12-01,PMT,54.63
GFI,M,2026-08-13,TD25,2027-01-01,PMT,50.5
GFI,M,2026-08-13,TD25,2027-02-01,PMT,49.5
GFI,M,2026-08-13,TD25,2027-03-01,PMT,47.0
GFI,Q,2026-08-13,TD25,2026-10-01,PMT,57.6
GFI,Q,2026-08-13,TD25,2027-01-01,PMT,49.0
GFI,Q,2026-08-13,TD25,2027-04-01,PMT,42.5
GFI,Q,2026-08-13,TD25,2027-07-01,PMT,37.25
GFI,Q,2026-08-13,TD25,2027-10-01,PMT,40.75
GFI,Q,2026-08-13,TD25,2028-01-01,PMT,37.5
GFI,Q,2026-08-13,TD25,2028-04-01,PMT,35.5
GFI,A,2026-08-13,TD25,2027-01-01,PMT,42.38
GFI,A,2026-08-13,TD25,2028-01-01,PMT,35.5
GFI,A,2026-08-13,TD25,2029-01-01,PMT,32.0
GFI,BAL,2026-08-13,TD7,2026-08-01,PMT,22.21
GFI,M,2026-08-13,TD7,2026-08-01,PMT,22.32
GFI,M,2026-08-13,TD7,2026-09-01,PMT,21.26
GFI,M,2026-08-13,TD7,2026-10-01,PMT,20.73
GFI,M,2026-08-13,TD7,2026-11-01,PMT,19.67
GFI,M,2026-08-13,TD7,2026-12-01,PMT,18.6
GFI,M,2026-08-13,TD7,2027-01-01,PMT,16.68
GFI,M,2026-08-13,TD7,2027-02-01,PMT,16.68
GFI,M,2026-08-13,TD7,2027-03-01,PMT,16.68
GFI,Q,2026-08-13,TD7,2026-10-01,PMT,19.67
GFI,Q,2026-08-13,TD7,2027-01-01,PMT,16.68
GFI,Q,2026-08-13,TD7,2027-04-01,PMT,15.43
GFI,Q,2026-08-13,TD7,2027-07-01,PMT,14.8
GFI,Q,2026-08-13,TD7,2027-10-01,PMT,16.06
GFI,Q,2026-08-13,TD7,2028-01-01,PMT,15.74
GFI,Q,2026-08-13,TD7,2028-04-01,PMT,13.64
GFI,A,2026-08-13,TD7,2027-01-01,PMT,15.74
GFI,A,2026-08-13,TD7,2028-01-01,PMT,13.64
GFI,A,2026-08-13,TD7,2029-01-01,PMT,13.39
GFI,BAL,2026-08-13,TD28,2026-08-01,PMT,34.07
GFI,M,2026-08-13,TD28,2026-08-01,PMT,36.25
GFI,M,2026-08-13,TD28,2026-09-01,PMT,35.0
GFI,M,2026-08-13,TD28,2026-10-01,PMT,37.5
GFI,M,2026-08-13,TD28,2026-11-01,PMT,41.25
GFI,M,2026-08-13,TD28,2026-12-01,PMT,45.0
GFI,M,2026-08-13,TD28,2027-01-01,PMT,32.5
GFI,M,2026-08-13,TD28,2027-02-01,PMT,32.5
GFI,M,2026-08-13,TD28,2027-03-01,PMT,32.5
GFI,Q,2026-08-13,TD28,2026-10-01,PMT,41.25
GFI,Q,2026-08-13,TD28,2027-01-01,PMT,32.5
GFI,Q,2026-08-13,TD28,2027-04-01,PMT,28.75
GFI,Q,2026-08-13,TD28,2027-07-01,PMT,27.5
GFI,Q,2026-08-13,TD28,2027-10-01,PMT,31.25
GFI,Q,2026-08-13,TD28,2028-01-01,PMT,33.75
GFI,Q,2026-08-13,TD28,2028-04-01,PMT,28.75
GFI,A,2026-08-13,TD28,2027-01-01,PMT,30.0
GFI,A,2026-08-13,TD28,2028-01-01,PMT,28.75
GFI,A,2026-08-13,TD28,2029-01-01,PMT,27.5
GFI,WSFR,2026-08-13,TD3C,2026-08-01,WSFR,20.21
GFI,WSFR,2026-08-13,TD20,2026-08-01,WSFR,17.72
GFI,WSFR,2026-08-13,TD8,2026-08-01,WSFR,13.99
GFI,WSFR,2026-08-13,TD19,2026-08-01,WSFR,12.04
GFI,WSFR,2026-08-13,TD25E,2026-08-01,WSFR,21.01
GFI,WSFR,2026-08-13,TD25,2026-08-01,WSFR,21.01
GFI,WSFR,2026-08-13,TD7,2026-08-01,WSFR,10.63
GFI,BITR,2026-08-13,TD3C,2026-08-01,WSC,479.44
GFI,BITR,2026-08-13,TD7,2026-08-01,WSC,201.67
GFI,BITR,2026-08-13,TD8,2026-08-01,WSC,332.92
GFI,BITR,2026-08-13,TD19,2026-08-01,WSC,221.39
GFI,BITR,2026-08-13,TD20,2026-08-01,WSC,227.22
GFI,BITR,2026-08-13,TD22,2026-08-01,LSM,18.42
GFI,BITR,2026-08-13,TD25,2026-08-01,WSC,349.44
GFI,BAL,2026-08-14,TD3C,2026-08-01,WSC,473.33
GFI,M,2026-08-14,TD3C,2026-08-01,WSC,470.0
GFI,M,2026-08-14,TD3C,2026-09-01,WSC,485.0
GFI,M,2026-08-14,TD3C,2026-10-01,WSC,480.0
GFI,M,2026-08-14,TD3C,2026-11-01,WSC,440.0
GFI,M,2026-08-14,TD3C,2026-12-01,WSC,400.0
GFI,M,2026-08-14,TD3C,2027-01-01,WSC,421.82
GFI,M,2026-08-14,TD3C,2027-02-01,WSC,382.24
GFI,M,2026-08-14,TD3C,2027-03-01,WSC,357.5
GFI,Q,2026-08-14,TD3C,2026-10-01,WSC,440.0
GFI,Q,2026-08-14,TD3C,2027-01-01,WSC,387.18
GFI,Q,2026-08-14,TD3C,2027-04-01,WSC,296.88
GFI,Q,2026-08-14,TD3C,2027-07-01,WSC,173.18
GFI,Q,2026-08-14,TD3C,2027-10-01,WSC,183.08
GFI,Q,2026-08-14,TD3C,2028-01-01,WSC,123.7
GFI,Q,2026-08-14,TD3C,2028-04-01,WSC,113.81
GFI,A,2026-08-14,TD3C,2027-01-01,WSC,260.08
GFI,A,2026-08-14,TD3C,2028-01-01,WSC,113.81
GFI,A,2026-08-14,TD3C,2029-01-01,WSC,91.54
GFI,BAL,2026-08-14,TD20,2026-08-01,WSC,254.46
GFI,M,2026-08-14,TD20,2026-08-01,WSC,227.0
GFI,M,2026-08-14,TD20,2026-09-01,WSC,260.0
GFI,M,2026-08-14,TD20,2026-10-01,WSC,232.5
GFI,M,2026-08-14,TD20,2026-11-01,WSC,225.0
GFI,M,2026-08-14,TD20,2026-12-01,WSC,217.5
GFI,M,2026-08-14,TD20,2027-01-01,WSC,193.28
GFI,M,2026-08-14,TD20,2027-02-01,WSC,173.53
GFI,M,2026-08-14,TD20,2027-03-01,WSC,153.78
GFI,Q,2026-08-14,TD20,2026-10-01,WSC,225.0
GFI,Q,2026-08-14,TD20,2027-01-01,WSC,173.53
GFI,Q,2026-08-14,TD20,2027-04-01,WSC,134.03
GFI,Q,2026-08-14,TD20,2027-07-01,WSC,119.92
GFI,Q,2026-08-14,TD20,2027-10-01,WSC,142.49
GFI,Q,2026-08-14,TD20,2028-01-01,WSC,121.33
GFI,Q,2026-08-14,TD20,2028-04-01,WSC,110.05
GFI,A,2026-08-14,TD20,2027-01-01,WSC,142.49
GFI,A,2026-08-14,TD20,2028-01-01,WSC,110.05
GFI,A,2026-08-14,TD20,2029-01-01,WSC,91.7
GFI,BAL,2026-08-14,TD8,2026-08-01,WSC,484.03
GFI,M,2026-08-14,TD8,2026-08-01,WSC,415.0
GFI,M,2026-08-14,TD8,2026-09-01,WSC,350.0
GFI,M,2026-08-14,TD8,2026-10-01,WSC,280.0
GFI,M,2026-08-14,TD8,2026-11-01,WSC,260.0
GFI,M,2026-08-14,TD8,2026-12-01,WSC,240.0
GFI,M,2026-08-14,TD8,2027-01-01,WSC,167.98
GFI,M,2026-08-14,TD8,2027-02-01,WSC,160.83
GFI,M,2026-08-14,TD8,2027-03-01,WSC,153.68
GFI,Q,2026-08-14,TD8,2026-10-01,WSC,260.0
GFI,Q,2026-08-14,TD8,2027-01-01,WSC,160.83
GFI,Q,2026-08-14,TD8,2027-04-01,WSC,146.53
GFI,Q,2026-08-14,TD8,2027-07-01,WSC,136.53
GFI,Q,2026-08-14,TD8,2027-10-01,WSC,151.54
GFI,Q,2026-08-14,TD8,2028-01-01,WSC,159.04
GFI,Q,2026-08-14,TD8,2028-04-01,WSC,144.75
GFI,A,2026-08-14,TD8,2027-01-01,WSC,148.86
GFI,A,2026-08-14,TD8,2028-01-01,WSC,144.75
GFI,A,2026-08-14,TD8,2029-01-01,WSC,140.81
GFI,BAL,2026-08-14,TD19,2026-08-01,WSC,251.45
GFI,M,2026-08-14,TD19,2026-08-01,WSC,240.0
GFI,M,2026-08-14,TD19,2026-09-01,WSC,200.0
GFI,M,2026-08-14,TD19,2026-10-01,WSC,165.0
GFI,M,2026-08-14,TD19,2026-11-01,WSC,153.0
GFI,M,2026-08-14,TD19,2026-12-01,WSC,150.0
GFI,M,2026-08-14,TD19,2027-01-01,WSC,130.81
GFI,M,2026-08-14,TD19,2027-02-01,WSC,122.51
GFI,M,2026-08-14,TD19,2027-03-01,WSC,114.2
GFI,Q,2026-08-14,TD19,2026-10-01,WSC,156.0
GFI,Q,2026-08-14,TD19,2027-01-01,WSC,122.51
GFI,Q,2026-08-14,TD19,2027-04-01,WSC,110.05
GFI,Q,2026-08-14,TD19,2027-07-01,WSC,107.97
GFI,Q,2026-08-14,TD19,2027-10-01,WSC,124.58
GFI,Q,2026-08-14,TD19,2028-01-01,WSC,129.15
GFI,Q,2026-08-14,TD19,2028-04-01,WSC,112.54
GFI,A,2026-08-14,TD19,2027-01-01,WSC,116.28
GFI,A,2026-08-14,TD19,2028-01-01,WSC,112.54
GFI,A,2026-08-14,TD19,2029-01-01,WSC,110.05
GFI,BAL,2026-08-14,TD22,2026-08-01,LSM,20.22
GFI,M,2026-08-14,TD22,2026-08-01,LSM,19.5
GFI,M,2026-08-14,TD22,2026-09-01,LSM,20.0
GFI,M,2026-08-14,TD22,2026-10-01,LSM,19.5
GFI,M,2026-08-14,TD22,2026-11-01,LSM,20.0
GFI,M,2026-08-14,TD22,2026-12-01,LSM,20.5
GFI,M,2026-08-14,TD22,2027-01-01,LSM,20.0
GFI,M,2026-08-14,TD22,2027-02-01,LSM,19.0
GFI,M,2026-08-14,TD22,2027-03-01,LSM,18.0
GFI,Q,2026-08-14,TD22,2026-10-01,LSM,20.0
GFI,Q,2026-08-14,TD22,2027-01-01,LSM,19.0
GFI,Q,2026-08-14,TD22,2027-04-01,LSM,16.0
GFI,Q,2026-08-14,TD22,2027-07-01,LSM,14.5
GFI,Q,2026-08-14,TD22,2027-10-01,LSM,15.5
GFI,Q,2026-08-14,TD22,2028-01-01,LSM,14.0
GFI,Q,2026-08-14,TD22,2028-04-01,LSM,12.0
GFI,A,2026-08-14,TD22,2027-01-01,LSM,16.25
GFI,A,2026-08-14,TD22,2028-01-01,LSM,12.0
GFI,A,2026-08-14,TD22,2029-01-01,LSM,11.5
GFI,BAL,2026-08-14,TD25E,2026-08-01,WSC,360.58
GFI,M,2026-08-14,TD25E,2026-08-01,WSC,344.46
GFI,M,2026-08-14,TD25E,2026-09-01,WSC,330.46
GFI,M,2026-08-14,TD25E,2026-10-01,WSC,290.46
GFI,M,2026-08-14,TD25E,2026-11-01,WSC,275.46
GFI,M,2026-08-14,TD25E,2026-12-01,WSC,260.46
GFI,M,2026-08-14,TD25E,2027-01-01,WSC,225.51
GFI,M,2026-08-14,TD25E,2027-02-01,WSC,225.51
GFI,M,2026-08-14,TD25E,2027-03-01,WSC,225.51
GFI,Q,2026-08-14,TD25E,2026-10-01,WSC,275.46
GFI,Q,2026-08-14,TD25E,2027-01-01,WSC,225.51
GFI,Q,2026-08-14,TD25E,2027-04-01,WSC,189.81
GFI,Q,2026-08-14,TD25E,2027-07-01,WSC,168.4
GFI,Q,2026-08-14,TD25E,2027-10-01,WSC,185.05
GFI,Q,2026-08-14,TD25E,2028-01-01,WSC,161.26
GFI,Q,2026-08-14,TD25E,2028-04-01,WSC,151.74
GFI,A,2026-08-14,TD25E,2027-01-01,WSC,192.19
GFI,A,2026-08-14,TD25E,2028-01-01,WSC,151.74
GFI,A,2026-08-14,TD25E,2029-01-01,WSC,137.46
GFI,BAL,2026-08-14,TD25,2026-08-01,WSC,375.12
GFI,M,2026-08-14,TD25,2026-08-01,WSC,359.0
GFI,M,2026-08-14,TD25,2026-09-01,WSC,345.0
GFI,M,2026-08-14,TD25,2026-10-01,WSC,305.0
GFI,M,2026-08-14,TD25,2026-11-01,WSC,290.0
GFI,M,2026-08-14,TD25,2026-12-01,WSC,275.0
GFI,M,2026-08-14,TD25,2027-01-01,WSC,247.5
GFI,M,2026-08-14,TD25,2027-02-01,WSC,242.74
GFI,M,2026-08-14,TD25,2027-03-01,WSC,230.84
GFI,Q,2026-08-14,TD25,2026-10-01,WSC,290.0
GFI,Q,2026-08-14,TD25,2027-01-01,WSC,240.36
GFI,Q,2026-08-14,TD25,2027-04-01,WSC,204.66
GFI,Q,2026-08-14,TD25,2027-07-01,WSC,183.25
GFI,Q,2026-08-14,TD25,2027-10-01,WSC,199.9
GFI,Q,2026-08-14,TD25,2028-01-01,WSC,176.11
GFI,Q,2026-08-14,TD25,2028-04-01,WSC,166.59
GFI,A,2026-08-14,TD25,2027-01-01,WSC,207.04
GFI,A,2026-08-14,TD25,2028-01-01,WSC,166.59
GFI,A,2026-08-14,TD25,2029-01-01,WSC,152.31
GFI,BAL,2026-08-14,TD7,2026-08-01,WSC,209.77
GFI,M,2026-08-14,TD7,2026-08-01,WSC,210.0
GFI,M,2026-08-14,TD7,2026-09-01,WSC,200.0
GFI,M,2026-08-14,TD7,2026-10-01,WSC,195.0
GFI,M,2026-08-14,TD7,2026-11-01,WSC,185.0
GFI,M,2026-08-14,TD7,2026-12-01,WSC,175.0
GFI,M,2026-08-14,TD7,2027-01-01,WSC,156.96
GFI,M,2026-08-14,TD7,2027-02-01,WSC,156.96
GFI,M,2026-08-14,TD7,2027-03-01,WSC,156.96
GFI,Q,2026-08-14,TD7,2026-10-01,WSC,185.0
GFI,Q,2026-08-14,TD7,2027-01-01,WSC,156.96
GFI,Q,2026-08-14,TD7,2027-04-01,WSC,145.11
GFI,Q,2026-08-14,TD7,2027-07-01,WSC,139.19
GFI,Q,2026-08-14,TD7,2027-10-01,WSC,151.04
GFI,Q,2026-08-14,TD7,2028-01-01,WSC,148.08
GFI,Q,2026-08-14,TD7,2028-04-01,WSC,128.33
GFI,A,2026-08-14,TD7,2027-01-01,WSC,148.08
GFI,A,2026-08-14,TD7,2028-01-01,WSC,128.33
GFI,A,2026-08-14,TD7,2029-01-01,WSC,125.98
GFI,BAL,2026-08-14,TD28,2026-08-01,LSM,2.69
GFI,M,2026-08-14,TD28,2026-08-01,LSM,2.9
GFI,M,2026-08-14,TD28,2026-09-01,LSM,2.8
GFI,M,2026-08-14,TD28,2026-10-01,LSM,3.0
GFI,M,2026-08-14,TD28,2026-11-01,LSM,3.3
GFI,M,2026-08-14,TD28,2026-12-01,LSM,3.6
GFI,M,2026-08-14,TD28,2027-01-01,LSM,2.6
GFI,M,2026-08-14,TD28,2027-02-01,LSM,2.6
GFI,M,2026-08-14,TD28,2027-03-01,LSM,2.6
GFI,Q,2026-08-14,TD28,2026-10-01,LSM,3.3
GFI,Q,2026-08-14,TD28,2027-01-01,LSM,2.6
GFI,Q,2026-08-14,TD28,2027-04-01,LSM,2.3
GFI,Q,2026-08-14,TD28,2027-07-01,LSM,2.2
GFI,Q,2026-08-14,TD28,2027-10-01,LSM,2.5
GFI,Q,2026-08-14,TD28,2028-01-01,LSM,2.7
GFI,Q,2026-08-14,TD28,2028-04-01,LSM,2.3
GFI,A,2026-08-14,TD28,2027-01-01,LSM,2.4
GFI,A,2026-08-14,TD28,2028-01-01,LSM,2.3
GFI,A,2026-08-14,TD28,2029-01-01,LSM,2.2
GFI,BAL,2026-08-14,TD3C,2026-08-01,PMT,95.66
GFI,M,2026-08-14,TD3C,2026-08-01,PMT,94.99
GFI,M,2026-08-14,TD3C,2026-09-01,PMT,98.02
GFI,M,2026-08-14,TD3C,2026-10-01,PMT,97.01
GFI,M,2026-08-14,TD3C,2026-11-01,PMT,88.92
GFI,M,2026-08-14,TD3C,2026-12-01,PMT,80.84
GFI,M,2026-08-14,TD3C,2027-01-01,PMT,85.25
GFI,M,2026-08-14,TD3C,2027-02-01,PMT,77.25
GFI,M,2026-08-14,TD3C,2027-03-01,PMT,72.25
GFI,Q,2026-08-14,TD3C,2026-10-01,PMT,88.92
GFI,Q,2026-08-14,TD3C,2027-01-01,PMT,78.25
GFI,Q,2026-08-14,TD3C,2027-04-01,PMT,60.0
GFI,Q,2026-08-14,TD3C,2027-07-01,PMT,35.0
GFI,Q,2026-08-14,TD3C,2027-10-01,PMT,37.0
GFI,Q,2026-08-14,TD3C,2028-01-01,PMT,25.0
GFI,Q,2026-08-14,TD3C,2028-04-01,PMT,23.0
GFI,A,2026-08-14,TD3C,2027-01-01,PMT,52.56
GFI,A,2026-08-14,TD3C,2028-01-01,PMT,23.0
GFI,A,2026-08-14,TD3C,2029-01-01,PMT,18.5
GFI,BAL,2026-08-14,TD20,2026-08-01,PMT,45.09
GFI,M,2026-08-14,TD20,2026-08-01,PMT,40.22
GFI,M,2026-08-14,TD20,2026-09-01,PMT,46.07
GFI,M,2026-08-14,TD20,2026-10-01,PMT,41.2
GFI,M,2026-08-14,TD20,2026-11-01,PMT,39.87
GFI,M,2026-08-14,TD20,2026-12-01,PMT,38.54
GFI,M,2026-08-14,TD20,2027-01-01,PMT,34.25
GFI,M,2026-08-14,TD20,2027-02-01,PMT,30.75
GFI,M,2026-08-14,TD20,2027-03-01,PMT,27.25
GFI,Q,2026-08-14,TD20,2026-10-01,PMT,39.87
GFI,Q,2026-08-14,TD20,2027-01-01,PMT,30.75
GFI,Q,2026-08-14,TD20,2027-04-01,PMT,23.75
GFI,Q,2026-08-14,TD20,2027-07-01,PMT,21.25
GFI,Q,2026-08-14,TD20,2027-10-01,PMT,25.25
GFI,Q,2026-08-14,TD20,2028-01-01,PMT,21.5
GFI,Q,2026-08-14,TD20,2028-04-01,PMT,19.5
GFI,A,2026-08-14,TD20,2027-01-01,PMT,25.25
GFI,A,2026-08-14,TD20,2028-01-01,PMT,19.5
GFI,A,2026-08-14,TD20,2029-01-01,PMT,16.25
GFI,BAL,2026-08-14,TD8,2026-08-01,PMT,67.72
GFI,M,2026-08-14,TD8,2026-08-01,PMT,58.06
GFI,M,2026-08-14,TD8,2026-09-01,PMT,48.96
GFI,M,2026-08-14,TD8,2026-10-01,PMT,39.17
GFI,M,2026-08-14,TD8,2026-11-01,PMT,36.37
GFI,M,2026-08-14,TD8,2026-12-01,PMT,33.58
GFI,M,2026-08-14,TD8,2027-01-01,PMT,23.5
GFI,M,2026-08-14,TD8,2027-02-01,PMT,22.5
GFI,M,2026-08-14,TD8,2027-03-01,PMT,21.5
GFI,Q,2026-08-14,TD8,2026-10-01,PMT,36.37
GFI,Q,2026-08-14,TD8,2027-01-01,PMT,22.5
GFI,Q,2026-08-14,TD8,2027-04-01,PMT,20.5
GFI,Q,2026-08-14,TD8,2027-07-01,PMT,19.1
GFI,Q,2026-08-14,TD8,2027-10-01,PMT,21.2
GFI,Q,2026-08-14,TD8,2028-01-01,PMT,22.25
GFI,Q,2026-08-14,TD8,2028-04-01,PMT,20.25
GFI,A,2026-08-14,TD8,2027-01-01,PMT,20.82
GFI,A,2026-08-14,TD8,2028-01-01,PMT,20.25
GFI,A,2026-08-14,TD8,2029-01-01,PMT,19.7
GFI,BAL,2026-08-14,TD19,2026-08-01,PMT,30.28
GFI,M,2026-08-14,TD19,2026-08-01,PMT,28.9
GFI,M,2026-08-14,TD19,2026-09-01,PMT,24.08
GFI,M,2026-08-14,TD19,2026-10-01,PMT,19.87
GFI,M,2026-08-14,TD19,2026-11-01,PMT,18.42
GFI,M,2026-08-14,TD19,2026-12-01,PMT,18.06
GFI,M,2026-08-14,TD19,2027-01-01,PMT,15.75
GFI,M,2026-08-14,TD19,2027-02-01,PMT,14.75
GFI,M,2026-08-14,TD19,2027-03-01,PMT,13.75
GFI,Q,2026-08-14,TD19,2026-10-01,PMT,18.78
GFI,Q,2026-08-14,TD19,2027-01-01,PMT,14.75
GFI,Q,2026-08-14,TD19,2027-04-01,PMT,13.25
GFI,Q,2026-08-14,TD19,2027-07-01,PMT,13.0
GFI,Q,2026-08-14,TD19,2027-10-01,PMT,15.0
GFI,Q,2026-08-14,TD19,2028-01-01,PMT,15.55
GFI,Q,2026-08-14,TD19,2028-04-01,PMT,13.55
GFI,A,2026-08-14,TD19,2027-01-01,PMT,14.0
GFI,A,2026-08-14,TD19,2028-01-01,PMT,13.55
GFI,A,2026-08-14,TD19,2029-01-01,PMT,13.25
GFI,BAL,2026-08-14,TD22,2026-08-01,PMT,74.9
GFI,M,2026-08-14,TD22,2026-08-01,PMT,72.22
GFI,M,2026-08-14,TD22,2026-09-01,PMT,74.07
GFI,M,2026-08-14,TD22,2026-10-01,PMT,72.22
GFI,M,2026-08-14,TD22,2026-11-01,PMT,74.07
GFI,M,2026-08-14,TD22,2026-12-01,PMT,75.93
GFI,M,2026-08-14,TD22,2027-01-01,PMT,74.07
GFI,M,2026-08-14,TD22,2027-02-01,PMT,70.37
GFI,M,2026-08-14,TD22,2027-03-01,PMT,66.67
GFI,Q,2026-08-14,TD22,2026-10-01,PMT,74.07
GFI,Q,2026-08-14,TD22,2027-01-01,PMT,70.37
GFI,Q,2026-08-14,TD22,2027-04-01,PMT,59.26
GFI,Q,2026-08-14,TD22,2027-07-01,PMT,53.7
GFI,Q,2026-08-14,TD22,2027-10-01,PMT,57.41
GFI,Q,2026-08-14,TD22,2028-01-01,PMT,51.85
GFI,Q,2026-08-14,TD22,2028-04-01,PMT,44.44
GFI,A,2026-08-14,TD22,2027-01-01,PMT,60.19
GFI,A,2026-08-14,TD22,2028-01-01,PMT,44.44
GFI,A,2026-08-14,TD22,2029-01-01,PMT,42.59
GFI,BAL,2026-08-14,TD25E,2026-08-01,PMT,75.76
GFI,M,2026-08-14,TD25E,2026-08-01,PMT,72.37
GFI,M,2026-08-14,TD25E,2026-09-01,PMT,69.43
GFI,M,2026-08-14,TD25E,2026-10-01,PMT,61.03
GFI,M,2026-08-14,TD25E,2026-11-01,PMT,57.87
GFI,M,2026-08-14,TD25E,2026-12-01,PMT,54.72
GFI,M,2026-08-14,TD25E,2027-01-01,PMT,47.38
GFI,M,2026-08-14,TD25E,2027-02-01,PMT,47.38
GFI,M,2026-08-14,TD25E,2027-03-01,PMT,47.38
GFI,Q,2026-08-14,TD25E,2026-10-01,PMT,57.87
GFI,Q,2026-08-14,TD25E,2027-01-01,PMT,47.38
GFI,Q,2026-08-14,TD25E,2027-04-01,PMT,39.88
GFI,Q,2026-08-14,TD25E,2027-07-01,PMT,35.38
GFI,Q,2026-08-14,TD25E,2027-10-01,PMT,38.88
GFI,Q,2026-08-14,TD25E,2028-01-01,PMT,33.88
GFI,Q,2026-08-14,TD25E,2028-04-01,PMT,31.88
GFI,A,2026-08-14,TD25E,2027-01-01,PMT,40.38
GFI,A,2026-08-14,TD25E,2028-01-01,PMT,31.88
GFI,A,2026-08-14,TD25E,2029-01-01,PMT,28.88
GFI,BAL,2026-08-14,TD25,2026-08-01,PMT,78.81
GFI,M,2026-08-14,TD25,2026-08-01,PMT,75.43
GFI,M,2026-08-14,TD25,2026-09-01,PMT,72.48
GFI,M,2026-08-14,TD25,2026-10-01,PMT,64.08
GFI,M,2026-08-14,TD25,2026-11-01,PMT,60.93
GFI,M,2026-08-14,TD25,2026-12-01,PMT,57.78
GFI,M,2026-08-14,TD25,2027-01-01,PMT,52.0
GFI,M,2026-08-14,TD25,2027-02-01,PMT,51.0
GFI,M,2026-08-14,TD25,2027-03-01,PMT,48.5
GFI,Q,2026-08-14,TD25,2026-10-01,PMT,60.93
GFI,Q,2026-08-14,TD25,2027-01-01,PMT,50.5
GFI,Q,2026-08-14,TD25,2027-04-01,PMT,43.0
GFI,Q,2026-08-14,TD25,2027-07-01,PMT,38.5
GFI,Q,2026-08-14,TD25,2027-10-01,PMT,42.0
GFI,Q,2026-08-14,TD25,2028-01-01,PMT,37.0
GFI,Q,2026-08-14,TD25,2028-04-01,PMT,35.0
GFI,A,2026-08-14,TD25,2027-01-01,PMT,43.5
GFI,A,2026-08-14,TD25,2028-01-01,PMT,35.0
GFI,A,2026-08-14,TD25,2029-01-01,PMT,32.0
GFI,BAL,2026-08-14,TD7,2026-08-01,PMT,22.3
GFI,M,2026-08-14,TD7,2026-08-01,PMT,22.32
GFI,M,2026-08-14,TD7,2026-09-01,PMT,21.26
GFI,M,2026-08-14,TD7,2026-10-01,PMT,20.73
GFI,M,2026-08-14,TD7,2026-11-01,PMT,19.67
GFI,M,2026-08-14,TD7,2026-12-01,PMT,18.6
GFI,M,2026-08-14,TD7,2027-01-01,PMT,16.68
GFI,M,2026-08-14,TD7,2027-02-01,PMT,16.68
GFI,M,2026-08-14,TD7,2027-03-01,PMT,16.68
GFI,Q,2026-08-14,TD7,2026-10-01,PMT,19.67
GFI,Q,2026-08-14,TD7,2027-01-01,PMT,16.68
GFI,Q,2026-08-14,TD7,2027-04-01,PMT,15.43
GFI,Q,2026-08-14,TD7,2027-07-01,PMT,14.8
GFI,Q,2026-08-14,TD7,2027-10-01,PMT,16.06
GFI,Q,2026-08-14,TD7,2028-01-01,PMT,15.74
GFI,Q,2026-08-14,TD7,2028-04-01,PMT,13.64
GFI,A,2026-08-14,TD7,2027-01-01,PMT,15.74
GFI,A,2026-08-14,TD7,2028-01-01,PMT,13.64
GFI,A,2026-08-14,TD7,2029-01-01,PMT,13.39
GFI,BAL,2026-08-14,TD28,2026-08-01,PMT,33.57
GFI,M,2026-08-14,TD28,2026-08-01,PMT,36.25
GFI,M,2026-08-14,TD28,2026-09-01,PMT,35.0
GFI,M,2026-08-14,TD28,2026-10-01,PMT,37.5
GFI,M,2026-08-14,TD28,2026-11-01,PMT,41.25
GFI,M,2026-08-14,TD28,2026-12-01,PMT,45.0
GFI,M,2026-08-14,TD28,2027-01-01,PMT,32.5
GFI,M,2026-08-14,TD28,2027-02-01,PMT,32.5
GFI,M,2026-08-14,TD28,2027-03-01,PMT,32.5
GFI,Q,2026-08-14,TD28,2026-10-01,PMT,41.25
GFI,Q,2026-08-14,TD28,2027-01-01,PMT,32.5
GFI,Q,2026-08-14,TD28,2027-04-01,PMT,28.75
GFI,Q,2026-08-14,TD28,2027-07-01,PMT,27.5
GFI,Q,2026-08-14,TD28,2027-10-01,PMT,31.25
GFI,Q,2026-08-14,TD28,2028-01-01,PMT,33.75
GFI,Q,2026-08-14,TD28,2028-04-01,PMT,28.75
GFI,A,2026-08-14,TD28,2027-01-01,PMT,30.0
GFI,A,2026-08-14,TD28,2028-01-01,PMT,28.75
GFI,A,2026-08-14,TD28,2029-01-01,PMT,27.5
GFI,WSFR,2026-08-14,TD3C,2026-08-01,WSFR,20.21
GFI,WSFR,2026-08-14,TD20,2026-08-01,WSFR,17.72
GFI,WSFR,2026-08-14,TD8,2026-08-01,WSFR,13.99
GFI,WSFR,2026-08-14,TD19,2026-08-01,WSFR,12.04
GFI,WSFR,2026-08-14,TD25E,2026-08-01,WSFR,21.01
GFI,WSFR,2026-08-14,TD25,2026-08-01,WSFR,21.01
GFI,WSFR,2026-08-14,TD7,2026-08-01,WSFR,10.63
GFI,BITR,2026-08-14,TD3C,2026-08-01,WSC,481.67
GFI,BITR,2026-08-14,TD7,2026-08-01,WSC,201.67
GFI,BITR,2026-08-14,TD8,2026-08-01,WSC,335.0
GFI,BITR,2026-08-14,TD19,2026-08-01,WSC,225.22
GFI,BITR,2026-08-14,TD20,2026-08-01,WSC,259.83
GFI,BITR,2026-08-14,TD22,2026-08-01,LSM,18.55
GFI,BITR,2026-08-14,TD25,2026-08-01,WSC,369.44
GFI,BAL,2026-08-17,TD3C,2026-08-01,WSC,470.19
GFI,M,2026-08-17,TD3C,2026-08-01,WSC,470.0
GFI,M,2026-08-17,TD3C,2026-09-01,WSC,485.0
GFI,M,2026-08-17,TD3C,2026-10-01,WSC,468.75
GFI,M,2026-08-17,TD3C,2026-11-01,WSC,441.25
GFI,M,2026-08-17,TD3C,2026-12-01,WSC,410.0
GFI,M,2026-08-17,TD3C,2027-01-01,WSC,430.48
GFI,M,2026-08-17,TD3C,2027-02-01,WSC,390.9
GFI,M,2026-08-17,TD3C,2027-03-01,WSC,366.16
GFI,Q,2026-08-17,TD3C,2026-10-01,WSC,440.0
GFI,Q,2026-08-17,TD3C,2027-01-01,WSC,395.84
GFI,Q,2026-08-17,TD3C,2027-04-01,WSC,311.73
GFI,Q,2026-08-17,TD3C,2027-07-01,WSC,192.97
GFI,Q,2026-08-17,TD3C,2027-10-01,WSC,202.87
GFI,Q,2026-08-17,TD3C,2028-01-01,WSC,123.7
GFI,Q,2026-08-17,TD3C,2028-04-01,WSC,113.81
GFI,A,2026-08-17,TD3C,2027-01-01,WSC,275.85
GFI,A,2026-08-17,TD3C,2028-01-01,WSC,113.81
GFI,A,2026-08-17,TD3C,2029-01-01,WSC,91.54
GFI,BAL,2026-08-17,TD20,2026-08-01,WSC,299.22
GFI,M,2026-08-17,TD20,2026-08-01,WSC,250.0
GFI,M,2026-08-17,TD20,2026-09-01,WSC,289.5
GFI,M,2026-08-17,TD20,2026-10-01,WSC,254.0
GFI,M,2026-08-17,TD20,2026-11-01,WSC,242.0
GFI,M,2026-08-17,TD20,2026-12-01,WSC,230.0
GFI,M,2026-08-17,TD20,2027-01-01,WSC,193.28
GFI,M,2026-08-17,TD20,2027-02-01,WSC,173.53
GFI,M,2026-08-17,TD20,2027-03-01,WSC,153.78
GFI,Q,2026-08-17,TD20,2026-10-01,WSC,242.0
GFI,Q,2026-08-17,TD20,2027-01-01,WSC,173.53
GFI,Q,2026-08-17,TD20,2027-04-01,WSC,134.03
GFI,Q,2026-08-17,TD20,2027-07-01,WSC,119.92
GFI,Q,2026-08-17,TD20,2027-10-01,WSC,142.49
GFI,Q,2026-08-17,TD20,2028-01-01,WSC,121.33
GFI,Q,2026-08-17,TD20,2028-04-01,WSC,110.05
GFI,A,2026-08-17,TD20,2027-01-01,WSC,142.49
GFI,A,2026-08-17,TD20,2028-01-01,WSC,110.05
GFI,A,2026-08-17,TD20,2029-01-01,WSC,91.7
GFI,BAL,2026-08-17,TD8,2026-08-01,WSC,499.74
GFI,M,2026-08-17,TD8,2026-08-01,WSC,415.0
GFI,M,2026-08-17,TD8,2026-09-01,WSC,350.0
GFI,M,2026-08-17,TD8,2026-10-01,WSC,280.0
GFI,M,2026-08-17,TD8,2026-11-01,WSC,260.0
GFI,M,2026-08-17,TD8,2026-12-01,WSC,240.0
GFI,M,2026-08-17,TD8,2027-01-01,WSC,167.98
GFI,M,2026-08-17,TD8,2027-02-01,WSC,160.83
GFI,M,2026-08-17,TD8,2027-03-01,WSC,153.68
GFI,Q,2026-08-17,TD8,2026-10-01,WSC,260.0
GFI,Q,2026-08-17,TD8,2027-01-01,WSC,160.83
GFI,Q,2026-08-17,TD8,2027-04-01,WSC,146.53
GFI,Q,2026-08-17,TD8,2027-07-01,WSC,136.53
GFI,Q,2026-08-17,TD8,2027-10-01,WSC,151.54
GFI,Q,2026-08-17,TD8,2028-01-01,WSC,159.04
GFI,Q,2026-08-17,TD8,2028-04-01,WSC,144.75
GFI,A,2026-08-17,TD8,2027-01-01,WSC,148.86
GFI,A,2026-08-17,TD8,2028-01-01,WSC,144.75
GFI,A,2026-08-17,TD8,2029-01-01,WSC,140.81
GFI,BAL,2026-08-17,TD19,2026-08-01,WSC,254.28
GFI,M,2026-08-17,TD19,2026-08-01,WSC,240.0
GFI,M,2026-08-17,TD19,2026-09-01,WSC,200.0
GFI,M,2026-08-17,TD19,2026-10-01,WSC,165.0
GFI,M,2026-08-17,TD19,2026-11-01,WSC,153.0
GFI,M,2026-08-17,TD19,2026-12-01,WSC,150.0
GFI,M,2026-08-17,TD19,2027-01-01,WSC,130.81
GFI,M,2026-08-17,TD19,2027-02-01,WSC,122.51
GFI,M,2026-08-17,TD19,2027-03-01,WSC,114.2
GFI,Q,2026-08-17,TD19,2026-10-01,WSC,156.0
GFI,Q,2026-08-17,TD19,2027-01-01,WSC,122.51
GFI,Q,2026-08-17,TD19,2027-04-01,WSC,110.05
GFI,Q,2026-08-17,TD19,2027-07-01,WSC,107.97
GFI,Q,2026-08-17,TD19,2027-10-01,WSC,124.58
GFI,Q,2026-08-17,TD19,2028-01-01,WSC,129.15
GFI,Q,2026-08-17,TD19,2028-04-01,WSC,112.54
GFI,A,2026-08-17,TD19,2027-01-01,WSC,116.28
GFI,A,2026-08-17,TD19,2028-01-01,WSC,112.54
GFI,A,2026-08-17,TD19,2029-01-01,WSC,110.05
GFI,BAL,2026-08-17,TD22,2026-08-01,LSM,20.38
GFI,M,2026-08-17,TD22,2026-08-01,LSM,19.5
GFI,M,2026-08-17,TD22,2026-09-01,LSM,20.0
GFI,M,2026-08-17,TD22,2026-10-01,LSM,19.5
GFI,M,2026-08-17,TD22,2026-11-01,LSM,20.0
GFI,M,2026-08-17,TD22,2026-12-01,LSM,20.5
GFI,M,2026-08-17,TD22,2027-01-01,LSM,20.0
GFI,M,2026-08-17,TD22,2027-02-01,LSM,19.0
GFI,M,2026-08-17,TD22,2027-03-01,LSM,18.0
GFI,Q,2026-08-17,TD22,2026-10-01,LSM,20.0
GFI,Q,2026-08-17,TD22,2027-01-01,LSM,19.0
GFI,Q,2026-08-17,TD22,2027-04-01,LSM,16.0
GFI,Q,2026-08-17,TD22,2027-07-01,LSM,14.5
GFI,Q,2026-08-17,TD22,2027-10-01,LSM,15.5
GFI,Q,2026-08-17,TD22,2028-01-01,LSM,14.0
GFI,Q,2026-08-17,TD22,2028-04-01,LSM,12.0
GFI,A,2026-08-17,TD22,2027-01-01,LSM,16.25
GFI,A,2026-08-17,TD22,2028-01-01,LSM,12.0
GFI,A,2026-08-17,TD22,2029-01-01,LSM,11.5
GFI,BAL,2026-08-17,TD25E,2026-08-01,WSC,362.05
GFI,M,2026-08-17,TD25E,2026-08-01,WSC,345.46
GFI,M,2026-08-17,TD25E,2026-09-01,WSC,335.46
GFI,M,2026-08-17,TD25E,2026-10-01,WSC,298.46
GFI,M,2026-08-17,TD25E,2026-11-01,WSC,279.46
GFI,M,2026-08-17,TD25E,2026-12-01,WSC,263.46
GFI,M,2026-08-17,TD25E,2027-01-01,WSC,230.27
GFI,M,2026-08-17,TD25E,2027-02-01,WSC,230.27
GFI,M,2026-08-17,TD25E,2027-03-01,WSC,230.27
GFI,Q,2026-08-17,TD25E,2026-10-01,WSC,280.46
GFI,Q,2026-08-17,TD25E,2027-01-01,WSC,230.27
GFI,Q,2026-08-17,TD25E,2027-04-01,WSC,192.19
GFI,Q,2026-08-17,TD25E,2027-07-01,WSC,169.59
GFI,Q,2026-08-17,TD25E,2027-10-01,WSC,186.24
GFI,Q,2026-08-17,TD25E,2028-01-01,WSC,163.64
GFI,Q,2026-08-17,TD25E,2028-04-01,WSC,154.12
GFI,A,2026-08-17,TD25E,2027-01-01,WSC,194.57
GFI,A,2026-08-17,TD25E,2028-01-01,WSC,154.12
GFI,A,2026-08-17,TD25E,2029-01-01,WSC,137.46
GFI,BAL,2026-08-17,TD25,2026-08-01,WSC,376.59
GFI,M,2026-08-17,TD25,2026-08-01,WSC,360.0
GFI,M,2026-08-17,TD25,2026-09-01,WSC,350.0
GFI,M,2026-08-17,TD25,2026-10-01,WSC,313.0
GFI,M,2026-08-17,TD25,2026-11-01,WSC,294.0
GFI,M,2026-08-17,TD25,2026-12-01,WSC,278.0
GFI,M,2026-08-17,TD25,2027-01-01,WSC,252.26
GFI,M,2026-08-17,TD25,2027-02-01,WSC,247.5
GFI,M,2026-08-17,TD25,2027-03-01,WSC,235.6
GFI,Q,2026-08-17,TD25,2026-10-01,WSC,295.0
GFI,Q,2026-08-17,TD25,2027-01-01,WSC,245.12
GFI,Q,2026-08-17,TD25,2027-04-01,WSC,207.04
GFI,Q,2026-08-17,TD25,2027-07-01,WSC,184.44
GFI,Q,2026-08-17,TD25,2027-10-01,WSC,201.09
GFI,Q,2026-08-17,TD25,2028-01-01,WSC,178.49
GFI,Q,2026-08-17,TD25,2028-04-01,WSC,168.97
GFI,A,2026-08-17,TD25,2027-01-01,WSC,209.42
GFI,A,2026-08-17,TD25,2028-01-01,WSC,168.97
GFI,A,2026-08-17,TD25,2029-01-01,WSC,152.31
GFI,BAL,2026-08-17,TD7,2026-08-01,WSC,210.75
GFI,M,2026-08-17,TD7,2026-08-01,WSC,210.0
GFI,M,2026-08-17,TD7,2026-09-01,WSC,200.0
GFI,M,2026-08-17,TD7,2026-10-01,WSC,195.0
GFI,M,2026-08-17,TD7,2026-11-01,WSC,185.0
GFI,M,2026-08-17,TD7,2026-12-01,WSC,175.0
GFI,M,2026-08-17,TD7,2027-01-01,WSC,156.96
GFI,M,2026-08-17,TD7,2027-02-01,WSC,156.96
GFI,M,2026-08-17,TD7,2027-03-01,WSC,156.96
GFI,Q,2026-08-17,TD7,2026-10-01,WSC,185.0
GFI,Q,2026-08-17,TD7,2027-01-01,WSC,156.96
GFI,Q,2026-08-17,TD7,2027-04-01,WSC,145.11
GFI,Q,2026-08-17,TD7,2027-07-01,WSC,139.19
GFI,Q,2026-08-17,TD7,2027-10-01,WSC,151.04
GFI,Q,2026-08-17,TD7,2028-01-01,WSC,148.08
GFI,Q,2026-08-17,TD7,2028-04-01,WSC,128.33
GFI,A,2026-08-17,TD7,2027-01-01,WSC,148.08
GFI,A,2026-08-17,TD7,2028-01-01,WSC,128.33
GFI,A,2026-08-17,TD7,2029-01-01,WSC,125.98
GFI,BAL,2026-08-17,TD28,2026-08-01,LSM,2.64
GFI,M,2026-08-17,TD28,2026-08-01,LSM,2.9
GFI,M,2026-08-17,TD28,2026-09-01,LSM,2.8
GFI,M,2026-08-17,TD28,2026-10-01,LSM,3.0
GFI,M,2026-08-17,TD28,2026-11-01,LSM,3.3
GFI,M,2026-08-17,TD28,2026-12-01,LSM,3.6
GFI,M,2026-08-17,TD28,2027-01-01,LSM,2.6
GFI,M,2026-08-17,TD28,2027-02-01,LSM,2.6
GFI,M,2026-08-17,TD28,2027-03-01,LSM,2.6
GFI,Q,2026-08-17,TD28,2026-10-01,LSM,3.3
GFI,Q,2026-08-17,TD28,2027-01-01,LSM,2.6
GFI,Q,2026-08-17,TD28,2027-04-01,LSM,2.3
GFI,Q,2026-08-17,TD28,2027-07-01,LSM,2.2
GFI,Q,2026-08-17,TD28,2027-10-01,LSM,2.5
GFI,Q,2026-08-17,TD28,2028-01-01,LSM,2.7
GFI,Q,2026-08-17,TD28,2028-04-01,LSM,2.3
GFI,A,2026-08-17,TD28,2027-01-01,LSM,2.4
GFI,A,2026-08-17,TD28,2028-01-01,LSM,2.3
GFI,A,2026-08-17,TD28,2029-01-01,LSM,2.2
GFI,BAL,2026-08-17,TD3C,2026-08-01,PMT,95.02
GFI,M,2026-08-17,TD3C,2026-08-01,PMT,94.99
GFI,M,2026-08-17,TD3C,2026-09-01,PMT,98.02
GFI,M,2026-08-17,TD3C,2026-10-01,PMT,94.73
GFI,M,2026-08-17,TD3C,2026-11-01,PMT,89.18
GFI,M,2026-08-17,TD3C,2026-12-01,PMT,82.86
GFI,M,2026-08-17,TD3C,2027-01-01,PMT,87.0
GFI,M,2026-08-17,TD3C,2027-02-01,PMT,79.0
GFI,M,2026-08-17,TD3C,2027-03-01,PMT,74.0
GFI,Q,2026-08-17,TD3C,2026-10-01,PMT,88.92
GFI,Q,2026-08-17,TD3C,2027-01-01,PMT,80.0
GFI,Q,2026-08-17,TD3C,2027-04-01,PMT,63.0
GFI,Q,2026-08-17,TD3C,2027-07-01,PMT,39.0
GFI,Q,2026-08-17,TD3C,2027-10-01,PMT,41.0
GFI,Q,2026-08-17,TD3C,2028-01-01,PMT,25.0
GFI,Q,2026-08-17,TD3C,2028-04-01,PMT,23.0
GFI,A,2026-08-17,TD3C,2027-01-01,PMT,55.75
GFI,A,2026-08-17,TD3C,2028-01-01,PMT,23.0
GFI,A,2026-08-17,TD3C,2029-01-01,PMT,18.5
GFI,BAL,2026-08-17,TD20,2026-08-01,PMT,53.02
GFI,M,2026-08-17,TD20,2026-08-01,PMT,44.3
GFI,M,2026-08-17,TD20,2026-09-01,PMT,51.3
GFI,M,2026-08-17,TD20,2026-10-01,PMT,45.01
GFI,M,2026-08-17,TD20,2026-11-01,PMT,42.88
GFI,M,2026-08-17,TD20,2026-12-01,PMT,40.76
GFI,M,2026-08-17,TD20,2027-01-01,PMT,34.25
GFI,M,2026-08-17,TD20,2027-02-01,PMT,30.75
GFI,M,2026-08-17,TD20,2027-03-01,PMT,27.25
GFI,Q,2026-08-17,TD20,2026-10-01,PMT,42.88
GFI,Q,2026-08-17,TD20,2027-01-01,PMT,30.75
GFI,Q,2026-08-17,TD20,2027-04-01,PMT,23.75
GFI,Q,2026-08-17,TD20,2027-07-01,PMT,21.25
GFI,Q,2026-08-17,TD20,2027-10-01,PMT,25.25
GFI,Q,2026-08-17,TD20,2028-01-01,PMT,21.5
GFI,Q,2026-08-17,TD20,2028-04-01,PMT,19.5
GFI,A,2026-08-17,TD20,2027-01-01,PMT,25.25
GFI,A,2026-08-17,TD20,2028-01-01,PMT,19.5
GFI,A,2026-08-17,TD20,2029-01-01,PMT,16.25
GFI,BAL,2026-08-17,TD8,2026-08-01,PMT,69.91
GFI,M,2026-08-17,TD8,2026-08-01,PMT,58.06
GFI,M,2026-08-17,TD8,2026-09-01,PMT,48.96
GFI,M,2026-08-17,TD8,2026-10-01,PMT,39.17
GFI,M,2026-08-17,TD8,2026-11-01,PMT,36.37
GFI,M,2026-08-17,TD8,2026-12-01,PMT,33.58
GFI,M,2026-08-17,TD8,2027-01-01,PMT,23.5
GFI,M,2026-08-17,TD8,2027-02-01,PMT,22.5
GFI,M,2026-08-17,TD8,2027-03-01,PMT,21.5
GFI,Q,2026-08-17,TD8,2026-10-01,PMT,36.37
GFI,Q,2026-08-17,TD8,2027-01-01,PMT,22.5
GFI,Q,2026-08-17,TD8,2027-04-01,PMT,20.5
GFI,Q,2026-08-17,TD8,2027-07-01,PMT,19.1
GFI,Q,2026-08-17,TD8,2027-10-01,PMT,21.2
GFI,Q,2026-08-17,TD8,2028-01-01,PMT,22.25
GFI,Q,2026-08-17,TD8,2028-04-01,PMT,20.25
GFI,A,2026-08-17,TD8,2027-01-01,PMT,20.82
GFI,A,2026-08-17,TD8,2028-01-01,PMT,20.25
GFI,A,2026-08-17,TD8,2029-01-01,PMT,19.7
GFI,BAL,2026-08-17,TD19,2026-08-01,PMT,30.61
GFI,M,2026-08-17,TD19,2026-08-01,PMT,28.9
GFI,M,2026-08-17,TD19,2026-09-01,PMT,24.08
GFI,M,2026-08-17,TD19,2026-10-01,PMT,19.87
GFI,M,2026-08-17,TD19,2026-11-01,PMT,18.42
GFI,M,2026-08-17,TD19,2026-12-01,PMT,18.06
GFI,M,2026-08-17,TD19,2027-01-01,PMT,15.75
GFI,M,2026-08-17,TD19,2027-02-01,PMT,14.75
GFI,M,2026-08-17,TD19,2027-03-01,PMT,13.75
GFI,Q,2026-08-17,TD19,2026-10-01,PMT,18.78
GFI,Q,2026-08-17,TD19,2027-01-01,PMT,14.75
GFI,Q,2026-08-17,TD19,2027-04-01,PMT,13.25
GFI,Q,2026-08-17,TD19,2027-07-01,PMT,13.0
GFI,Q,2026-08-17,TD19,2027-10-01,PMT,15.0
GFI,Q,2026-08-17,TD19,2028-01-01,PMT,15.55
GFI,Q,2026-08-17,TD19,2028-04-01,PMT,13.55
GFI,A,2026-08-17,TD19,2027-01-01,PMT,14.0
GFI,A,2026-08-17,TD19,2028-01-01,PMT,13.55
GFI,A,2026-08-17,TD19,2029-01-01,PMT,13.25
GFI,BAL,2026-08-17,TD22,2026-08-01,PMT,75.49
GFI,M,2026-08-17,TD22,2026-08-01,PMT,72.22
GFI,M,2026-08-17,TD22,2026-09-01,PMT,74.07
GFI,M,2026-08-17,TD22,2026-10-01,PMT,72.22
GFI,M,2026-08-17,TD22,2026-11-01,PMT,74.07
GFI,M,2026-08-17,TD22,2026-12-01,PMT,75.93
GFI,M,2026-08-17,TD22,2027-01-01,PMT,74.07
GFI,M,2026-08-17,TD22,2027-02-01,PMT,70.37
GFI,M,2026-08-17,TD22,2027-03-01,PMT,66.67
GFI,Q,2026-08-17,TD22,2026-10-01,PMT,74.07
GFI,Q,2026-08-17,TD22,2027-01-01,PMT,70.37
GFI,Q,2026-08-17,TD22,2027-04-01,PMT,59.26
GFI,Q,2026-08-17,TD22,2027-07-01,PMT,53.7
GFI,Q,2026-08-17,TD22,2027-10-01,PMT,57.41
GFI,Q,2026-08-17,TD22,2028-01-01,PMT,51.85
GFI,Q,2026-08-17,TD22,2028-04-01,PMT,44.44
GFI,A,2026-08-17,TD22,2027-01-01,PMT,60.19
GFI,A,2026-08-17,TD22,2028-01-01,PMT,44.44
GFI,A,2026-08-17,TD22,2029-01-01,PMT,42.59
GFI,BAL,2026-08-17,TD25E,2026-08-01,PMT,76.07
GFI,M,2026-08-17,TD25E,2026-08-01,PMT,72.58
GFI,M,2026-08-17,TD25E,2026-09-01,PMT,70.48
GFI,M,2026-08-17,TD25E,2026-10-01,PMT,62.71
GFI,M,2026-08-17,TD25E,2026-11-01,PMT,58.71
GFI,M,2026-08-17,TD25E,2026-12-01,PMT,55.35
GFI,M,2026-08-17,TD25E,2027-01-01,PMT,48.38
GFI,M,2026-08-17,TD25E,2027-02-01,PMT,48.38
GFI,M,2026-08-17,TD25E,2027-03-01,PMT,48.38
GFI,Q,2026-08-17,TD25E,2026-10-01,PMT,58.92
GFI,Q,2026-08-17,TD25E,2027-01-01,PMT,48.38
GFI,Q,2026-08-17,TD25E,2027-04-01,PMT,40.38
GFI,Q,2026-08-17,TD25E,2027-07-01,PMT,35.63
GFI,Q,2026-08-17,TD25E,2027-10-01,PMT,39.13
GFI,Q,2026-08-17,TD25E,2028-01-01,PMT,34.38
GFI,Q,2026-08-17,TD25E,2028-04-01,PMT,32.38
GFI,A,2026-08-17,TD25E,2027-01-01,PMT,40.88
GFI,A,2026-08-17,TD25E,2028-01-01,PMT,32.38
GFI,A,2026-08-17,TD25E,2029-01-01,PMT,28.88
GFI,BAL,2026-08-17,TD25,2026-08-01,PMT,79.12
GFI,M,2026-08-17,TD25,2026-08-01,PMT,75.64
GFI,M,2026-08-17,TD25,2026-09-01,PMT,73.54
GFI,M,2026-08-17,TD25,2026-10-01,PMT,65.76
GFI,M,2026-08-17,TD25,2026-11-01,PMT,61.77
GFI,M,2026-08-17,TD25,2026-12-01,PMT,58.41
GFI,M,2026-08-17,TD25,2027-01-01,PMT,53.0
GFI,M,2026-08-17,TD25,2027-02-01,PMT,52.0
GFI,M,2026-08-17,TD25,2027-03-01,PMT,49.5
GFI,Q,2026-08-17,TD25,2026-10-01,PMT,61.98
GFI,Q,2026-08-17,TD25,2027-01-01,PMT,51.5
GFI,Q,2026-08-17,TD25,2027-04-01,PMT,43.5
GFI,Q,2026-08-17,TD25,2027-07-01,PMT,38.75
GFI,Q,2026-08-17,TD25,2027-10-01,PMT,42.25
GFI,Q,2026-08-17,TD25,2028-01-01,PMT,37.5
GFI,Q,2026-08-17,TD25,2028-04-01,PMT,35.5
GFI,A,2026-08-17,TD25,2027-01-01,PMT,44.0
GFI,A,2026-08-17,TD25,2028-01-01,PMT,35.5
GFI,A,2026-08-17,TD25,2029-01-01,PMT,32.0
GFI,BAL,2026-08-17,TD7,2026-08-01,PMT,22.4
GFI,M,2026-08-17,TD7,2026-08-01,PMT,22.32
GFI,M,2026-08-17,TD7,2026-09-01,PMT,21.26
GFI,M,2026-08-17,TD7,2026-10-01,PMT,20.73
GFI,M,2026-08-17,TD7,2026-11-01,PMT,19.67
GFI,M,2026-08-17,TD7,2026-12-01,PMT,18.6
GFI,M,2026-08-17,TD7,2027-01-01,PMT,16.68
GFI,M,2026-08-17,TD7,2027-02-01,PMT,16.68
GFI,M,2026-08-17,TD7,2027-03-01,PMT,16.68
GFI,Q,2026-08-17,TD7,2026-10-01,PMT,19.67
GFI,Q,2026-08-17,TD7,2027-01-01,PMT,16.68
GFI,Q,2026-08-17,TD7,2027-04-01,PMT,15.43
GFI,Q,2026-08-17,TD7,2027-07-01,PMT,14.8
GFI,Q,2026-08-17,TD7,2027-10-01,PMT,16.06
GFI,Q,2026-08-17,TD7,2028-01-01,PMT,15.74
GFI,Q,2026-08-17,TD7,2028-04-01,PMT,13.64
GFI,A,2026-08-17,TD7,2027-01-01,PMT,15.74
GFI,A,2026-08-17,TD7,2028-01-01,PMT,13.64
GFI,A,2026-08-17,TD7,2029-01-01,PMT,13.39
GFI,BAL,2026-08-17,TD28,2026-08-01,PMT,32.96
GFI,M,2026-08-17,TD28,2026-08-01,PMT,36.25
GFI,M,2026-08-17,TD28,2026-09-01,PMT,35.0
GFI,M,2026-08-17,TD28,2026-10-01,PMT,37.5
GFI,M,2026-08-17,TD28,2026-11-01,PMT,41.25
GFI,M,2026-08-17,TD28,2026-12-01,PMT,45.0
GFI,M,2026-08-17,TD28,2027-01-01,PMT,32.5
GFI,M,2026-08-17,TD28,2027-02-01,PMT,32.5
GFI,M,2026-08-17,TD28,2027-03-01,PMT,32.5
GFI,Q,2026-08-17,TD28,2026-10-01,PMT,41.25
GFI,Q,2026-08-17,TD28,2027-01-01,PMT,32.5
GFI,Q,2026-08-17,TD28,2027-04-01,PMT,28.75
GFI,Q,2026-08-17,TD28,2027-07-01,PMT,27.5
GFI,Q,2026-08-17,TD28,2027-10-01,PMT,31.25
GFI,Q,2026-08-17,TD28,2028-01-01,PMT,33.75
GFI,Q,2026-08-17,TD28,2028-04-01,PMT,28.75
GFI,A,2026-08-17,TD28,2027-01-01,PMT,30.0
GFI,A,2026-08-17,TD28,2028-01-01,PMT,28.75
GFI,A,2026-08-17,TD28,2029-01-01,PMT,27.5
GFI,WSFR,2026-08-17,TD3C,2026-08-01,WSFR,20.21
GFI,WSFR,2026-08-17,TD20,2026-08-01,WSFR,17.72
GFI,WSFR,2026-08-17,TD8,2026-08-01,WSFR,13.99
GFI,WSFR,2026-08-17,TD19,2026-08-01,WSFR,12.04
GFI,WSFR,2026-08-17,TD25E,2026-08-01,WSFR,21.01
GFI,WSFR,2026-08-17,TD25,2026-08-01,WSFR,21.01
GFI,WSFR,2026-08-17,TD7,2026-08-01,WSFR,10.63
GFI,BITR,2026-08-17,TD3C,2026-08-01,WSC,501.67
GFI,BITR,2026-08-17,TD7,2026-08-01,WSC,202.08
GFI,BITR,2026-08-17,TD8,2026-08-01,WSC,327.0
GFI,BITR,2026-08-17,TD19,2026-08-01,WSC,226.06
GFI,BITR,2026-08-17,TD20,2026-08-01,WSC,311.67
GFI,BITR,2026-08-17,TD22,2026-08-01,LSM,18.79
GFI,BITR,2026-08-17,TD25,2026-08-01,WSC,377.22
GFI,BAL,2026-08-18,TD3C,2026-08-01,WSC,512.15
GFI,M,2026-08-18,TD3C,2026-08-01,WSC,489.0
GFI,M,2026-08-18,TD3C,2026-09-01,WSC,510.0
GFI,M,2026-08-18,TD3C,2026-10-01,WSC,490.0
GFI,M,2026-08-18,TD3C,2026-11-01,WSC,460.0
GFI,M,2026-08-18,TD3C,2026-12-01,WSC,430.0
GFI,M,2026-08-18,TD3C,2027-01-01,WSC,428.01
GFI,M,2026-08-18,TD3C,2027-02-01,WSC,415.64
GFI,M,2026-08-18,TD3C,2027-03-01,WSC,403.27
GFI,Q,2026-08-18,TD3C,2026-10-01,WSC,460.0
GFI,Q,2026-08-18,TD3C,2027-01-01,WSC,415.64
GFI,Q,2026-08-18,TD3C,2027-04-01,WSC,324.1
GFI,Q,2026-08-18,TD3C,2027-07-01,WSC,201.63
GFI,Q,2026-08-18,TD3C,2027-10-01,WSC,211.53
GFI,Q,2026-08-18,TD3C,2028-01-01,WSC,123.7
GFI,Q,2026-08-18,TD3C,2028-04-01,WSC,113.81
GFI,A,2026-08-18,TD3C,2027-01-01,WSC,288.22
GFI,A,2026-08-18,TD3C,2028-01-01,WSC,113.81
GFI,A,2026-08-18,TD3C,2029-01-01,WSC,94.01
GFI,BAL,2026-08-18,TD20,2026-08-01,WSC,298.08
GFI,M,2026-08-18,TD20,2026-08-01,WSC,251.0
GFI,M,2026-08-18,TD20,2026-09-01,WSC,276.0
GFI,M,2026-08-18,TD20,2026-10-01,WSC,247.5
GFI,M,2026-08-18,TD20,2026-11-01,WSC,227.5
GFI,M,2026-08-18,TD20,2026-12-01,WSC,215.0
GFI,M,2026-08-18,TD20,2027-01-01,WSC,204.57
GFI,M,2026-08-18,TD20,2027-02-01,WSC,184.82
GFI,M,2026-08-18,TD20,2027-03-01,WSC,165.07
GFI,Q,2026-08-18,TD20,2026-10-01,WSC,230.0
GFI,Q,2026-08-18,TD20,2027-01-01,WSC,184.82
GFI,Q,2026-08-18,TD20,2027-04-01,WSC,148.14
GFI,Q,2026-08-18,TD20,2027-07-01,WSC,126.98
GFI,Q,2026-08-18,TD20,2027-10-01,WSC,149.55
GFI,Q,2026-08-18,TD20,2028-01-01,WSC,119.64
GFI,Q,2026-08-18,TD20,2028-04-01,WSC,108.35
GFI,A,2026-08-18,TD20,2027-01-01,WSC,152.37
GFI,A,2026-08-18,TD20,2028-01-01,WSC,108.35
GFI,A,2026-08-18,TD20,2029-01-01,WSC,91.7
GFI,BAL,2026-08-18,TD8,2026-08-01,WSC,519.24
GFI,M,2026-08-18,TD8,2026-08-01,WSC,415.0
GFI,M,2026-08-18,TD8,2026-09-01,WSC,350.0
GFI,M,2026-08-18,TD8,2026-10-01,WSC,280.0
GFI,M,2026-08-18,TD8,2026-11-01,WSC,260.0
GFI,M,2026-08-18,TD8,2026-12-01,WSC,240.0
GFI,M,2026-08-18,TD8,2027-01-01,WSC,167.98
GFI,M,2026-08-18,TD8,2027-02-01,WSC,160.83
GFI,M,2026-08-18,TD8,2027-03-01,WSC,153.68
GFI,Q,2026-08-18,TD8,2026-10-01,WSC,260.0
GFI,Q,2026-08-18,TD8,2027-01-01,WSC,160.83
GFI,Q,2026-08-18,TD8,2027-04-01,WSC,146.53
GFI,Q,2026-08-18,TD8,2027-07-01,WSC,136.53
GFI,Q,2026-08-18,TD8,2027-10-01,WSC,151.54
GFI,Q,2026-08-18,TD8,2028-01-01,WSC,159.04
GFI,Q,2026-08-18,TD8,2028-04-01,WSC,144.75
GFI,A,2026-08-18,TD8,2027-01-01,WSC,148.86
GFI,A,2026-08-18,TD8,2028-01-01,WSC,144.75
GFI,A,2026-08-18,TD8,2029-01-01,WSC,140.81
GFI,BAL,2026-08-18,TD19,2026-08-01,WSC,257.62
GFI,M,2026-08-18,TD19,2026-08-01,WSC,240.0
GFI,M,2026-08-18,TD19,2026-09-01,WSC,200.0
GFI,M,2026-08-18,TD19,2026-10-01,WSC,165.0
GFI,M,2026-08-18,TD19,2026-11-01,WSC,153.0
GFI,M,2026-08-18,TD19,2026-12-01,WSC,150.0
GFI,M,2026-08-18,TD19,2027-01-01,WSC,130.81
GFI,M,2026-08-18,TD19,2027-02-01,WSC,122.51
GFI,M,2026-08-18,TD19,2027-03-01,WSC,114.2
GFI,Q,2026-08-18,TD19,2026-10-01,WSC,156.0
GFI,Q,2026-08-18,TD19,2027-01-01,WSC,122.51
GFI,Q,2026-08-18,TD19,2027-04-01,WSC,110.05
GFI,Q,2026-08-18,TD19,2027-07-01,WSC,107.97
GFI,Q,2026-08-18,TD19,2027-10-01,WSC,124.58
GFI,Q,2026-08-18,TD19,2028-01-01,WSC,129.15
GFI,Q,2026-08-18,TD19,2028-04-01,WSC,112.54
GFI,A,2026-08-18,TD19,2027-01-01,WSC,116.28
GFI,A,2026-08-18,TD19,2028-01-01,WSC,112.54
GFI,A,2026-08-18,TD19,2029-01-01,WSC,110.05
GFI,BAL,2026-08-18,TD22,2026-08-01,LSM,20.02
GFI,M,2026-08-18,TD22,2026-08-01,LSM,19.35
GFI,M,2026-08-18,TD22,2026-09-01,LSM,22.5
GFI,M,2026-08-18,TD22,2026-10-01,LSM,22.5
GFI,M,2026-08-18,TD22,2026-11-01,LSM,22.25
GFI,M,2026-08-18,TD22,2026-12-01,LSM,22.0
GFI,M,2026-08-18,TD22,2027-01-01,LSM,21.0
GFI,M,2026-08-18,TD22,2027-02-01,LSM,20.0
GFI,M,2026-08-18,TD22,2027-03-01,LSM,19.0
GFI,Q,2026-08-18,TD22,2026-10-01,LSM,22.25
GFI,Q,2026-08-18,TD22,2027-01-01,LSM,20.0
GFI,Q,2026-08-18,TD22,2027-04-01,LSM,17.5
GFI,Q,2026-08-18,TD22,2027-07-01,LSM,14.75
GFI,Q,2026-08-18,TD22,2027-10-01,LSM,15.75
GFI,Q,2026-08-18,TD22,2028-01-01,LSM,14.0
GFI,Q,2026-08-18,TD22,2028-04-01,LSM,12.0
GFI,A,2026-08-18,TD22,2027-01-01,LSM,17.0
GFI,A,2026-08-18,TD22,2028-01-01,LSM,12.0
GFI,A,2026-08-18,TD22,2029-01-01,LSM,11.5
GFI,BAL,2026-08-18,TD25E,2026-08-01,WSC,310.44
GFI,M,2026-08-18,TD25E,2026-08-01,WSC,320.21
GFI,M,2026-08-18,TD25E,2026-09-01,WSC,310.46
GFI,M,2026-08-18,TD25E,2026-10-01,WSC,285.46
GFI,M,2026-08-18,TD25E,2026-11-01,WSC,275.46
GFI,M,2026-08-18,TD25E,2026-12-01,WSC,265.46
GFI,M,2026-08-18,TD25E,2027-01-01,WSC,224.32
GFI,M,2026-08-18,TD25E,2027-02-01,WSC,224.32
GFI,M,2026-08-18,TD25E,2027-03-01,WSC,224.32
GFI,Q,2026-08-18,TD25E,2026-10-01,WSC,275.46
GFI,Q,2026-08-18,TD25E,2027-01-01,WSC,224.32
GFI,Q,2026-08-18,TD25E,2027-04-01,WSC,189.81
GFI,Q,2026-08-18,TD25E,2027-07-01,WSC,169.59
GFI,Q,2026-08-18,TD25E,2027-10-01,WSC,186.24
GFI,Q,2026-08-18,TD25E,2028-01-01,WSC,162.68
GFI,Q,2026-08-18,TD25E,2028-04-01,WSC,153.17
GFI,A,2026-08-18,TD25E,2027-01-01,WSC,192.49
GFI,A,2026-08-18,TD25E,2028-01-01,WSC,153.17
GFI,A,2026-08-18,TD25E,2029-01-01,WSC,137.46
GFI,BAL,2026-08-18,TD25,2026-08-01,WSC,324.98
GFI,M,2026-08-18,TD25,2026-08-01,WSC,334.75
GFI,M,2026-08-18,TD25,2026-09-01,WSC,325.0
GFI,M,2026-08-18,TD25,2026-10-01,WSC,300.0
GFI,M,2026-08-18,TD25,2026-11-01,WSC,290.0
GFI,M,2026-08-18,TD25,2026-12-01,WSC,280.0
GFI,M,2026-08-18,TD25,2027-01-01,WSC,246.31
GFI,M,2026-08-18,TD25,2027-02-01,WSC,241.55
GFI,M,2026-08-18,TD25,2027-03-01,WSC,229.65
GFI,Q,2026-08-18,TD25,2026-10-01,WSC,290.0
GFI,Q,2026-08-18,TD25,2027-01-01,WSC,239.17
GFI,Q,2026-08-18,TD25,2027-04-01,WSC,204.66
GFI,Q,2026-08-18,TD25,2027-07-01,WSC,184.44
GFI,Q,2026-08-18,TD25,2027-10-01,WSC,201.09
GFI,Q,2026-08-18,TD25,2028-01-01,WSC,177.53
GFI,Q,2026-08-18,TD25,2028-04-01,WSC,168.02
GFI,A,2026-08-18,TD25,2027-01-01,WSC,207.34
GFI,A,2026-08-18,TD25,2028-01-01,WSC,168.02
GFI,A,2026-08-18,TD25,2029-01-01,WSC,152.31
GFI,BAL,2026-08-18,TD7,2026-08-01,WSC,211.67
GFI,M,2026-08-18,TD7,2026-08-01,WSC,210.0
GFI,M,2026-08-18,TD7,2026-09-01,WSC,200.0
GFI,M,2026-08-18,TD7,2026-10-01,WSC,195.0
GFI,M,2026-08-18,TD7,2026-11-01,WSC,185.0
GFI,M,2026-08-18,TD7,2026-12-01,WSC,175.0
GFI,M,2026-08-18,TD7,2027-01-01,WSC,156.96
GFI,M,2026-08-18,TD7,2027-02-01,WSC,156.96
GFI,M,2026-08-18,TD7,2027-03-01,WSC,156.96
GFI,Q,2026-08-18,TD7,2026-10-01,WSC,185.0
GFI,Q,2026-08-18,TD7,2027-01-01,WSC,156.96
GFI,Q,2026-08-18,TD7,2027-04-01,WSC,145.11
GFI,Q,2026-08-18,TD7,2027-07-01,WSC,139.19
GFI,Q,2026-08-18,TD7,2027-10-01,WSC,151.04
GFI,Q,2026-08-18,TD7,2028-01-01,WSC,148.08
GFI,Q,2026-08-18,TD7,2028-04-01,WSC,128.33
GFI,A,2026-08-18,TD7,2027-01-01,WSC,148.08
GFI,A,2026-08-18,TD7,2028-01-01,WSC,128.33
GFI,A,2026-08-18,TD7,2029-01-01,WSC,125.98
GFI,BAL,2026-08-18,TD28,2026-08-01,LSM,2.58
GFI,M,2026-08-18,TD28,2026-08-01,LSM,2.9
GFI,M,2026-08-18,TD28,2026-09-01,LSM,2.8
GFI,M,2026-08-18,TD28,2026-10-01,LSM,3.0
GFI,M,2026-08-18,TD28,2026-11-01,LSM,3.3
GFI,M,2026-08-18,TD28,2026-12-01,LSM,3.6
GFI,M,2026-08-18,TD28,2027-01-01,LSM,2.6
GFI,M,2026-08-18,TD28,2027-02-01,LSM,2.6
GFI,M,2026-08-18,TD28,2027-03-01,LSM,2.6
GFI,Q,2026-08-18,TD28,2026-10-01,LSM,3.3
GFI,Q,2026-08-18,TD28,2027-01-01,LSM,2.6
GFI,Q,2026-08-18,TD28,2027-04-01,LSM,2.3
GFI,Q,2026-08-18,TD28,2027-07-01,LSM,2.2
GFI,Q,2026-08-18,TD28,2027-10-01,LSM,2.5
GFI,Q,2026-08-18,TD28,2028-01-01,LSM,2.7
GFI,Q,2026-08-18,TD28,2028-04-01,LSM,2.3
GFI,A,2026-08-18,TD28,2027-01-01,LSM,2.4
GFI,A,2026-08-18,TD28,2028-01-01,LSM,2.3
GFI,A,2026-08-18,TD28,2029-01-01,LSM,2.2
GFI,BAL,2026-08-18,TD3C,2026-08-01,PMT,103.51
GFI,M,2026-08-18,TD3C,2026-08-01,PMT,98.83
GFI,M,2026-08-18,TD3C,2026-09-01,PMT,103.07
GFI,M,2026-08-18,TD3C,2026-10-01,PMT,99.03
GFI,M,2026-08-18,TD3C,2026-11-01,PMT,92.97
GFI,M,2026-08-18,TD3C,2026-12-01,PMT,86.9
GFI,M,2026-08-18,TD3C,2027-01-01,PMT,86.5
GFI,M,2026-08-18,TD3C,2027-02-01,PMT,84.0
GFI,M,2026-08-18,TD3C,2027-03-01,PMT,81.5
GFI,Q,2026-08-18,TD3C,2026-10-01,PMT,92.97
GFI,Q,2026-08-18,TD3C,2027-01-01,PMT,84.0
GFI,Q,2026-08-18,TD3C,2027-04-01,PMT,65.5
GFI,Q,2026-08-18,TD3C,2027-07-01,PMT,40.75
GFI,Q,2026-08-18,TD3C,2027-10-01,PMT,42.75
GFI,Q,2026-08-18,TD3C,2028-01-01,PMT,25.0
GFI,Q,2026-08-18,TD3C,2028-04-01,PMT,23.0
GFI,A,2026-08-18,TD3C,2027-01-01,PMT,58.25
GFI,A,2026-08-18,TD3C,2028-01-01,PMT,23.0
GFI,A,2026-08-18,TD3C,2029-01-01,PMT,19.0
GFI,BAL,2026-08-18,TD20,2026-08-01,PMT,52.82
GFI,M,2026-08-18,TD20,2026-08-01,PMT,44.48
GFI,M,2026-08-18,TD20,2026-09-01,PMT,48.91
GFI,M,2026-08-18,TD20,2026-10-01,PMT,43.86
GFI,M,2026-08-18,TD20,2026-11-01,PMT,40.31
GFI,M,2026-08-18,TD20,2026-12-01,PMT,38.1
GFI,M,2026-08-18,TD20,2027-01-01,PMT,36.25
GFI,M,2026-08-18,TD20,2027-02-01,PMT,32.75
GFI,M,2026-08-18,TD20,2027-03-01,PMT,29.25
GFI,Q,2026-08-18,TD20,2026-10-01,PMT,40.76
GFI,Q,2026-08-18,TD20,2027-01-01,PMT,32.75
GFI,Q,2026-08-18,TD20,2027-04-01,PMT,26.25
GFI,Q,2026-08-18,TD20,2027-07-01,PMT,22.5
GFI,Q,2026-08-18,TD20,2027-10-01,PMT,26.5
GFI,Q,2026-08-18,TD20,2028-01-01,PMT,21.2
GFI,Q,2026-08-18,TD20,2028-04-01,PMT,19.2
GFI,A,2026-08-18,TD20,2027-01-01,PMT,27.0
GFI,A,2026-08-18,TD20,2028-01-01,PMT,19.2
GFI,A,2026-08-18,TD20,2029-01-01,PMT,16.25
GFI,BAL,2026-08-18,TD8,2026-08-01,PMT,72.64
GFI,M,2026-08-18,TD8,2026-08-01,PMT,58.06
GFI,M,2026-08-18,TD8,2026-09-01,PMT,48.96
GFI,M,2026-08-18,TD8,2026-10-01,PMT,39.17
GFI,M,2026-08-18,TD8,2026-11-01,PMT,36.37
GFI,M,2026-08-18,TD8,2026-12-01,PMT,33.58
GFI,M,2026-08-18,TD8,2027-01-01,PMT,23.5
GFI,M,2026-08-18,TD8,2027-02-01,PMT,22.5
GFI,M,2026-08-18,TD8,2027-03-01,PMT,21.5
GFI,Q,2026-08-18,TD8,2026-10-01,PMT,36.37
GFI,Q,2026-08-18,TD8,2027-01-01,PMT,22.5
GFI,Q,2026-08-18,TD8,2027-04-01,PMT,20.5
GFI,Q,2026-08-18,TD8,2027-07-01,PMT,19.1
GFI,Q,2026-08-18,TD8,2027-10-01,PMT,21.2
GFI,Q,2026-08-18,TD8,2028-01-01,PMT,22.25
GFI,Q,2026-08-18,TD8,2028-04-01,PMT,20.25
GFI,A,2026-08-18,TD8,2027-01-01,PMT,20.82
GFI,A,2026-08-18,TD8,2028-01-01,PMT,20.25
GFI,A,2026-08-18,TD8,2029-01-01,PMT,19.7
GFI,BAL,2026-08-18,TD19,2026-08-01,PMT,31.02
GFI,M,2026-08-18,TD19,2026-08-01,PMT,28.9
GFI,M,2026-08-18,TD19,2026-09-01,PMT,24.08
GFI,M,2026-08-18,TD19,2026-10-01,PMT,19.87
GFI,M,2026-08-18,TD19,2026-11-01,PMT,18.42
GFI,M,2026-08-18,TD19,2026-12-01,PMT,18.06
GFI,M,2026-08-18,TD19,2027-01-01,PMT,15.75
GFI,M,2026-08-18,TD19,2027-02-01,PMT,14.75
GFI,M,2026-08-18,TD19,2027-03-01,PMT,13.75
GFI,Q,2026-08-18,TD19,2026-10-01,PMT,18.78
GFI,Q,2026-08-18,TD19,2027-01-01,PMT,14.75
GFI,Q,2026-08-18,TD19,2027-04-01,PMT,13.25
GFI,Q,2026-08-18,TD19,2027-07-01,PMT,13.0
GFI,Q,2026-08-18,TD19,2027-10-01,PMT,15.0
GFI,Q,2026-08-18,TD19,2028-01-01,PMT,15.55
GFI,Q,2026-08-18,TD19,2028-04-01,PMT,13.55
GFI,A,2026-08-18,TD19,2027-01-01,PMT,14.0
GFI,A,2026-08-18,TD19,2028-01-01,PMT,13.55
GFI,A,2026-08-18,TD19,2029-01-01,PMT,13.25
GFI,BAL,2026-08-18,TD22,2026-08-01,PMT,74.13
GFI,M,2026-08-18,TD22,2026-08-01,PMT,71.67
GFI,M,2026-08-18,TD22,2026-09-01,PMT,83.33
GFI,M,2026-08-18,TD22,2026-10-01,PMT,83.33
GFI,M,2026-08-18,TD22,2026-11-01,PMT,82.41
GFI,M,2026-08-18,TD22,2026-12-01,PMT,81.48
GFI,M,2026-08-18,TD22,2027-01-01,PMT,77.78
GFI,M,2026-08-18,TD22,2027-02-01,PMT,74.07
GFI,M,2026-08-18,TD22,2027-03-01,PMT,70.37
GFI,Q,2026-08-18,TD22,2026-10-01,PMT,82.41
GFI,Q,2026-08-18,TD22,2027-01-01,PMT,74.07
GFI,Q,2026-08-18,TD22,2027-04-01,PMT,64.81
GFI,Q,2026-08-18,TD22,2027-07-01,PMT,54.63
GFI,Q,2026-08-18,TD22,2027-10-01,PMT,58.33
GFI,Q,2026-08-18,TD22,2028-01-01,PMT,51.85
GFI,Q,2026-08-18,TD22,2028-04-01,PMT,44.44
GFI,A,2026-08-18,TD22,2027-01-01,PMT,62.96
GFI,A,2026-08-18,TD22,2028-01-01,PMT,44.44
GFI,A,2026-08-18,TD22,2029-01-01,PMT,42.59
GFI,BAL,2026-08-18,TD25E,2026-08-01,PMT,65.22
GFI,M,2026-08-18,TD25E,2026-08-01,PMT,67.28
GFI,M,2026-08-18,TD25E,2026-09-01,PMT,65.23
GFI,M,2026-08-18,TD25E,2026-10-01,PMT,59.98
GFI,M,2026-08-18,TD25E,2026-11-01,PMT,57.87
GFI,M,2026-08-18,TD25E,2026-12-01,PMT,55.77
GFI,M,2026-08-18,TD25E,2027-01-01,PMT,47.13
GFI,M,2026-08-18,TD25E,2027-02-01,PMT,47.13
GFI,M,2026-08-18,TD25E,2027-03-01,PMT,47.13
GFI,Q,2026-08-18,TD25E,2026-10-01,PMT,57.87
GFI,Q,2026-08-18,TD25E,2027-01-01,PMT,47.13
GFI,Q,2026-08-18,TD25E,2027-04-01,PMT,39.88
GFI,Q,2026-08-18,TD25E,2027-07-01,PMT,35.63
GFI,Q,2026-08-18,TD25E,2027-10-01,PMT,39.13
GFI,Q,2026-08-18,TD25E,2028-01-01,PMT,34.18
GFI,Q,2026-08-18,TD25E,2028-04-01,PMT,32.18
GFI,A,2026-08-18,TD25E,2027-01-01,PMT,40.44
GFI,A,2026-08-18,TD25E,2028-01-01,PMT,32.18
GFI,A,2026-08-18,TD25E,2029-01-01,PMT,28.88
GFI,BAL,2026-08-18,TD25,2026-08-01,PMT,68.28
GFI,M,2026-08-18,TD25,2026-08-01,PMT,70.33
GFI,M,2026-08-18,TD25,2026-09-01,PMT,68.28
GFI,M,2026-08-18,TD25,2026-10-01,PMT,63.03
GFI,M,2026-08-18,TD25,2026-11-01,PMT,60.93
GFI,M,2026-08-18,TD25,2026-12-01,PMT,58.83
GFI,M,2026-08-18,TD25,2027-01-01,PMT,51.75
GFI,M,2026-08-18,TD25,2027-02-01,PMT,50.75
GFI,M,2026-08-18,TD25,2027-03-01,PMT,48.25
GFI,Q,2026-08-18,TD25,2026-10-01,PMT,60.93
GFI,Q,2026-08-18,TD25,2027-01-01,PMT,50.25
GFI,Q,2026-08-18,TD25,2027-04-01,PMT,43.0
GFI,Q,2026-08-18,TD25,2027-07-01,PMT,38.75
GFI,Q,2026-08-18,TD25,2027-10-01,PMT,42.25
GFI,Q,2026-08-18,TD25,2028-01-01,PMT,37.3
GFI,Q,2026-08-18,TD25,2028-04-01,PMT,35.3
GFI,A,2026-08-18,TD25,2027-01-01,PMT,43.56
GFI,A,2026-08-18,TD25,2028-01-01,PMT,35.3
GFI,A,2026-08-18,TD25,2029-01-01,PMT,32.0
GFI,BAL,2026-08-18,TD7,2026-08-01,PMT,22.5
GFI,M,2026-08-18,TD7,2026-08-01,PMT,22.32
GFI,M,2026-08-18,TD7,2026-09-01,PMT,21.26
GFI,M,2026-08-18,TD7,2026-10-01,PMT,20.73
GFI,M,2026-08-18,TD7,2026-11-01,PMT,19.67
GFI,M,2026-08-18,TD7,2026-12-01,PMT,18.6
GFI,M,2026-08-18,TD7,2027-01-01,PMT,16.68
GFI,M,2026-08-18,TD7,2027-02-01,PMT,16.68
GFI,M,2026-08-18,TD7,2027-03-01,PMT,16.68
GFI,Q,2026-08-18,TD7,2026-10-01,PMT,19.67
GFI,Q,2026-08-18,TD7,2027-01-01,PMT,16.68
GFI,Q,2026-08-18,TD7,2027-04-01,PMT,15.43
GFI,Q,2026-08-18,TD7,2027-07-01,PMT,14.8
GFI,Q,2026-08-18,TD7,2027-10-01,PMT,16.06
GFI,Q,2026-08-18,TD7,2028-01-01,PMT,15.74
GFI,Q,2026-08-18,TD7,2028-04-01,PMT,13.64
GFI,A,2026-08-18,TD7,2027-01-01,PMT,15.74
GFI,A,2026-08-18,TD7,2028-01-01,PMT,13.64
GFI,A,2026-08-18,TD7,2029-01-01,PMT,13.39
GFI,BAL,2026-08-18,TD28,2026-08-01,PMT,32.19
GFI,M,2026-08-18,TD28,2026-08-01,PMT,36.25
GFI,M,2026-08-18,TD28,2026-09-01,PMT,35.0
GFI,M,2026-08-18,TD28,2026-10-01,PMT,37.5
GFI,M,2026-08-18,TD28,2026-11-01,PMT,41.25
GFI,M,2026-08-18,TD28,2026-12-01,PMT,45.0
GFI,M,2026-08-18,TD28,2027-01-01,PMT,32.5
GFI,M,2026-08-18,TD28,2027-02-01,PMT,32.5
GFI,M,2026-08-18,TD28,2027-03-01,PMT,32.5
GFI,Q,2026-08-18,TD28,2026-10-01,PMT,41.25
GFI,Q,2026-08-18,TD28,2027-01-01,PMT,32.5
GFI,Q,2026-08-18,TD28,2027-04-01,PMT,28.75
GFI,Q,2026-08-18,TD28,2027-07-01,PMT,27.5
GFI,Q,2026-08-18,TD28,2027-10-01,PMT,31.25
GFI,Q,2026-08-18,TD28,2028-01-01,PMT,33.75
GFI,Q,2026-08-18,TD28,2028-04-01,PMT,28.75
GFI,A,2026-08-18,TD28,2027-01-01,PMT,30.0
GFI,A,2026-08-18,TD28,2028-01-01,PMT,28.75
GFI,A,2026-08-18,TD28,2029-01-01,PMT,27.5
GFI,WSFR,2026-08-18,TD3C,2026-08-01,WSFR,20.21
GFI,WSFR,2026-08-18,TD20,2026-08-01,WSFR,17.72
GFI,WSFR,2026-08-18,TD8,2026-08-01,WSFR,13.99
GFI,WSFR,2026-08-18,TD19,2026-08-01,WSFR,12.04
GFI,WSFR,2026-08-18,TD25E,2026-08-01,WSFR,21.01
GFI,WSFR,2026-08-18,TD25,2026-08-01,WSFR,21.01
GFI,WSFR,2026-08-18,TD7,2026-08-01,WSFR,10.63
GFI,BITR,2026-08-18,TD3C,2026-08-01,WSC,514.44
GFI,BITR,2026-08-18,TD7,2026-08-01,WSC,202.08
GFI,BITR,2026-08-18,TD8,2026-08-01,WSC,324.17
GFI,BITR,2026-08-18,TD19,2026-08-01,WSC,227.5
GFI,BITR,2026-08-18,TD20,2026-08-01,WSC,328.33
GFI,BITR,2026-08-18,TD22,2026-08-01,LSM,20.32
GFI,BITR,2026-08-18,TD25,2026-08-01,WSC,361.67
GFI,BAL,2026-08-19,TD3C,2026-08-01,WSC,568.77
GFI,M,2026-08-19,TD3C,2026-08-01,WSC,515.0
GFI,M,2026-08-19,TD3C,2026-09-01,WSC,560.0
GFI,M,2026-08-19,TD3C,2026-10-01,WSC,530.0
GFI,M,2026-08-19,TD3C,2026-11-01,WSC,500.0
GFI,M,2026-08-19,TD3C,2026-12-01,WSC,470.0
GFI,M,2026-08-19,TD3C,2027-01-01,WSC,432.95
GFI,M,2026-08-19,TD3C,2027-02-01,WSC,420.58
GFI,M,2026-08-19,TD3C,2027-03-01,WSC,408.21
GFI,Q,2026-08-19,TD3C,2026-10-01,WSC,500.0
GFI,Q,2026-08-19,TD3C,2027-01-01,WSC,420.58
GFI,Q,2026-08-19,TD3C,2027-04-01,WSC,341.42
GFI,Q,2026-08-19,TD3C,2027-07-01,WSC,207.82
GFI,Q,2026-08-19,TD3C,2027-10-01,WSC,217.71
GFI,Q,2026-08-19,TD3C,2028-01-01,WSC,128.65
GFI,Q,2026-08-19,TD3C,2028-04-01,WSC,118.75
GFI,A,2026-08-19,TD3C,2027-01-01,WSC,296.88
GFI,A,2026-08-19,TD3C,2028-01-01,WSC,118.75
GFI,A,2026-08-19,TD3C,2029-01-01,WSC,94.01
GFI,BAL,2026-08-19,TD20,2026-08-01,WSC,294.89
GFI,M,2026-08-19,TD20,2026-08-01,WSC,255.0
GFI,M,2026-08-19,TD20,2026-09-01,WSC,285.0
GFI,M,2026-08-19,TD20,2026-10-01,WSC,250.0
GFI,M,2026-08-19,TD20,2026-11-01,WSC,225.0
GFI,M,2026-08-19,TD20,2026-12-01,WSC,215.0
GFI,M,2026-08-19,TD20,2027-01-01,WSC,211.63
GFI,M,2026-08-19,TD20,2027-02-01,WSC,191.87
GFI,M,2026-08-19,TD20,2027-03-01,WSC,172.12
GFI,Q,2026-08-19,TD20,2026-10-01,WSC,230.0
GFI,Q,2026-08-19,TD20,2027-01-01,WSC,191.87
GFI,Q,2026-08-19,TD20,2027-04-01,WSC,158.01
GFI,Q,2026-08-19,TD20,2027-07-01,WSC,138.26
GFI,Q,2026-08-19,TD20,2027-10-01,WSC,143.91
GFI,Q,2026-08-19,TD20,2028-01-01,WSC,121.33
GFI,Q,2026-08-19,TD20,2028-04-01,WSC,110.05
GFI,A,2026-08-19,TD20,2027-01-01,WSC,158.01
GFI,A,2026-08-19,TD20,2028-01-01,WSC,110.05
GFI,A,2026-08-19,TD20,2029-01-01,WSC,100.17
GFI,BAL,2026-08-19,TD8,2026-08-01,WSC,487.12
GFI,M,2026-08-19,TD8,2026-08-01,WSC,400.0
GFI,M,2026-08-19,TD8,2026-09-01,WSC,350.0
GFI,M,2026-08-19,TD8,2026-10-01,WSC,280.0
GFI,M,2026-08-19,TD8,2026-11-01,WSC,260.0
GFI,M,2026-08-19,TD8,2026-12-01,WSC,240.0
GFI,M,2026-08-19,TD8,2027-01-01,WSC,167.98
GFI,M,2026-08-19,TD8,2027-02-01,WSC,160.83
GFI,M,2026-08-19,TD8,2027-03-01,WSC,153.68
GFI,Q,2026-08-19,TD8,2026-10-01,WSC,260.0
GFI,Q,2026-08-19,TD8,2027-01-01,WSC,160.83
GFI,Q,2026-08-19,TD8,2027-04-01,WSC,146.53
GFI,Q,2026-08-19,TD8,2027-07-01,WSC,136.53
GFI,Q,2026-08-19,TD8,2027-10-01,WSC,151.54
GFI,Q,2026-08-19,TD8,2028-01-01,WSC,159.04
GFI,Q,2026-08-19,TD8,2028-04-01,WSC,144.75
GFI,A,2026-08-19,TD8,2027-01-01,WSC,148.86
GFI,A,2026-08-19,TD8,2028-01-01,WSC,144.75
GFI,A,2026-08-19,TD8,2029-01-01,WSC,140.81
GFI,BAL,2026-08-19,TD19,2026-08-01,WSC,230.98
GFI,M,2026-08-19,TD19,2026-08-01,WSC,230.0
GFI,M,2026-08-19,TD19,2026-09-01,WSC,200.0
GFI,M,2026-08-19,TD19,2026-10-01,WSC,165.0
GFI,M,2026-08-19,TD19,2026-11-01,WSC,153.0
GFI,M,2026-08-19,TD19,2026-12-01,WSC,150.0
GFI,M,2026-08-19,TD19,2027-01-01,WSC,130.81
GFI,M,2026-08-19,TD19,2027-02-01,WSC,122.51
GFI,M,2026-08-19,TD19,2027-03-01,WSC,114.2
GFI,Q,2026-08-19,TD19,2026-10-01,WSC,156.0
GFI,Q,2026-08-19,TD19,2027-01-01,WSC,122.51
GFI,Q,2026-08-19,TD19,2027-04-01,WSC,110.05
GFI,Q,2026-08-19,TD19,2027-07-01,WSC,107.97
GFI,Q,2026-08-19,TD19,2027-10-01,WSC,124.58
GFI,Q,2026-08-19,TD19,2028-01-01,WSC,129.15
GFI,Q,2026-08-19,TD19,2028-04-01,WSC,112.54
GFI,A,2026-08-19,TD19,2027-01-01,WSC,116.28
GFI,A,2026-08-19,TD19,2028-01-01,WSC,112.54
GFI,A,2026-08-19,TD19,2029-01-01,WSC,110.05
GFI,BAL,2026-08-19,TD22,2026-08-01,LSM,21.9
GFI,M,2026-08-19,TD22,2026-08-01,LSM,20.25
GFI,M,2026-08-19,TD22,2026-09-01,LSM,25.0
GFI,M,2026-08-19,TD22,2026-10-01,LSM,25.0
GFI,M,2026-08-19,TD22,2026-11-01,LSM,24.75
GFI,M,2026-08-19,TD22,2026-12-01,LSM,24.5
GFI,M,2026-08-19,TD22,2027-01-01,LSM,24.0
GFI,M,2026-08-19,TD22,2027-02-01,LSM,23.0
GFI,M,2026-08-19,TD22,2027-03-01,LSM,22.0
GFI,Q,2026-08-19,TD22,2026-10-01,LSM,24.75
GFI,Q,2026-08-19,TD22,2027-01-01,LSM,23.0
GFI,Q,2026-08-19,TD22,2027-04-01,LSM,17.5
GFI,Q,2026-08-19,TD22,2027-07-01,LSM,14.75
GFI,Q,2026-08-19,TD22,2027-10-01,LSM,15.75
GFI,Q,2026-08-19,TD22,2028-01-01,LSM,14.0
GFI,Q,2026-08-19,TD22,2028-04-01,LSM,12.0
GFI,A,2026-08-19,TD22,2027-01-01,LSM,17.75
GFI,A,2026-08-19,TD22,2028-01-01,LSM,12.0
GFI,A,2026-08-19,TD22,2029-01-01,LSM,11.5
GFI,BAL,2026-08-19,TD25E,2026-08-01,WSC,311.79
GFI,M,2026-08-19,TD25E,2026-08-01,WSC,322.46
GFI,M,2026-08-19,TD25E,2026-09-01,WSC,320.46
GFI,M,2026-08-19,TD25E,2026-10-01,WSC,305.46
GFI,M,2026-08-19,TD25E,2026-11-01,WSC,295.46
GFI,M,2026-08-19,TD25E,2026-12-01,WSC,285.46
GFI,M,2026-08-19,TD25E,2027-01-01,WSC,237.41
GFI,M,2026-08-19,TD25E,2027-02-01,WSC,237.41
GFI,M,2026-08-19,TD25E,2027-03-01,WSC,237.41
GFI,Q,2026-08-19,TD25E,2026-10-01,WSC,295.46
GFI,Q,2026-08-19,TD25E,2027-01-01,WSC,237.41
GFI,Q,2026-08-19,TD25E,2027-04-01,WSC,192.19
GFI,Q,2026-08-19,TD25E,2027-07-01,WSC,170.78
GFI,Q,2026-08-19,TD25E,2027-10-01,WSC,187.43
GFI,Q,2026-08-19,TD25E,2028-01-01,WSC,168.4
GFI,Q,2026-08-19,TD25E,2028-04-01,WSC,158.88
GFI,A,2026-08-19,TD25E,2027-01-01,WSC,196.95
GFI,A,2026-08-19,TD25E,2028-01-01,WSC,158.88
GFI,A,2026-08-19,TD25E,2029-01-01,WSC,145.79
GFI,BAL,2026-08-19,TD25,2026-08-01,WSC,326.33
GFI,M,2026-08-19,TD25,2026-08-01,WSC,337.0
GFI,M,2026-08-19,TD25,2026-09-01,WSC,335.0
GFI,M,2026-08-19,TD25,2026-10-01,WSC,320.0
GFI,M,2026-08-19,TD25,2026-11-01,WSC,310.0
GFI,M,2026-08-19,TD25,2026-12-01,WSC,300.0
GFI,M,2026-08-19,TD25,2027-01-01,WSC,259.4
GFI,M,2026-08-19,TD25,2027-02-01,WSC,254.64
GFI,M,2026-08-19,TD25,2027-03-01,WSC,242.74
GFI,Q,2026-08-19,TD25,2026-10-01,WSC,310.0
GFI,Q,2026-08-19,TD25,2027-01-01,WSC,252.26
GFI,Q,2026-08-19,TD25,2027-04-01,WSC,207.04
GFI,Q,2026-08-19,TD25,2027-07-01,WSC,185.63
GFI,Q,2026-08-19,TD25,2027-10-01,WSC,202.28
GFI,Q,2026-08-19,TD25,2028-01-01,WSC,183.25
GFI,Q,2026-08-19,TD25,2028-04-01,WSC,173.73
GFI,A,2026-08-19,TD25,2027-01-01,WSC,211.8
GFI,A,2026-08-19,TD25,2028-01-01,WSC,173.73
GFI,A,2026-08-19,TD25,2029-01-01,WSC,160.64
GFI,BAL,2026-08-19,TD7,2026-08-01,WSC,212.81
GFI,M,2026-08-19,TD7,2026-08-01,WSC,210.0
GFI,M,2026-08-19,TD7,2026-09-01,WSC,200.0
GFI,M,2026-08-19,TD7,2026-10-01,WSC,195.0
GFI,M,2026-08-19,TD7,2026-11-01,WSC,185.0
GFI,M,2026-08-19,TD7,2026-12-01,WSC,175.0
GFI,M,2026-08-19,TD7,2027-01-01,WSC,156.96
GFI,M,2026-08-19,TD7,2027-02-01,WSC,156.96
GFI,M,2026-08-19,TD7,2027-03-01,WSC,156.96
GFI,Q,2026-08-19,TD7,2026-10-01,WSC,185.0
GFI,Q,2026-08-19,TD7,2027-01-01,WSC,156.96
GFI,Q,2026-08-19,TD7,2027-04-01,WSC,145.11
GFI,Q,2026-08-19,TD7,2027-07-01,WSC,139.19
GFI,Q,2026-08-19,TD7,2027-10-01,WSC,151.04
GFI,Q,2026-08-19,TD7,2028-01-01,WSC,148.08
GFI,Q,2026-08-19,TD7,2028-04-01,WSC,128.33
GFI,A,2026-08-19,TD7,2027-01-01,WSC,148.08
GFI,A,2026-08-19,TD7,2028-01-01,WSC,128.33
GFI,A,2026-08-19,TD7,2029-01-01,WSC,125.98
GFI,BAL,2026-08-19,TD28,2026-08-01,LSM,2.57
GFI,M,2026-08-19,TD28,2026-08-01,LSM,2.9
GFI,M,2026-08-19,TD28,2026-09-01,LSM,2.8
GFI,M,2026-08-19,TD28,2026-10-01,LSM,3.0
GFI,M,2026-08-19,TD28,2026-11-01,LSM,3.3
GFI,M,2026-08-19,TD28,2026-12-01,LSM,3.6
GFI,M,2026-08-19,TD28,2027-01-01,LSM,2.6
GFI,M,2026-08-19,TD28,2027-02-01,LSM,2.6
GFI,M,2026-08-19,TD28,2027-03-01,LSM,2.6
GFI,Q,2026-08-19,TD28,2026-10-01,LSM,3.3
GFI,Q,2026-08-19,TD28,2027-01-01,LSM,2.6
GFI,Q,2026-08-19,TD28,2027-04-01,LSM,2.3
GFI,Q,2026-08-19,TD28,2027-07-01,LSM,2.2
GFI,Q,2026-08-19,TD28,2027-10-01,LSM,2.5
GFI,Q,2026-08-19,TD28,2028-01-01,LSM,2.7
GFI,Q,2026-08-19,TD28,2028-04-01,LSM,2.3
GFI,A,2026-08-19,TD28,2027-01-01,LSM,2.4
GFI,A,2026-08-19,TD28,2028-01-01,LSM,2.3
GFI,A,2026-08-19,TD28,2029-01-01,LSM,2.2
GFI,BAL,2026-08-19,TD3C,2026-08-01,PMT,114.95
GFI,M,2026-08-19,TD3C,2026-08-01,PMT,104.08
GFI,M,2026-08-19,TD3C,2026-09-01,PMT,113.18
GFI,M,2026-08-19,TD3C,2026-10-01,PMT,107.11
GFI,M,2026-08-19,TD3C,2026-11-01,PMT,101.05
GFI,M,2026-08-19,TD3C,2026-12-01,PMT,94.99
GFI,M,2026-08-19,TD3C,2027-01-01,PMT,87.5
GFI,M,2026-08-19,TD3C,2027-02-01,PMT,85.0
GFI,M,2026-08-19,TD3C,2027-03-01,PMT,82.5
GFI,Q,2026-08-19,TD3C,2026-10-01,PMT,101.05
GFI,Q,2026-08-19,TD3C,2027-01-01,PMT,85.0
GFI,Q,2026-08-19,TD3C,2027-04-01,PMT,69.0
GFI,Q,2026-08-19,TD3C,2027-07-01,PMT,42.0
GFI,Q,2026-08-19,TD3C,2027-10-01,PMT,44.0
GFI,Q,2026-08-19,TD3C,2028-01-01,PMT,26.0
GFI,Q,2026-08-19,TD3C,2028-04-01,PMT,24.0
GFI,A,2026-08-19,TD3C,2027-01-01,PMT,60.0
GFI,A,2026-08-19,TD3C,2028-01-01,PMT,24.0
GFI,A,2026-08-19,TD3C,2029-01-01,PMT,19.0
GFI,BAL,2026-08-19,TD20,2026-08-01,PMT,52.25
GFI,M,2026-08-19,TD20,2026-08-01,PMT,45.19
GFI,M,2026-08-19,TD20,2026-09-01,PMT,50.5
GFI,M,2026-08-19,TD20,2026-10-01,PMT,44.3
GFI,M,2026-08-19,TD20,2026-11-01,PMT,39.87
GFI,M,2026-08-19,TD20,2026-12-01,PMT,38.1
GFI,M,2026-08-19,TD20,2027-01-01,PMT,37.5
GFI,M,2026-08-19,TD20,2027-02-01,PMT,34.0
GFI,M,2026-08-19,TD20,2027-03-01,PMT,30.5
GFI,Q,2026-08-19,TD20,2026-10-01,PMT,40.76
GFI,Q,2026-08-19,TD20,2027-01-01,PMT,34.0
GFI,Q,2026-08-19,TD20,2027-04-01,PMT,28.0
GFI,Q,2026-08-19,TD20,2027-07-01,PMT,24.5
GFI,Q,2026-08-19,TD20,2027-10-01,PMT,25.5
GFI,Q,2026-08-19,TD20,2028-01-01,PMT,21.5
GFI,Q,2026-08-19,TD20,2028-04-01,PMT,19.5
GFI,A,2026-08-19,TD20,2027-01-01,PMT,28.0
GFI,A,2026-08-19,TD20,2028-01-01,PMT,19.5
GFI,A,2026-08-19,TD20,2029-01-01,PMT,17.75
GFI,BAL,2026-08-19,TD8,2026-08-01,PMT,68.15
GFI,M,2026-08-19,TD8,2026-08-01,PMT,55.96
GFI,M,2026-08-19,TD8,2026-09-01,PMT,48.96
GFI,M,2026-08-19,TD8,2026-10-01,PMT,39.17
GFI,M,2026-08-19,TD8,2026-11-01,PMT,36.37
GFI,M,2026-08-19,TD8,2026-12-01,PMT,33.58
GFI,M,2026-08-19,TD8,2027-01-01,PMT,23.5
GFI,M,2026-08-19,TD8,2027-02-01,PMT,22.5
GFI,M,2026-08-19,TD8,2027-03-01,PMT,21.5
GFI,Q,2026-08-19,TD8,2026-10-01,PMT,36.37
GFI,Q,2026-08-19,TD8,2027-01-01,PMT,22.5
GFI,Q,2026-08-19,TD8,2027-04-01,PMT,20.5
GFI,Q,2026-08-19,TD8,2027-07-01,PMT,19.1
GFI,Q,2026-08-19,TD8,2027-10-01,PMT,21.2
GFI,Q,2026-08-19,TD8,2028-01-01,PMT,22.25
GFI,Q,2026-08-19,TD8,2028-04-01,PMT,20.25
GFI,A,2026-08-19,TD8,2027-01-01,PMT,20.82
GFI,A,2026-08-19,TD8,2028-01-01,PMT,20.25
GFI,A,2026-08-19,TD8,2029-01-01,PMT,19.7
GFI,BAL,2026-08-19,TD19,2026-08-01,PMT,27.81
GFI,M,2026-08-19,TD19,2026-08-01,PMT,27.69
GFI,M,2026-08-19,TD19,2026-09-01,PMT,24.08
GFI,M,2026-08-19,TD19,2026-10-01,PMT,19.87
GFI,M,2026-08-19,TD19,2026-11-01,PMT,18.42
GFI,M,2026-08-19,TD19,2026-12-01,PMT,18.06
GFI,M,2026-08-19,TD19,2027-01-01,PMT,15.75
GFI,M,2026-08-19,TD19,2027-02-01,PMT,14.75
GFI,M,2026-08-19,TD19,2027-03-01,PMT,13.75
GFI,Q,2026-08-19,TD19,2026-10-01,PMT,18.78
GFI,Q,2026-08-19,TD19,2027-01-01,PMT,14.75
GFI,Q,2026-08-19,TD19,2027-04-01,PMT,13.25
GFI,Q,2026-08-19,TD19,2027-07-01,PMT,13.0
GFI,Q,2026-08-19,TD19,2027-10-01,PMT,15.0
GFI,Q,2026-08-19,TD19,2028-01-01,PMT,15.55
GFI,Q,2026-08-19,TD19,2028-04-01,PMT,13.55
GFI,A,2026-08-19,TD19,2027-01-01,PMT,14.0
GFI,A,2026-08-19,TD19,2028-01-01,PMT,13.55
GFI,A,2026-08-19,TD19,2029-01-01,PMT,13.25
GFI,BAL,2026-08-19,TD22,2026-08-01,PMT,81.12
GFI,M,2026-08-19,TD22,2026-08-01,PMT,75.0
GFI,M,2026-08-19,TD22,2026-09-01,PMT,92.59
GFI,M,2026-08-19,TD22,2026-10-01,PMT,92.59
GFI,M,2026-08-19,TD22,2026-11-01,PMT,91.67
GFI,M,2026-08-19,TD22,2026-12-01,PMT,90.74
GFI,M,2026-08-19,TD22,2027-01-01,PMT,88.89
GFI,M,2026-08-19,TD22,2027-02-01,PMT,85.19
GFI,M,2026-08-19,TD22,2027-03-01,PMT,81.48
GFI,Q,2026-08-19,TD22,2026-10-01,PMT,91.67
GFI,Q,2026-08-19,TD22,2027-01-01,PMT,85.19
GFI,Q,2026-08-19,TD22,2027-04-01,PMT,64.81
GFI,Q,2026-08-19,TD22,2027-07-01,PMT,54.63
GFI,Q,2026-08-19,TD22,2027-10-01,PMT,58.33
GFI,Q,2026-08-19,TD22,2028-01-01,PMT,51.85
GFI,Q,2026-08-19,TD22,2028-04-01,PMT,44.44
GFI,A,2026-08-19,TD22,2027-01-01,PMT,65.74
GFI,A,2026-08-19,TD22,2028-01-01,PMT,44.44
GFI,A,2026-08-19,TD22,2029-01-01,PMT,42.59
GFI,BAL,2026-08-19,TD25E,2026-08-01,PMT,65.51
GFI,M,2026-08-19,TD25E,2026-08-01,PMT,67.75
GFI,M,2026-08-19,TD25E,2026-09-01,PMT,67.33
GFI,M,2026-08-19,TD25E,2026-10-01,PMT,64.18
GFI,M,2026-08-19,TD25E,2026-11-01,PMT,62.08
GFI,M,2026-08-19,TD25E,2026-12-01,PMT,59.98
GFI,M,2026-08-19,TD25E,2027-01-01,PMT,49.88
GFI,M,2026-08-19,TD25E,2027-02-01,PMT,49.88
GFI,M,2026-08-19,TD25E,2027-03-01,PMT,49.88
GFI,Q,2026-08-19,TD25E,2026-10-01,PMT,62.08
GFI,Q,2026-08-19,TD25E,2027-01-01,PMT,49.88
GFI,Q,2026-08-19,TD25E,2027-04-01,PMT,40.38
GFI,Q,2026-08-19,TD25E,2027-07-01,PMT,35.88
GFI,Q,2026-08-19,TD25E,2027-10-01,PMT,39.38
GFI,Q,2026-08-19,TD25E,2028-01-01,PMT,35.38
GFI,Q,2026-08-19,TD25E,2028-04-01,PMT,33.38
GFI,A,2026-08-19,TD25E,2027-01-01,PMT,41.38
GFI,A,2026-08-19,TD25E,2028-01-01,PMT,33.38
GFI,A,2026-08-19,TD25E,2029-01-01,PMT,30.63
GFI,BAL,2026-08-19,TD25,2026-08-01,PMT,68.56
GFI,M,2026-08-19,TD25,2026-08-01,PMT,70.8
GFI,M,2026-08-19,TD25,2026-09-01,PMT,70.38
GFI,M,2026-08-19,TD25,2026-10-01,PMT,67.23
GFI,M,2026-08-19,TD25,2026-11-01,PMT,65.13
GFI,M,2026-08-19,TD25,2026-12-01,PMT,63.03
GFI,M,2026-08-19,TD25,2027-01-01,PMT,54.5
GFI,M,2026-08-19,TD25,2027-02-01,PMT,53.5
GFI,M,2026-08-19,TD25,2027-03-01,PMT,51.0
GFI,Q,2026-08-19,TD25,2026-10-01,PMT,65.13
GFI,Q,2026-08-19,TD25,2027-01-01,PMT,53.0
GFI,Q,2026-08-19,TD25,2027-04-01,PMT,43.5
GFI,Q,2026-08-19,TD25,2027-07-01,PMT,39.0
GFI,Q,2026-08-19,TD25,2027-10-01,PMT,42.5
GFI,Q,2026-08-19,TD25,2028-01-01,PMT,38.5
GFI,Q,2026-08-19,TD25,2028-04-01,PMT,36.5
GFI,A,2026-08-19,TD25,2027-01-01,PMT,44.5
GFI,A,2026-08-19,TD25,2028-01-01,PMT,36.5
GFI,A,2026-08-19,TD25,2029-01-01,PMT,33.75
GFI,BAL,2026-08-19,TD7,2026-08-01,PMT,22.62
GFI,M,2026-08-19,TD7,2026-08-01,PMT,22.32
GFI,M,2026-08-19,TD7,2026-09-01,PMT,21.26
GFI,M,2026-08-19,TD7,2026-10-01,PMT,20.73
GFI,M,2026-08-19,TD7,2026-11-01,PMT,19.67
GFI,M,2026-08-19,TD7,2026-12-01,PMT,18.6
GFI,M,2026-08-19,TD7,2027-01-01,PMT,16.68
GFI,M,2026-08-19,TD7,2027-02-01,PMT,16.68
GFI,M,2026-08-19,TD7,2027-03-01,PMT,16.68
GFI,Q,2026-08-19,TD7,2026-10-01,PMT,19.67
GFI,Q,2026-08-19,TD7,2027-01-01,PMT,16.68
GFI,Q,2026-08-19,TD7,2027-04-01,PMT,15.43
GFI,Q,2026-08-19,TD7,2027-07-01,PMT,14.8
GFI,Q,2026-08-19,TD7,2027-10-01,PMT,16.06
GFI,Q,2026-08-19,TD7,2028-01-01,PMT,15.74
GFI,Q,2026-08-19,TD7,2028-04-01,PMT,13.64
GFI,A,2026-08-19,TD7,2027-01-01,PMT,15.74
GFI,A,2026-08-19,TD7,2028-01-01,PMT,13.64
GFI,A,2026-08-19,TD7,2029-01-01,PMT,13.39
GFI,BAL,2026-08-19,TD28,2026-08-01,PMT,32.18
GFI,M,2026-08-19,TD28,2026-08-01,PMT,36.25
GFI,M,2026-08-19,TD28,2026-09-01,PMT,35.0
GFI,M,2026-08-19,TD28,2026-10-01,PMT,37.5
GFI,M,2026-08-19,TD28,2026-11-01,PMT,41.25
GFI,M,2026-08-19,TD28,2026-12-01,PMT,45.0
GFI,M,2026-08-19,TD28,2027-01-01,PMT,32.5
GFI,M,2026-08-19,TD28,2027-02-01,PMT,32.5
GFI,M,2026-08-19,TD28,2027-03-01,PMT,32.5
GFI,Q,2026-08-19,TD28,2026-10-01,PMT,41.25
GFI,Q,2026-08-19,TD28,2027-01-01,PMT,32.5
GFI,Q,2026-08-19,TD28,2027-04-01,PMT,28.75
GFI,Q,2026-08-19,TD28,2027-07-01,PMT,27.5
GFI,Q,2026-08-19,TD28,2027-10-01,PMT,31.25
GFI,Q,2026-08-19,TD28,2028-01-01,PMT,33.75
GFI,Q,2026-08-19,TD28,2028-04-01,PMT,28.75
GFI,A,2026-08-19,TD28,2027-01-01,PMT,30.0
GFI,A,2026-08-19,TD28,2028-01-01,PMT,28.75
GFI,A,2026-08-19,TD28,2029-01-01,PMT,27.5
GFI,WSFR,2026-08-19,TD3C,2026-08-01,WSFR,20.21
GFI,WSFR,2026-08-19,TD20,2026-08-01,WSFR,17.72
GFI,WSFR,2026-08-19,TD8,2026-08-01,WSFR,13.99
GFI,WSFR,2026-08-19,TD19,2026-08-01,WSFR,12.04
GFI,WSFR,2026-08-19,TD25E,2026-08-01,WSFR,21.01
GFI,WSFR,2026-08-19,TD25,2026-08-01,WSFR,21.01
GFI,WSFR,2026-08-19,TD7,2026-08-01,WSFR,10.63
GFI,BITR,2026-08-19,TD3C,2026-08-01,WSC,546.25
GFI,BITR,2026-08-19,TD7,2026-08-01,WSC,202.5
GFI,BITR,2026-08-19,TD8,2026-08-01,WSC,317.83
GFI,BITR,2026-08-19,TD19,2026-08-01,WSC,242.5
GFI,BITR,2026-08-19,TD20,2026-08-01,WSC,333.89
GFI,BITR,2026-08-19,TD22,2026-08-01,LSM,22.04
GFI,BITR,2026-08-19,TD25,2026-08-01,WSC,332.78
GFI,BAL,2026-08-20,TD3C,2026-08-01,WSC,583.5
GFI,M,2026-08-20,TD3C,2026-08-01,WSC,515.0
GFI,M,2026-08-20,TD3C,2026-09-01,WSC,600.0
GFI,M,2026-08-20,TD3C,2026-10-01,WSC,560.0
GFI,M,2026-08-20,TD3C,2026-11-01,WSC,525.0
GFI,M,2026-08-20,TD3C,2026-12-01,WSC,510.0
GFI,M,2026-08-20,TD3C,2027-01-01,WSC,470.06
GFI,M,2026-08-20,TD3C,2027-02-01,WSC,452.75
GFI,M,2026-08-20,TD3C,2027-03-01,WSC,435.43
GFI,Q,2026-08-20,TD3C,2026-10-01,WSC,531.67
GFI,Q,2026-08-20,TD3C,2027-01-01,WSC,452.75
GFI,Q,2026-08-20,TD3C,2027-04-01,WSC,390.9
GFI,Q,2026-08-20,TD3C,2027-07-01,WSC,237.51
GFI,Q,2026-08-20,TD3C,2027-10-01,WSC,225.14
GFI,Q,2026-08-20,TD3C,2028-01-01,WSC,128.65
GFI,Q,2026-08-20,TD3C,2028-04-01,WSC,118.75
GFI,A,2026-08-20,TD3C,2027-01-01,WSC,326.57
GFI,A,2026-08-20,TD3C,2028-01-01,WSC,118.75
GFI,A,2026-08-20,TD3C,2029-01-01,WSC,94.01
GFI,BAL,2026-08-20,TD20,2026-08-01,WSC,315.31
GFI,M,2026-08-20,TD20,2026-08-01,WSC,259.5
GFI,M,2026-08-20,TD20,2026-09-01,WSC,290.0
GFI,M,2026-08-20,TD20,2026-10-01,WSC,257.0
GFI,M,2026-08-20,TD20,2026-11-01,WSC,237.0
GFI,M,2026-08-20,TD20,2026-12-01,WSC,226.0
GFI,M,2026-08-20,TD20,2027-01-01,WSC,215.86
GFI,M,2026-08-20,TD20,2027-02-01,WSC,196.11
GFI,M,2026-08-20,TD20,2027-03-01,WSC,176.35
GFI,Q,2026-08-20,TD20,2026-10-01,WSC,240.0
GFI,Q,2026-08-20,TD20,2027-01-01,WSC,196.11
GFI,Q,2026-08-20,TD20,2027-04-01,WSC,169.3
GFI,Q,2026-08-20,TD20,2027-07-01,WSC,148.14
GFI,Q,2026-08-20,TD20,2027-10-01,WSC,152.37
GFI,Q,2026-08-20,TD20,2028-01-01,WSC,121.33
GFI,Q,2026-08-20,TD20,2028-04-01,WSC,110.05
GFI,A,2026-08-20,TD20,2027-01-01,WSC,166.48
GFI,A,2026-08-20,TD20,2028-01-01,WSC,110.05
GFI,A,2026-08-20,TD20,2029-01-01,WSC,100.17
GFI,BAL,2026-08-20,TD8,2026-08-01,WSC,532.79
GFI,M,2026-08-20,TD8,2026-08-01,WSC,400.0
GFI,M,2026-08-20,TD8,2026-09-01,WSC,350.0
GFI,M,2026-08-20,TD8,2026-10-01,WSC,280.0
GFI,M,2026-08-20,TD8,2026-11-01,WSC,260.0
GFI,M,2026-08-20,TD8,2026-12-01,WSC,240.0
GFI,M,2026-08-20,TD8,2027-01-01,WSC,167.98
GFI,M,2026-08-20,TD8,2027-02-01,WSC,160.83
GFI,M,2026-08-20,TD8,2027-03-01,WSC,153.68
GFI,Q,2026-08-20,TD8,2026-10-01,WSC,260.0
GFI,Q,2026-08-20,TD8,2027-01-01,WSC,160.83
GFI,Q,2026-08-20,TD8,2027-04-01,WSC,146.53
GFI,Q,2026-08-20,TD8,2027-07-01,WSC,136.53
GFI,Q,2026-08-20,TD8,2027-10-01,WSC,151.54
GFI,Q,2026-08-20,TD8,2028-01-01,WSC,159.04
GFI,Q,2026-08-20,TD8,2028-04-01,WSC,144.75
GFI,A,2026-08-20,TD8,2027-01-01,WSC,148.86
GFI,A,2026-08-20,TD8,2028-01-01,WSC,144.75
GFI,A,2026-08-20,TD8,2029-01-01,WSC,140.81
GFI,BAL,2026-08-20,TD19,2026-08-01,WSC,228.31
GFI,M,2026-08-20,TD19,2026-08-01,WSC,230.0
GFI,M,2026-08-20,TD19,2026-09-01,WSC,200.0
GFI,M,2026-08-20,TD19,2026-10-01,WSC,165.0
GFI,M,2026-08-20,TD19,2026-11-01,WSC,153.0
GFI,M,2026-08-20,TD19,2026-12-01,WSC,150.0
GFI,M,2026-08-20,TD19,2027-01-01,WSC,130.81
GFI,M,2026-08-20,TD19,2027-02-01,WSC,122.51
GFI,M,2026-08-20,TD19,2027-03-01,WSC,114.2
GFI,Q,2026-08-20,TD19,2026-10-01,WSC,156.0
GFI,Q,2026-08-20,TD19,2027-01-01,WSC,122.51
GFI,Q,2026-08-20,TD19,2027-04-01,WSC,110.05
GFI,Q,2026-08-20,TD19,2027-07-01,WSC,107.97
GFI,Q,2026-08-20,TD19,2027-10-01,WSC,124.58
GFI,Q,2026-08-20,TD19,2028-01-01,WSC,129.15
GFI,Q,2026-08-20,TD19,2028-04-01,WSC,112.54
GFI,A,2026-08-20,TD19,2027-01-01,WSC,116.28
GFI,A,2026-08-20,TD19,2028-01-01,WSC,112.54
GFI,A,2026-08-20,TD19,2029-01-01,WSC,110.05
GFI,BAL,2026-08-20,TD22,2026-08-01,LSM,22.2
GFI,M,2026-08-20,TD22,2026-08-01,LSM,20.35
GFI,M,2026-08-20,TD22,2026-09-01,LSM,25.0
GFI,M,2026-08-20,TD22,2026-10-01,LSM,24.0
GFI,M,2026-08-20,TD22,2026-11-01,LSM,22.75
GFI,M,2026-08-20,TD22,2026-12-01,LSM,22.5
GFI,M,2026-08-20,TD22,2027-01-01,LSM,22.0
GFI,M,2026-08-20,TD22,2027-02-01,LSM,21.75
GFI,M,2026-08-20,TD22,2027-03-01,LSM,21.5
GFI,Q,2026-08-20,TD22,2026-10-01,LSM,23.08
GFI,Q,2026-08-20,TD22,2027-01-01,LSM,21.25
GFI,Q,2026-08-20,TD22,2027-04-01,LSM,20.0
GFI,Q,2026-08-20,TD22,2027-07-01,LSM,15.0
GFI,Q,2026-08-20,TD22,2027-10-01,LSM,16.0
GFI,Q,2026-08-20,TD22,2028-01-01,LSM,15.0
GFI,Q,2026-08-20,TD22,2028-04-01,LSM,13.0
GFI,A,2026-08-20,TD22,2027-01-01,LSM,18.06
GFI,A,2026-08-20,TD22,2028-01-01,LSM,13.0
GFI,A,2026-08-20,TD22,2029-01-01,LSM,12.5
GFI,BAL,2026-08-20,TD25E,2026-08-01,WSC,311.33
GFI,M,2026-08-20,TD25E,2026-08-01,WSC,322.46
GFI,M,2026-08-20,TD25E,2026-09-01,WSC,315.46
GFI,M,2026-08-20,TD25E,2026-10-01,WSC,302.46
GFI,M,2026-08-20,TD25E,2026-11-01,WSC,297.46
GFI,M,2026-08-20,TD25E,2026-12-01,WSC,292.46
GFI,M,2026-08-20,TD25E,2027-01-01,WSC,242.17
GFI,M,2026-08-20,TD25E,2027-02-01,WSC,242.17
GFI,M,2026-08-20,TD25E,2027-03-01,WSC,242.17
GFI,Q,2026-08-20,TD25E,2026-10-01,WSC,297.46
GFI,Q,2026-08-20,TD25E,2027-01-01,WSC,242.17
GFI,Q,2026-08-20,TD25E,2027-04-01,WSC,192.19
GFI,Q,2026-08-20,TD25E,2027-07-01,WSC,175.54
GFI,Q,2026-08-20,TD25E,2027-10-01,WSC,192.19
GFI,Q,2026-08-20,TD25E,2028-01-01,WSC,168.4
GFI,Q,2026-08-20,TD25E,2028-04-01,WSC,158.88
GFI,A,2026-08-20,TD25E,2027-01-01,WSC,200.52
GFI,A,2026-08-20,TD25E,2028-01-01,WSC,158.88
GFI,A,2026-08-20,TD25E,2029-01-01,WSC,145.79
GFI,BAL,2026-08-20,TD25,2026-08-01,WSC,325.88
GFI,M,2026-08-20,TD25,2026-08-01,WSC,337.0
GFI,M,2026-08-20,TD25,2026-09-01,WSC,330.0
GFI,M,2026-08-20,TD25,2026-10-01,WSC,317.0
GFI,M,2026-08-20,TD25,2026-11-01,WSC,312.0
GFI,M,2026-08-20,TD25,2026-12-01,WSC,307.0
GFI,M,2026-08-20,TD25,2027-01-01,WSC,264.16
GFI,M,2026-08-20,TD25,2027-02-01,WSC,259.4
GFI,M,2026-08-20,TD25,2027-03-01,WSC,247.5
GFI,Q,2026-08-20,TD25,2026-10-01,WSC,312.0
GFI,Q,2026-08-20,TD25,2027-01-01,WSC,257.02
GFI,Q,2026-08-20,TD25,2027-04-01,WSC,207.04
GFI,Q,2026-08-20,TD25,2027-07-01,WSC,190.39
GFI,Q,2026-08-20,TD25,2027-10-01,WSC,207.04
GFI,Q,2026-08-20,TD25,2028-01-01,WSC,183.25
GFI,Q,2026-08-20,TD25,2028-04-01,WSC,173.73
GFI,A,2026-08-20,TD25,2027-01-01,WSC,215.37
GFI,A,2026-08-20,TD25,2028-01-01,WSC,173.73
GFI,A,2026-08-20,TD25,2029-01-01,WSC,160.64
GFI,BAL,2026-08-20,TD7,2026-08-01,WSC,200.36
GFI,M,2026-08-20,TD7,2026-08-01,WSC,205.0
GFI,M,2026-08-20,TD7,2026-09-01,WSC,200.0
GFI,M,2026-08-20,TD7,2026-10-01,WSC,195.0
GFI,M,2026-08-20,TD7,2026-11-01,WSC,185.0
GFI,M,2026-08-20,TD7,2026-12-01,WSC,175.0
GFI,M,2026-08-20,TD7,2027-01-01,WSC,156.96
GFI,M,2026-08-20,TD7,2027-02-01,WSC,156.96
GFI,M,2026-08-20,TD7,2027-03-01,WSC,156.96
GFI,Q,2026-08-20,TD7,2026-10-01,WSC,185.0
GFI,Q,2026-08-20,TD7,2027-01-01,WSC,156.96
GFI,Q,2026-08-20,TD7,2027-04-01,WSC,145.11
GFI,Q,2026-08-20,TD7,2027-07-01,WSC,139.19
GFI,Q,2026-08-20,TD7,2027-10-01,WSC,151.04
GFI,Q,2026-08-20,TD7,2028-01-01,WSC,148.08
GFI,Q,2026-08-20,TD7,2028-04-01,WSC,128.33
GFI,A,2026-08-20,TD7,2027-01-01,WSC,148.08
GFI,A,2026-08-20,TD7,2028-01-01,WSC,128.33
GFI,A,2026-08-20,TD7,2029-01-01,WSC,125.98
GFI,BAL,2026-08-20,TD28,2026-08-01,LSM,2.56
GFI,M,2026-08-20,TD28,2026-08-01,LSM,2.95
GFI,M,2026-08-20,TD28,2026-09-01,LSM,2.8
GFI,M,2026-08-20,TD28,2026-10-01,LSM,3.0
GFI,M,2026-08-20,TD28,2026-11-01,LSM,3.3
GFI,M,2026-08-20,TD28,2026-12-01,LSM,3.6
GFI,M,2026-08-20,TD28,2027-01-01,LSM,2.6
GFI,M,2026-08-20,TD28,2027-02-01,LSM,2.6
GFI,M,2026-08-20,TD28,2027-03-01,LSM,2.6
GFI,Q,2026-08-20,TD28,2026-10-01,LSM,3.3
GFI,Q,2026-08-20,TD28,2027-01-01,LSM,2.6
GFI,Q,2026-08-20,TD28,2027-04-01,LSM,2.3
GFI,Q,2026-08-20,TD28,2027-07-01,LSM,2.2
GFI,Q,2026-08-20,TD28,2027-10-01,LSM,2.5
GFI,Q,2026-08-20,TD28,2028-01-01,LSM,2.7
GFI,Q,2026-08-20,TD28,2028-04-01,LSM,2.3
GFI,A,2026-08-20,TD28,2027-01-01,LSM,2.4
GFI,A,2026-08-20,TD28,2028-01-01,LSM,2.3
GFI,A,2026-08-20,TD28,2029-01-01,LSM,2.2
GFI,BAL,2026-08-20,TD3C,2026-08-01,PMT,117.92
GFI,M,2026-08-20,TD3C,2026-08-01,PMT,104.08
GFI,M,2026-08-20,TD3C,2026-09-01,PMT,121.26
GFI,M,2026-08-20,TD3C,2026-10-01,PMT,113.18
GFI,M,2026-08-20,TD3C,2026-11-01,PMT,106.1
GFI,M,2026-08-20,TD3C,2026-12-01,PMT,103.07
GFI,M,2026-08-20,TD3C,2027-01-01,PMT,95.0
GFI,M,2026-08-20,TD3C,2027-02-01,PMT,91.5
GFI,M,2026-08-20,TD3C,2027-03-01,PMT,88.0
GFI,Q,2026-08-20,TD3C,2026-10-01,PMT,107.45
GFI,Q,2026-08-20,TD3C,2027-01-01,PMT,91.5
GFI,Q,2026-08-20,TD3C,2027-04-01,PMT,79.0
GFI,Q,2026-08-20,TD3C,2027-07-01,PMT,48.0
GFI,Q,2026-08-20,TD3C,2027-10-01,PMT,45.5
GFI,Q,2026-08-20,TD3C,2028-01-01,PMT,26.0
GFI,Q,2026-08-20,TD3C,2028-04-01,PMT,24.0
GFI,A,2026-08-20,TD3C,2027-01-01,PMT,66.0
GFI,A,2026-08-20,TD3C,2028-01-01,PMT,24.0
GFI,A,2026-08-20,TD3C,2029-01-01,PMT,19.0
GFI,BAL,2026-08-20,TD20,2026-08-01,PMT,55.87
GFI,M,2026-08-20,TD20,2026-08-01,PMT,45.98
GFI,M,2026-08-20,TD20,2026-09-01,PMT,51.39
GFI,M,2026-08-20,TD20,2026-10-01,PMT,45.54
GFI,M,2026-08-20,TD20,2026-11-01,PMT,42.0
GFI,M,2026-08-20,TD20,2026-12-01,PMT,40.05
GFI,M,2026-08-20,TD20,2027-01-01,PMT,38.25
GFI,M,2026-08-20,TD20,2027-02-01,PMT,34.75
GFI,M,2026-08-20,TD20,2027-03-01,PMT,31.25
GFI,Q,2026-08-20,TD20,2026-10-01,PMT,42.53
GFI,Q,2026-08-20,TD20,2027-01-01,PMT,34.75
GFI,Q,2026-08-20,TD20,2027-04-01,PMT,30.0
GFI,Q,2026-08-20,TD20,2027-07-01,PMT,26.25
GFI,Q,2026-08-20,TD20,2027-10-01,PMT,27.0
GFI,Q,2026-08-20,TD20,2028-01-01,PMT,21.5
GFI,Q,2026-08-20,TD20,2028-04-01,PMT,19.5
GFI,A,2026-08-20,TD20,2027-01-01,PMT,29.5
GFI,A,2026-08-20,TD20,2028-01-01,PMT,19.5
GFI,A,2026-08-20,TD20,2029-01-01,PMT,17.75
GFI,BAL,2026-08-20,TD8,2026-08-01,PMT,74.54
GFI,M,2026-08-20,TD8,2026-08-01,PMT,55.96
GFI,M,2026-08-20,TD8,2026-09-01,PMT,48.96
GFI,M,2026-08-20,TD8,2026-10-01,PMT,39.17
GFI,M,2026-08-20,TD8,2026-11-01,PMT,36.37
GFI,M,2026-08-20,TD8,2026-12-01,PMT,33.58
GFI,M,2026-08-20,TD8,2027-01-01,PMT,23.5
GFI,M,2026-08-20,TD8,2027-02-01,PMT,22.5
GFI,M,2026-08-20,TD8,2027-03-01,PMT,21.5
GFI,Q,2026-08-20,TD8,2026-10-01,PMT,36.37
GFI,Q,2026-08-20,TD8,2027-01-01,PMT,22.5
GFI,Q,2026-08-20,TD8,2027-04-01,PMT,20.5
GFI,Q,2026-08-20,TD8,2027-07-01,PMT,19.1
GFI,Q,2026-08-20,TD8,2027-10-01,PMT,21.2
GFI,Q,2026-08-20,TD8,2028-01-01,PMT,22.25
GFI,Q,2026-08-20,TD8,2028-04-01,PMT,20.25
GFI,A,2026-08-20,TD8,2027-01-01,PMT,20.82
GFI,A,2026-08-20,TD8,2028-01-01,PMT,20.25
GFI,A,2026-08-20,TD8,2029-01-01,PMT,19.7
GFI,BAL,2026-08-20,TD19,2026-08-01,PMT,27.49
GFI,M,2026-08-20,TD19,2026-08-01,PMT,27.69
GFI,M,2026-08-20,TD19,2026-09-01,PMT,24.08
GFI,M,2026-08-20,TD19,2026-10-01,PMT,19.87
GFI,M,2026-08-20,TD19,2026-11-01,PMT,18.42
GFI,M,2026-08-20,TD19,2026-12-01,PMT,18.06
GFI,M,2026-08-20,TD19,2027-01-01,PMT,15.75
GFI,M,2026-08-20,TD19,2027-02-01,PMT,14.75
GFI,M,2026-08-20,TD19,2027-03-01,PMT,13.75
GFI,Q,2026-08-20,TD19,2026-10-01,PMT,18.78
GFI,Q,2026-08-20,TD19,2027-01-01,PMT,14.75
GFI,Q,2026-08-20,TD19,2027-04-01,PMT,13.25
GFI,Q,2026-08-20,TD19,2027-07-01,PMT,13.0
GFI,Q,2026-08-20,TD19,2027-10-01,PMT,15.0
GFI,Q,2026-08-20,TD19,2028-01-01,PMT,15.55
GFI,Q,2026-08-20,TD19,2028-04-01,PMT,13.55
GFI,A,2026-08-20,TD19,2027-01-01,PMT,14.0
GFI,A,2026-08-20,TD19,2028-01-01,PMT,13.55
GFI,A,2026-08-20,TD19,2029-01-01,PMT,13.25
GFI,BAL,2026-08-20,TD22,2026-08-01,PMT,82.22
GFI,M,2026-08-20,TD22,2026-08-01,PMT,75.37
GFI,M,2026-08-20,TD22,2026-09-01,PMT,92.59
GFI,M,2026-08-20,TD22,2026-10-01,PMT,88.89
GFI,M,2026-08-20,TD22,2026-11-01,PMT,84.26
GFI,M,2026-08-20,TD22,2026-12-01,PMT,83.33
GFI,M,2026-08-20,TD22,2027-01-01,PMT,81.48
GFI,M,2026-08-20,TD22,2027-02-01,PMT,80.56
GFI,M,2026-08-20,TD22,2027-03-01,PMT,79.63
GFI,Q,2026-08-20,TD22,2026-10-01,PMT,85.49
GFI,Q,2026-08-20,TD22,2027-01-01,PMT,78.7
GFI,Q,2026-08-20,TD22,2027-04-01,PMT,74.07
GFI,Q,2026-08-20,TD22,2027-07-01,PMT,55.56
GFI,Q,2026-08-20,TD22,2027-10-01,PMT,59.26
GFI,Q,2026-08-20,TD22,2028-01-01,PMT,55.56
GFI,Q,2026-08-20,TD22,2028-04-01,PMT,48.15
GFI,A,2026-08-20,TD22,2027-01-01,PMT,66.9
GFI,A,2026-08-20,TD22,2028-01-01,PMT,48.15
GFI,A,2026-08-20,TD22,2029-01-01,PMT,46.3
GFI,BAL,2026-08-20,TD25E,2026-08-01,PMT,65.41
GFI,M,2026-08-20,TD25E,2026-08-01,PMT,67.75
GFI,M,2026-08-20,TD25E,2026-09-01,PMT,66.28
GFI,M,2026-08-20,TD25E,2026-10-01,PMT,63.55
GFI,M,2026-08-20,TD25E,2026-11-01,PMT,62.5
GFI,M,2026-08-20,TD25E,2026-12-01,PMT,61.45
GFI,M,2026-08-20,TD25E,2027-01-01,PMT,50.88
GFI,M,2026-08-20,TD25E,2027-02-01,PMT,50.88
GFI,M,2026-08-20,TD25E,2027-03-01,PMT,50.88
GFI,Q,2026-08-20,TD25E,2026-10-01,PMT,62.5
GFI,Q,2026-08-20,TD25E,2027-01-01,PMT,50.88
GFI,Q,2026-08-20,TD25E,2027-04-01,PMT,40.38
GFI,Q,2026-08-20,TD25E,2027-07-01,PMT,36.88
GFI,Q,2026-08-20,TD25E,2027-10-01,PMT,40.38
GFI,Q,2026-08-20,TD25E,2028-01-01,PMT,35.38
GFI,Q,2026-08-20,TD25E,2028-04-01,PMT,33.38
GFI,A,2026-08-20,TD25E,2027-01-01,PMT,42.13
GFI,A,2026-08-20,TD25E,2028-01-01,PMT,33.38
GFI,A,2026-08-20,TD25E,2029-01-01,PMT,30.63
GFI,BAL,2026-08-20,TD25,2026-08-01,PMT,68.47
GFI,M,2026-08-20,TD25,2026-08-01,PMT,70.8
GFI,M,2026-08-20,TD25,2026-09-01,PMT,69.33
GFI,M,2026-08-20,TD25,2026-10-01,PMT,66.6
GFI,M,2026-08-20,TD25,2026-11-01,PMT,65.55
GFI,M,2026-08-20,TD25,2026-12-01,PMT,64.5
GFI,M,2026-08-20,TD25,2027-01-01,PMT,55.5
GFI,M,2026-08-20,TD25,2027-02-01,PMT,54.5
GFI,M,2026-08-20,TD25,2027-03-01,PMT,52.0
GFI,Q,2026-08-20,TD25,2026-10-01,PMT,65.55
GFI,Q,2026-08-20,TD25,2027-01-01,PMT,54.0
GFI,Q,2026-08-20,TD25,2027-04-01,PMT,43.5
GFI,Q,2026-08-20,TD25,2027-07-01,PMT,40.0
GFI,Q,2026-08-20,TD25,2027-10-01,PMT,43.5
GFI,Q,2026-08-20,TD25,2028-01-01,PMT,38.5
GFI,Q,2026-08-20,TD25,2028-04-01,PMT,36.5
GFI,A,2026-08-20,TD25,2027-01-01,PMT,45.25
GFI,A,2026-08-20,TD25,2028-01-01,PMT,36.5
GFI,A,2026-08-20,TD25,2029-01-01,PMT,33.75
GFI,BAL,2026-08-20,TD7,2026-08-01,PMT,21.3
GFI,M,2026-08-20,TD7,2026-08-01,PMT,21.79
GFI,M,2026-08-20,TD7,2026-09-01,PMT,21.26
GFI,M,2026-08-20,TD7,2026-10-01,PMT,20.73
GFI,M,2026-08-20,TD7,2026-11-01,PMT,19.67
GFI,M,2026-08-20,TD7,2026-12-01,PMT,18.6
GFI,M,2026-08-20,TD7,2027-01-01,PMT,16.68
GFI,M,2026-08-20,TD7,2027-02-01,PMT,16.68
GFI,M,2026-08-20,TD7,2027-03-01,PMT,16.68
GFI,Q,2026-08-20,TD7,2026-10-01,PMT,19.67
GFI,Q,2026-08-20,TD7,2027-01-01,PMT,16.68
GFI,Q,2026-08-20,TD7,2027-04-01,PMT,15.43
GFI,Q,2026-08-20,TD7,2027-07-01,PMT,14.8
GFI,Q,2026-08-20,TD7,2027-10-01,PMT,16.06
GFI,Q,2026-08-20,TD7,2028-01-01,PMT,15.74
GFI,Q,2026-08-20,TD7,2028-04-01,PMT,13.64
GFI,A,2026-08-20,TD7,2027-01-01,PMT,15.74
GFI,A,2026-08-20,TD7,2028-01-01,PMT,13.64
GFI,A,2026-08-20,TD7,2029-01-01,PMT,13.39
GFI,BAL,2026-08-20,TD28,2026-08-01,PMT,31.97
GFI,M,2026-08-20,TD28,2026-08-01,PMT,36.88
GFI,M,2026-08-20,TD28,2026-09-01,PMT,35.0
GFI,M,2026-08-20,TD28,2026-10-01,PMT,37.5
GFI,M,2026-08-20,TD28,2026-11-01,PMT,41.25
GFI,M,2026-08-20,TD28,2026-12-01,PMT,45.0
GFI,M,2026-08-20,TD28,2027-01-01,PMT,32.5
GFI,M,2026-08-20,TD28,2027-02-01,PMT,32.5
GFI,M,2026-08-20,TD28,2027-03-01,PMT,32.5
GFI,Q,2026-08-20,TD28,2026-10-01,PMT,41.25
GFI,Q,2026-08-20,TD28,2027-01-01,PMT,32.5
GFI,Q,2026-08-20,TD28,2027-04-01,PMT,28.75
GFI,Q,2026-08-20,TD28,2027-07-01,PMT,27.5
GFI,Q,2026-08-20,TD28,2027-10-01,PMT,31.25
GFI,Q,2026-08-20,TD28,2028-01-01,PMT,33.75
GFI,Q,2026-08-20,TD28,2028-04-01,PMT,28.75
GFI,A,2026-08-20,TD28,2027-01-01,PMT,30.0
GFI,A,2026-08-20,TD28,2028-01-01,PMT,28.75
GFI,A,2026-08-20,TD28,2029-01-01,PMT,27.5
GFI,WSFR,2026-08-20,TD3C,2026-08-01,WSFR,20.21
GFI,WSFR,2026-08-20,TD20,2026-08-01,WSFR,17.72
GFI,WSFR,2026-08-20,TD8,2026-08-01,WSFR,13.99
GFI,WSFR,2026-08-20,TD19,2026-08-01,WSFR,12.04
GFI,WSFR,2026-08-20,TD25E,2026-08-01,WSFR,21.01
GFI,WSFR,2026-08-20,TD25,2026-08-01,WSFR,21.01
GFI,WSFR,2026-08-20,TD7,2026-08-01,WSFR,10.63
GFI,BITR,2026-08-20,TD3C,2026-08-01,WSC,546.25
GFI,BITR,2026-08-20,TD7,2026-08-01,WSC,202.5
GFI,BITR,2026-08-20,TD8,2026-08-01,WSC,317.83
GFI,BITR,2026-08-20,TD19,2026-08-01,WSC,242.5
GFI,BITR,2026-08-20,TD20,2026-08-01,WSC,333.89
GFI,BITR,2026-08-20,TD22,2026-08-01,LSM,22.04
GFI,BITR,2026-08-20,TD25,2026-08-01,WSC,332.78
GFI,BAL,2026-08-21,TD3C,2026-08-01,WSC,586.82
GFI,M,2026-08-21,TD3C,2026-08-01,WSC,516.0
GFI,M,2026-08-21,TD3C,2026-09-01,WSC,660.0
GFI,M,2026-08-21,TD3C,2026-10-01,WSC,595.0
GFI,M,2026-08-21,TD3C,2026-11-01,WSC,570.0
GFI,M,2026-08-21,TD3C,2026-12-01,WSC,560.0
GFI,M,2026-08-21,TD3C,2027-01-01,WSC,482.43
GFI,M,2026-08-21,TD3C,2027-02-01,WSC,465.12
GFI,M,2026-08-21,TD3C,2027-03-01,WSC,447.8
GFI,Q,2026-08-21,TD3C,2026-10-01,WSC,575.0
GFI,Q,2026-08-21,TD3C,2027-01-01,WSC,465.12
GFI,Q,2026-08-21,TD3C,2027-04-01,WSC,385.95
GFI,Q,2026-08-21,TD3C,2027-07-01,WSC,237.51
GFI,Q,2026-08-21,TD3C,2027-10-01,WSC,222.66
GFI,Q,2026-08-21,TD3C,2028-01-01,WSC,136.07
GFI,Q,2026-08-21,TD3C,2028-04-01,WSC,126.18
GFI,A,2026-08-21,TD3C,2027-01-01,WSC,327.81
GFI,A,2026-08-21,TD3C,2028-01-01,WSC,126.18
GFI,A,2026-08-21,TD3C,2029-01-01,WSC,96.49
GFI,BAL,2026-08-21,TD20,2026-08-01,WSC,313.59
GFI,M,2026-08-21,TD20,2026-08-01,WSC,259.5
GFI,M,2026-08-21,TD20,2026-09-01,WSC,295.0
GFI,M,2026-08-21,TD20,2026-10-01,WSC,260.0
GFI,M,2026-08-21,TD20,2026-11-01,WSC,240.0
GFI,M,2026-08-21,TD20,2026-12-01,WSC,229.0
GFI,M,2026-08-21,TD20,2027-01-01,WSC,215.86
GFI,M,2026-08-21,TD20,2027-02-01,WSC,196.11
GFI,M,2026-08-21,TD20,2027-03-01,WSC,176.35
GFI,Q,2026-08-21,TD20,2026-10-01,WSC,243.0
GFI,Q,2026-08-21,TD20,2027-01-01,WSC,196.11
GFI,Q,2026-08-21,TD20,2027-04-01,WSC,169.3
GFI,Q,2026-08-21,TD20,2027-07-01,WSC,145.32
GFI,Q,2026-08-21,TD20,2027-10-01,WSC,149.55
GFI,Q,2026-08-21,TD20,2028-01-01,WSC,124.15
GFI,Q,2026-08-21,TD20,2028-04-01,WSC,112.87
GFI,A,2026-08-21,TD20,2027-01-01,WSC,165.07
GFI,A,2026-08-21,TD20,2028-01-01,WSC,112.87
GFI,A,2026-08-21,TD20,2029-01-01,WSC,100.17
GFI,BAL,2026-08-21,TD8,2026-08-01,WSC,565.68
GFI,M,2026-08-21,TD8,2026-08-01,WSC,400.0
GFI,M,2026-08-21,TD8,2026-09-01,WSC,350.0
GFI,M,2026-08-21,TD8,2026-10-01,WSC,280.0
GFI,M,2026-08-21,TD8,2026-11-01,WSC,260.0
GFI,M,2026-08-21,TD8,2026-12-01,WSC,240.0
GFI,M,2026-08-21,TD8,2027-01-01,WSC,167.98
GFI,M,2026-08-21,TD8,2027-02-01,WSC,160.83
GFI,M,2026-08-21,TD8,2027-03-01,WSC,153.68
GFI,Q,2026-08-21,TD8,2026-10-01,WSC,260.0
GFI,Q,2026-08-21,TD8,2027-01-01,WSC,160.83
GFI,Q,2026-08-21,TD8,2027-04-01,WSC,146.53
GFI,Q,2026-08-21,TD8,2027-07-01,WSC,136.53
GFI,Q,2026-08-21,TD8,2027-10-01,WSC,151.54
GFI,Q,2026-08-21,TD8,2028-01-01,WSC,159.04
GFI,Q,2026-08-21,TD8,2028-04-01,WSC,144.75
GFI,A,2026-08-21,TD8,2027-01-01,WSC,148.86
GFI,A,2026-08-21,TD8,2028-01-01,WSC,144.75
GFI,A,2026-08-21,TD8,2029-01-01,WSC,140.81
GFI,BAL,2026-08-21,TD19,2026-08-01,WSC,222.57
GFI,M,2026-08-21,TD19,2026-08-01,WSC,230.0
GFI,M,2026-08-21,TD19,2026-09-01,WSC,200.0
GFI,M,2026-08-21,TD19,2026-10-01,WSC,165.0
GFI,M,2026-08-21,TD19,2026-11-01,WSC,153.0
GFI,M,2026-08-21,TD19,2026-12-01,WSC,150.0
GFI,M,2026-08-21,TD19,2027-01-01,WSC,130.81
GFI,M,2026-08-21,TD19,2027-02-01,WSC,122.51
GFI,M,2026-08-21,TD19,2027-03-01,WSC,114.2
GFI,Q,2026-08-21,TD19,2026-10-01,WSC,156.0
GFI,Q,2026-08-21,TD19,2027-01-01,WSC,122.51
GFI,Q,2026-08-21,TD19,2027-04-01,WSC,110.05
GFI,Q,2026-08-21,TD19,2027-07-01,WSC,107.97
GFI,Q,2026-08-21,TD19,2027-10-01,WSC,124.58
GFI,Q,2026-08-21,TD19,2028-01-01,WSC,129.15
GFI,Q,2026-08-21,TD19,2028-04-01,WSC,112.54
GFI,A,2026-08-21,TD19,2027-01-01,WSC,116.28
GFI,A,2026-08-21,TD19,2028-01-01,WSC,112.54
GFI,A,2026-08-21,TD19,2029-01-01,WSC,110.05
GFI,BAL,2026-08-21,TD22,2026-08-01,LSM,24.92
GFI,M,2026-08-21,TD22,2026-08-01,LSM,21.2
GFI,M,2026-08-21,TD22,2026-09-01,LSM,25.0
GFI,M,2026-08-21,TD22,2026-10-01,LSM,24.0
GFI,M,2026-08-21,TD22,2026-11-01,LSM,22.5
GFI,M,2026-08-21,TD22,2026-12-01,LSM,22.5
GFI,M,2026-08-21,TD22,2027-01-01,LSM,22.25
GFI,M,2026-08-21,TD22,2027-02-01,LSM,22.0
GFI,M,2026-08-21,TD22,2027-03-01,LSM,21.75
GFI,Q,2026-08-21,TD22,2026-10-01,LSM,23.0
GFI,Q,2026-08-21,TD22,2027-01-01,LSM,22.0
GFI,Q,2026-08-21,TD22,2027-04-01,LSM,20.0
GFI,Q,2026-08-21,TD22,2027-07-01,LSM,15.0
GFI,Q,2026-08-21,TD22,2027-10-01,LSM,16.0
GFI,Q,2026-08-21,TD22,2028-01-01,LSM,15.0
GFI,Q,2026-08-21,TD22,2028-04-01,LSM,13.0
GFI,A,2026-08-21,TD22,2027-01-01,LSM,18.25
GFI,A,2026-08-21,TD22,2028-01-01,LSM,13.0
GFI,A,2026-08-21,TD22,2029-01-01,LSM,12.5
GFI,BAL,2026-08-21,TD25E,2026-08-01,WSC,313.52
GFI,M,2026-08-21,TD25E,2026-08-01,WSC,322.46
GFI,M,2026-08-21,TD25E,2026-09-01,WSC,330.46
GFI,M,2026-08-21,TD25E,2026-10-01,WSC,320.46
GFI,M,2026-08-21,TD25E,2026-11-01,WSC,315.46
GFI,M,2026-08-21,TD25E,2026-12-01,WSC,295.46
GFI,M,2026-08-21,TD25E,2027-01-01,WSC,254.07
GFI,M,2026-08-21,TD25E,2027-02-01,WSC,254.07
GFI,M,2026-08-21,TD25E,2027-03-01,WSC,254.07
GFI,Q,2026-08-21,TD25E,2026-10-01,WSC,310.46
GFI,Q,2026-08-21,TD25E,2027-01-01,WSC,254.07
GFI,Q,2026-08-21,TD25E,2027-04-01,WSC,205.05
GFI,Q,2026-08-21,TD25E,2027-07-01,WSC,189.34
GFI,Q,2026-08-21,TD25E,2027-10-01,WSC,204.09
GFI,Q,2026-08-21,TD25E,2028-01-01,WSC,175.54
GFI,Q,2026-08-21,TD25E,2028-04-01,WSC,166.02
GFI,A,2026-08-21,TD25E,2027-01-01,WSC,213.14
GFI,A,2026-08-21,TD25E,2028-01-01,WSC,166.02
GFI,A,2026-08-21,TD25E,2029-01-01,WSC,146.98
GFI,BAL,2026-08-21,TD25,2026-08-01,WSC,328.06
GFI,M,2026-08-21,TD25,2026-08-01,WSC,337.0
GFI,M,2026-08-21,TD25,2026-09-01,WSC,345.0
GFI,M,2026-08-21,TD25,2026-10-01,WSC,335.0
GFI,M,2026-08-21,TD25,2026-11-01,WSC,330.0
GFI,M,2026-08-21,TD25,2026-12-01,WSC,310.0
GFI,M,2026-08-21,TD25,2027-01-01,WSC,276.06
GFI,M,2026-08-21,TD25,2027-02-01,WSC,271.3
GFI,M,2026-08-21,TD25,2027-03-01,WSC,259.4
GFI,Q,2026-08-21,TD25,2026-10-01,WSC,325.0
GFI,Q,2026-08-21,TD25,2027-01-01,WSC,268.92
GFI,Q,2026-08-21,TD25,2027-04-01,WSC,219.9
GFI,Q,2026-08-21,TD25,2027-07-01,WSC,204.19
GFI,Q,2026-08-21,TD25,2027-10-01,WSC,218.94
GFI,Q,2026-08-21,TD25,2028-01-01,WSC,190.39
GFI,Q,2026-08-21,TD25,2028-04-01,WSC,180.87
GFI,A,2026-08-21,TD25,2027-01-01,WSC,227.99
GFI,A,2026-08-21,TD25,2028-01-01,WSC,180.87
GFI,A,2026-08-21,TD25,2029-01-01,WSC,161.83
GFI,BAL,2026-08-21,TD7,2026-08-01,WSC,201.35
GFI,M,2026-08-21,TD7,2026-08-01,WSC,205.0
GFI,M,2026-08-21,TD7,2026-09-01,WSC,200.0
GFI,M,2026-08-21,TD7,2026-10-01,WSC,195.0
GFI,M,2026-08-21,TD7,2026-11-01,WSC,185.0
GFI,M,2026-08-21,TD7,2026-12-01,WSC,175.0
GFI,M,2026-08-21,TD7,2027-01-01,WSC,156.96
GFI,M,2026-08-21,TD7,2027-02-01,WSC,156.96
GFI,M,2026-08-21,TD7,2027-03-01,WSC,156.96
GFI,Q,2026-08-21,TD7,2026-10-01,WSC,185.0
GFI,Q,2026-08-21,TD7,2027-01-01,WSC,156.96
GFI,Q,2026-08-21,TD7,2027-04-01,WSC,145.11
GFI,Q,2026-08-21,TD7,2027-07-01,WSC,139.19
GFI,Q,2026-08-21,TD7,2027-10-01,WSC,151.04
GFI,Q,2026-08-21,TD7,2028-01-01,WSC,148.08
GFI,Q,2026-08-21,TD7,2028-04-01,WSC,128.33
GFI,A,2026-08-21,TD7,2027-01-01,WSC,148.08
GFI,A,2026-08-21,TD7,2028-01-01,WSC,128.33
GFI,A,2026-08-21,TD7,2029-01-01,WSC,125.98
GFI,BAL,2026-08-21,TD28,2026-08-01,LSM,2.44
GFI,M,2026-08-21,TD28,2026-08-01,LSM,2.95
GFI,M,2026-08-21,TD28,2026-09-01,LSM,2.8
GFI,M,2026-08-21,TD28,2026-10-01,LSM,3.0
GFI,M,2026-08-21,TD28,2026-11-01,LSM,3.3
GFI,M,2026-08-21,TD28,2026-12-01,LSM,3.6
GFI,M,2026-08-21,TD28,2027-01-01,LSM,2.6
GFI,M,2026-08-21,TD28,2027-02-01,LSM,2.6
GFI,M,2026-08-21,TD28,2027-03-01,LSM,2.6
GFI,Q,2026-08-21,TD28,2026-10-01,LSM,3.3
GFI,Q,2026-08-21,TD28,2027-01-01,LSM,2.6
GFI,Q,2026-08-21,TD28,2027-04-01,LSM,2.3
GFI,Q,2026-08-21,TD28,2027-07-01,LSM,2.2
GFI,Q,2026-08-21,TD28,2027-10-01,LSM,2.5
GFI,Q,2026-08-21,TD28,2028-01-01,LSM,2.7
GFI,Q,2026-08-21,TD28,2028-04-01,LSM,2.3
GFI,A,2026-08-21,TD28,2027-01-01,LSM,2.4
GFI,A,2026-08-21,TD28,2028-01-01,LSM,2.3
GFI,A,2026-08-21,TD28,2029-01-01,LSM,2.2
GFI,BAL,2026-08-21,TD3C,2026-08-01,PMT,118.6
GFI,M,2026-08-21,TD3C,2026-08-01,PMT,104.28
GFI,M,2026-08-21,TD3C,2026-09-01,PMT,133.39
GFI,M,2026-08-21,TD3C,2026-10-01,PMT,120.25
GFI,M,2026-08-21,TD3C,2026-11-01,PMT,115.2
GFI,M,2026-08-21,TD3C,2026-12-01,PMT,113.18
GFI,M,2026-08-21,TD3C,2027-01-01,PMT,97.5
GFI,M,2026-08-21,TD3C,2027-02-01,PMT,94.0
GFI,M,2026-08-21,TD3C,2027-03-01,PMT,90.5
GFI,Q,2026-08-21,TD3C,2026-10-01,PMT,116.21
GFI,Q,2026-08-21,TD3C,2027-01-01,PMT,94.0
GFI,Q,2026-08-21,TD3C,2027-04-01,PMT,78.0
GFI,Q,2026-08-21,TD3C,2027-07-01,PMT,48.0
GFI,Q,2026-08-21,TD3C,2027-10-01,PMT,45.0
GFI,Q,2026-08-21,TD3C,2028-01-01,PMT,27.5
GFI,Q,2026-08-21,TD3C,2028-04-01,PMT,25.5
GFI,A,2026-08-21,TD3C,2027-01-01,PMT,66.25
GFI,A,2026-08-21,TD3C,2028-01-01,PMT,25.5
GFI,A,2026-08-21,TD3C,2029-01-01,PMT,19.5
GFI,BAL,2026-08-21,TD20,2026-08-01,PMT,55.57
GFI,M,2026-08-21,TD20,2026-08-01,PMT,45.98
GFI,M,2026-08-21,TD20,2026-09-01,PMT,52.27
GFI,M,2026-08-21,TD20,2026-10-01,PMT,46.07
GFI,M,2026-08-21,TD20,2026-11-01,PMT,42.53
GFI,M,2026-08-21,TD20,2026-12-01,PMT,40.58
GFI,M,2026-08-21,TD20,2027-01-01,PMT,38.25
GFI,M,2026-08-21,TD20,2027-02-01,PMT,34.75
GFI,M,2026-08-21,TD20,2027-03-01,PMT,31.25
GFI,Q,2026-08-21,TD20,2026-10-01,PMT,43.06
GFI,Q,2026-08-21,TD20,2027-01-01,PMT,34.75
GFI,Q,2026-08-21,TD20,2027-04-01,PMT,30.0
GFI,Q,2026-08-21,TD20,2027-07-01,PMT,25.75
GFI,Q,2026-08-21,TD20,2027-10-01,PMT,26.5
GFI,Q,2026-08-21,TD20,2028-01-01,PMT,22.0
GFI,Q,2026-08-21,TD20,2028-04-01,PMT,20.0
GFI,A,2026-08-21,TD20,2027-01-01,PMT,29.25
GFI,A,2026-08-21,TD20,2028-01-01,PMT,20.0
GFI,A,2026-08-21,TD20,2029-01-01,PMT,17.75
GFI,BAL,2026-08-21,TD8,2026-08-01,PMT,79.14
GFI,M,2026-08-21,TD8,2026-08-01,PMT,55.96
GFI,M,2026-08-21,TD8,2026-09-01,PMT,48.96
GFI,M,2026-08-21,TD8,2026-10-01,PMT,39.17
GFI,M,2026-08-21,TD8,2026-11-01,PMT,36.37
GFI,M,2026-08-21,TD8,2026-12-01,PMT,33.58
GFI,M,2026-08-21,TD8,2027-01-01,PMT,23.5
GFI,M,2026-08-21,TD8,2027-02-01,PMT,22.5
GFI,M,2026-08-21,TD8,2027-03-01,PMT,21.5
GFI,Q,2026-08-21,TD8,2026-10-01,PMT,36.37
GFI,Q,2026-08-21,TD8,2027-01-01,PMT,22.5
GFI,Q,2026-08-21,TD8,2027-04-01,PMT,20.5
GFI,Q,2026-08-21,TD8,2027-07-01,PMT,19.1
GFI,Q,2026-08-21,TD8,2027-10-01,PMT,21.2
GFI,Q,2026-08-21,TD8,2028-01-01,PMT,22.25
GFI,Q,2026-08-21,TD8,2028-04-01,PMT,20.25
GFI,A,2026-08-21,TD8,2027-01-01,PMT,20.82
GFI,A,2026-08-21,TD8,2028-01-01,PMT,20.25
GFI,A,2026-08-21,TD8,2029-01-01,PMT,19.7
GFI,BAL,2026-08-21,TD19,2026-08-01,PMT,26.8
GFI,M,2026-08-21,TD19,2026-08-01,PMT,27.69
GFI,M,2026-08-21,TD19,2026-09-01,PMT,24.08
GFI,M,2026-08-21,TD19,2026-10-01,PMT,19.87
GFI,M,2026-08-21,TD19,2026-11-01,PMT,18.42
GFI,M,2026-08-21,TD19,2026-12-01,PMT,18.06
GFI,M,2026-08-21,TD19,2027-01-01,PMT,15.75
GFI,M,2026-08-21,TD19,2027-02-01,PMT,14.75
GFI,M,2026-08-21,TD19,2027-03-01,PMT,13.75
GFI,Q,2026-08-21,TD19,2026-10-01,PMT,18.78
GFI,Q,2026-08-21,TD19,2027-01-01,PMT,14.75
GFI,Q,2026-08-21,TD19,2027-04-01,PMT,13.25
GFI,Q,2026-08-21,TD19,2027-07-01,PMT,13.0
GFI,Q,2026-08-21,TD19,2027-10-01,PMT,15.0
GFI,Q,2026-08-21,TD19,2028-01-01,PMT,15.55
GFI,Q,2026-08-21,TD19,2028-04-01,PMT,13.55
GFI,A,2026-08-21,TD19,2027-01-01,PMT,14.0
GFI,A,2026-08-21,TD19,2028-01-01,PMT,13.55
GFI,A,2026-08-21,TD19,2029-01-01,PMT,13.25
GFI,BAL,2026-08-21,TD22,2026-08-01,PMT,92.28
GFI,M,2026-08-21,TD22,2026-08-01,PMT,78.52
GFI,M,2026-08-21,TD22,2026-09-01,PMT,92.59
GFI,M,2026-08-21,TD22,2026-10-01,PMT,88.89
GFI,M,2026-08-21,TD22,2026-11-01,PMT,83.33
GFI,M,2026-08-21,TD22,2026-12-01,PMT,83.33
GFI,M,2026-08-21,TD22,2027-01-01,PMT,82.41
GFI,M,2026-08-21,TD22,2027-02-01,PMT,81.48
GFI,M,2026-08-21,TD22,2027-03-01,PMT,80.56
GFI,Q,2026-08-21,TD22,2026-10-01,PMT,85.19
GFI,Q,2026-08-21,TD22,2027-01-01,PMT,81.48
GFI,Q,2026-08-21,TD22,2027-04-01,PMT,74.07
GFI,Q,2026-08-21,TD22,2027-07-01,PMT,55.56
GFI,Q,2026-08-21,TD22,2027-10-01,PMT,59.26
GFI,Q,2026-08-21,TD22,2028-01-01,PMT,55.56
GFI,Q,2026-08-21,TD22,2028-04-01,PMT,48.15
GFI,A,2026-08-21,TD22,2027-01-01,PMT,67.59
GFI,A,2026-08-21,TD22,2028-01-01,PMT,48.15
GFI,A,2026-08-21,TD22,2029-01-01,PMT,46.3
GFI,BAL,2026-08-21,TD25E,2026-08-01,PMT,65.87
GFI,M,2026-08-21,TD25E,2026-08-01,PMT,67.75
GFI,M,2026-08-21,TD25E,2026-09-01,PMT,69.43
GFI,M,2026-08-21,TD25E,2026-10-01,PMT,67.33
GFI,M,2026-08-21,TD25E,2026-11-01,PMT,66.28
GFI,M,2026-08-21,TD25E,2026-12-01,PMT,62.08
GFI,M,2026-08-21,TD25E,2027-01-01,PMT,53.38
GFI,M,2026-08-21,TD25E,2027-02-01,PMT,53.38
GFI,M,2026-08-21,TD25E,2027-03-01,PMT,53.38
GFI,Q,2026-08-21,TD25E,2026-10-01,PMT,65.23
GFI,Q,2026-08-21,TD25E,2027-01-01,PMT,53.38
GFI,Q,2026-08-21,TD25E,2027-04-01,PMT,43.08
GFI,Q,2026-08-21,TD25E,2027-07-01,PMT,39.78
GFI,Q,2026-08-21,TD25E,2027-10-01,PMT,42.88
GFI,Q,2026-08-21,TD25E,2028-01-01,PMT,36.88
GFI,Q,2026-08-21,TD25E,2028-04-01,PMT,34.88
GFI,A,2026-08-21,TD25E,2027-01-01,PMT,44.78
GFI,A,2026-08-21,TD25E,2028-01-01,PMT,34.88
GFI,A,2026-08-21,TD25E,2029-01-01,PMT,30.88
GFI,BAL,2026-08-21,TD25,2026-08-01,PMT,68.93
GFI,M,2026-08-21,TD25,2026-08-01,PMT,70.8
GFI,M,2026-08-21,TD25,2026-09-01,PMT,72.48
GFI,M,2026-08-21,TD25,2026-10-01,PMT,70.38
GFI,M,2026-08-21,TD25,2026-11-01,PMT,69.33
GFI,M,2026-08-21,TD25,2026-12-01,PMT,65.13
GFI,M,2026-08-21,TD25,2027-01-01,PMT,58.0
GFI,M,2026-08-21,TD25,2027-02-01,PMT,57.0
GFI,M,2026-08-21,TD25,2027-03-01,PMT,54.5
GFI,Q,2026-08-21,TD25,2026-10-01,PMT,68.28
GFI,Q,2026-08-21,TD25,2027-01-01,PMT,56.5
GFI,Q,2026-08-21,TD25,2027-04-01,PMT,46.2
GFI,Q,2026-08-21,TD25,2027-07-01,PMT,42.9
GFI,Q,2026-08-21,TD25,2027-10-01,PMT,46.0
GFI,Q,2026-08-21,TD25,2028-01-01,PMT,40.0
GFI,Q,2026-08-21,TD25,2028-04-01,PMT,38.0
GFI,A,2026-08-21,TD25,2027-01-01,PMT,47.9
GFI,A,2026-08-21,TD25,2028-01-01,PMT,38.0
GFI,A,2026-08-21,TD25,2029-01-01,PMT,34.0
GFI,BAL,2026-08-21,TD7,2026-08-01,PMT,21.4
GFI,M,2026-08-21,TD7,2026-08-01,PMT,21.79
GFI,M,2026-08-21,TD7,2026-09-01,PMT,21.26
GFI,M,2026-08-21,TD7,2026-10-01,PMT,20.73
GFI,M,2026-08-21,TD7,2026-11-01,PMT,19.67
GFI,M,2026-08-21,TD7,2026-12-01,PMT,18.6
GFI,M,2026-08-21,TD7,2027-01-01,PMT,16.68
GFI,M,2026-08-21,TD7,2027-02-01,PMT,16.68
GFI,M,2026-08-21,TD7,2027-03-01,PMT,16.68
GFI,Q,2026-08-21,TD7,2026-10-01,PMT,19.67
GFI,Q,2026-08-21,TD7,2027-01-01,PMT,16.68
GFI,Q,2026-08-21,TD7,2027-04-01,PMT,15.43
GFI,Q,2026-08-21,TD7,2027-07-01,PMT,14.8
GFI,Q,2026-08-21,TD7,2027-10-01,PMT,16.06
GFI,Q,2026-08-21,TD7,2028-01-01,PMT,15.74
GFI,Q,2026-08-21,TD7,2028-04-01,PMT,13.64
GFI,A,2026-08-21,TD7,2027-01-01,PMT,15.74
GFI,A,2026-08-21,TD7,2028-01-01,PMT,13.64
GFI,A,2026-08-21,TD7,2029-01-01,PMT,13.39
GFI,BAL,2026-08-21,TD28,2026-08-01,PMT,30.54
GFI,M,2026-08-21,TD28,2026-08-01,PMT,36.88
GFI,M,2026-08-21,TD28,2026-09-01,PMT,35.0
GFI,M,2026-08-21,TD28,2026-10-01,PMT,37.5
GFI,M,2026-08-21,TD28,2026-11-01,PMT,41.25
GFI,M,2026-08-21,TD28,2026-12-01,PMT,45.0
GFI,M,2026-08-21,TD28,2027-01-01,PMT,32.5
GFI,M,2026-08-21,TD28,2027-02-01,PMT,32.5
GFI,M,2026-08-21,TD28,2027-03-01,PMT,32.5
GFI,Q,2026-08-21,TD28,2026-10-01,PMT,41.25
GFI,Q,2026-08-21,TD28,2027-01-01,PMT,32.5
GFI,Q,2026-08-21,TD28,2027-04-01,PMT,28.75
GFI,Q,2026-08-21,TD28,2027-07-01,PMT,27.5
GFI,Q,2026-08-21,TD28,2027-10-01,PMT,31.25
GFI,Q,2026-08-21,TD28,2028-01-01,PMT,33.75
GFI,Q,2026-08-21,TD28,2028-04-01,PMT,28.75
GFI,A,2026-08-21,TD28,2027-01-01,PMT,30.0
GFI,A,2026-08-21,TD28,2028-01-01,PMT,28.75
GFI,A,2026-08-21,TD28,2029-01-01,PMT,27.5
GFI,WSFR,2026-08-21,TD3C,2026-08-01,WSFR,20.21
GFI,WSFR,2026-08-21,TD20,2026-08-01,WSFR,17.72
GFI,WSFR,2026-08-21,TD8,2026-08-01,WSFR,13.99
GFI,WSFR,2026-08-21,TD19,2026-08-01,WSFR,12.04
GFI,WSFR,2026-08-21,TD25E,2026-08-01,WSFR,21.01
GFI,WSFR,2026-08-21,TD25,2026-08-01,WSFR,21.01
GFI,WSFR,2026-08-21,TD7,2026-08-01,WSFR,10.63
GFI,BITR,2026-08-21,TD3C,2026-08-01,WSC,586.88
GFI,BITR,2026-08-21,TD7,2026-08-01,WSC,202.92
GFI,BITR,2026-08-21,TD8,2026-08-01,WSC,335.42
GFI,BITR,2026-08-21,TD19,2026-08-01,WSC,257.0
GFI,BITR,2026-08-21,TD20,2026-08-01,WSC,323.89
GFI,BITR,2026-08-21,TD22,2026-08-01,LSM,25.61
GFI,BITR,2026-08-21,TD25,2026-08-01,WSC,318.89
GFI,BAL,2026-08-24,TD3C,2026-08-01,WSC,614.63
GFI,M,2026-08-24,TD3C,2026-08-01,WSC,522.5
GFI,M,2026-08-24,TD3C,2026-09-01,WSC,675.0
GFI,M,2026-08-24,TD3C,2026-10-01,WSC,630.0
GFI,M,2026-08-24,TD3C,2026-11-01,WSC,570.0
GFI,M,2026-08-24,TD3C,2026-12-01,WSC,550.0
GFI,M,2026-08-24,TD3C,2027-01-01,WSC,487.38
GFI,M,2026-08-24,TD3C,2027-02-01,WSC,470.06
GFI,M,2026-08-24,TD3C,2027-03-01,WSC,452.75
GFI,Q,2026-08-24,TD3C,2026-10-01,WSC,583.33
GFI,Q,2026-08-24,TD3C,2027-01-01,WSC,470.06
GFI,Q,2026-08-24,TD3C,2027-04-01,WSC,405.74
GFI,Q,2026-08-24,TD3C,2027-07-01,WSC,264.72
GFI,Q,2026-08-24,TD3C,2027-10-01,WSC,235.03
GFI,Q,2026-08-24,TD3C,2028-01-01,WSC,138.55
GFI,Q,2026-08-24,TD3C,2028-04-01,WSC,128.65
GFI,A,2026-08-24,TD3C,2027-01-01,WSC,343.89
GFI,A,2026-08-24,TD3C,2028-01-01,WSC,128.65
GFI,A,2026-08-24,TD3C,2029-01-01,WSC,96.49
GFI,BAL,2026-08-24,TD20,2026-08-01,WSC,315.67
GFI,M,2026-08-24,TD20,2026-08-01,WSC,259.5
GFI,M,2026-08-24,TD20,2026-09-01,WSC,270.0
GFI,M,2026-08-24,TD20,2026-10-01,WSC,247.0
GFI,M,2026-08-24,TD20,2026-11-01,WSC,227.0
GFI,M,2026-08-24,TD20,2026-12-01,WSC,216.0
GFI,M,2026-08-24,TD20,2027-01-01,WSC,211.63
GFI,M,2026-08-24,TD20,2027-02-01,WSC,191.87
GFI,M,2026-08-24,TD20,2027-03-01,WSC,172.12
GFI,Q,2026-08-24,TD20,2026-10-01,WSC,230.0
GFI,Q,2026-08-24,TD20,2027-01-01,WSC,191.87
GFI,Q,2026-08-24,TD20,2027-04-01,WSC,165.07
GFI,Q,2026-08-24,TD20,2027-07-01,WSC,141.08
GFI,Q,2026-08-24,TD20,2027-10-01,WSC,145.32
GFI,Q,2026-08-24,TD20,2028-01-01,WSC,124.15
GFI,Q,2026-08-24,TD20,2028-04-01,WSC,112.87
GFI,A,2026-08-24,TD20,2027-01-01,WSC,160.84
GFI,A,2026-08-24,TD20,2028-01-01,WSC,112.87
GFI,A,2026-08-24,TD20,2029-01-01,WSC,100.17
GFI,BAL,2026-08-24,TD8,2026-08-01,WSC,609.24
GFI,M,2026-08-24,TD8,2026-08-01,WSC,400.0
GFI,M,2026-08-24,TD8,2026-09-01,WSC,350.0
GFI,M,2026-08-24,TD8,2026-10-01,WSC,280.0
GFI,M,2026-08-24,TD8,2026-11-01,WSC,260.0
GFI,M,2026-08-24,TD8,2026-12-01,WSC,240.0
GFI,M,2026-08-24,TD8,2027-01-01,WSC,167.98
GFI,M,2026-08-24,TD8,2027-02-01,WSC,160.83
GFI,M,2026-08-24,TD8,2027-03-01,WSC,153.68
GFI,Q,2026-08-24,TD8,2026-10-01,WSC,260.0
GFI,Q,2026-08-24,TD8,2027-01-01,WSC,160.83
GFI,Q,2026-08-24,TD8,2027-04-01,WSC,146.53
GFI,Q,2026-08-24,TD8,2027-07-01,WSC,136.53
GFI,Q,2026-08-24,TD8,2027-10-01,WSC,151.54
GFI,Q,2026-08-24,TD8,2028-01-01,WSC,159.04
GFI,Q,2026-08-24,TD8,2028-04-01,WSC,144.75
GFI,A,2026-08-24,TD8,2027-01-01,WSC,148.86
GFI,A,2026-08-24,TD8,2028-01-01,WSC,144.75
GFI,A,2026-08-24,TD8,2029-01-01,WSC,140.81
GFI,BAL,2026-08-24,TD19,2026-08-01,WSC,212.59
GFI,M,2026-08-24,TD19,2026-08-01,WSC,230.0
GFI,M,2026-08-24,TD19,2026-09-01,WSC,200.0
GFI,M,2026-08-24,TD19,2026-10-01,WSC,165.0
GFI,M,2026-08-24,TD19,2026-11-01,WSC,153.0
GFI,M,2026-08-24,TD19,2026-12-01,WSC,150.0
GFI,M,2026-08-24,TD19,2027-01-01,WSC,130.81
GFI,M,2026-08-24,TD19,2027-02-01,WSC,122.51
GFI,M,2026-08-24,TD19,2027-03-01,WSC,114.2
GFI,Q,2026-08-24,TD19,2026-10-01,WSC,156.0
GFI,Q,2026-08-24,TD19,2027-01-01,WSC,122.51
GFI,Q,2026-08-24,TD19,2027-04-01,WSC,110.05
GFI,Q,2026-08-24,TD19,2027-07-01,WSC,107.97
GFI,Q,2026-08-24,TD19,2027-10-01,WSC,124.58
GFI,Q,2026-08-24,TD19,2028-01-01,WSC,129.15
GFI,Q,2026-08-24,TD19,2028-04-01,WSC,112.54
GFI,A,2026-08-24,TD19,2027-01-01,WSC,116.28
GFI,A,2026-08-24,TD19,2028-01-01,WSC,112.54
GFI,A,2026-08-24,TD19,2029-01-01,WSC,110.05
GFI,BAL,2026-08-24,TD22,2026-08-01,LSM,25.06
GFI,M,2026-08-24,TD22,2026-08-01,LSM,21.2
GFI,M,2026-08-24,TD22,2026-09-01,LSM,25.0
GFI,M,2026-08-24,TD22,2026-10-01,LSM,24.0
GFI,M,2026-08-24,TD22,2026-11-01,LSM,22.5
GFI,M,2026-08-24,TD22,2026-12-01,LSM,22.5
GFI,M,2026-08-24,TD22,2027-01-01,LSM,22.25
GFI,M,2026-08-24,TD22,2027-02-01,LSM,22.0
GFI,M,2026-08-24,TD22,2027-03-01,LSM,21.75
GFI,Q,2026-08-24,TD22,2026-10-01,LSM,23.0
GFI,Q,2026-08-24,TD22,2027-01-01,LSM,22.0
GFI,Q,2026-08-24,TD22,2027-04-01,LSM,20.0
GFI,Q,2026-08-24,TD22,2027-07-01,LSM,15.0
GFI,Q,2026-08-24,TD22,2027-10-01,LSM,16.0
GFI,Q,2026-08-24,TD22,2028-01-01,LSM,15.0
GFI,Q,2026-08-24,TD22,2028-04-01,LSM,13.0
GFI,A,2026-08-24,TD22,2027-01-01,LSM,18.25
GFI,A,2026-08-24,TD22,2028-01-01,LSM,13.0
GFI,A,2026-08-24,TD22,2029-01-01,LSM,12.5
GFI,BAL,2026-08-24,TD25E,2026-08-01,WSC,312.04
GFI,M,2026-08-24,TD25E,2026-08-01,WSC,322.46
GFI,M,2026-08-24,TD25E,2026-09-01,WSC,322.46
GFI,M,2026-08-24,TD25E,2026-10-01,WSC,322.46
GFI,M,2026-08-24,TD25E,2026-11-01,WSC,300.46
GFI,M,2026-08-24,TD25E,2026-12-01,WSC,290.46
GFI,M,2026-08-24,TD25E,2027-01-01,WSC,246.93
GFI,M,2026-08-24,TD25E,2027-02-01,WSC,246.93
GFI,M,2026-08-24,TD25E,2027-03-01,WSC,246.93
GFI,Q,2026-08-24,TD25E,2026-10-01,WSC,304.46
GFI,Q,2026-08-24,TD25E,2027-01-01,WSC,246.93
GFI,Q,2026-08-24,TD25E,2027-04-01,WSC,200.52
GFI,Q,2026-08-24,TD25E,2027-07-01,WSC,192.19
GFI,Q,2026-08-24,TD25E,2027-10-01,WSC,195.76
GFI,Q,2026-08-24,TD25E,2028-01-01,WSC,175.54
GFI,Q,2026-08-24,TD25E,2028-04-01,WSC,166.02
GFI,A,2026-08-24,TD25E,2027-01-01,WSC,208.85
GFI,A,2026-08-24,TD25E,2028-01-01,WSC,166.02
GFI,A,2026-08-24,TD25E,2029-01-01,WSC,146.98
GFI,BAL,2026-08-24,TD25,2026-08-01,WSC,326.58
GFI,M,2026-08-24,TD25,2026-08-01,WSC,337.0
GFI,M,2026-08-24,TD25,2026-09-01,WSC,337.0
GFI,M,2026-08-24,TD25,2026-10-01,WSC,337.0
GFI,M,2026-08-24,TD25,2026-11-01,WSC,315.0
GFI,M,2026-08-24,TD25,2026-12-01,WSC,305.0
GFI,M,2026-08-24,TD25,2027-01-01,WSC,268.92
GFI,M,2026-08-24,TD25,2027-02-01,WSC,264.16
GFI,M,2026-08-24,TD25,2027-03-01,WSC,252.26
GFI,Q,2026-08-24,TD25,2026-10-01,WSC,319.0
GFI,Q,2026-08-24,TD25,2027-01-01,WSC,261.78
GFI,Q,2026-08-24,TD25,2027-04-01,WSC,215.37
GFI,Q,2026-08-24,TD25,2027-07-01,WSC,207.04
GFI,Q,2026-08-24,TD25,2027-10-01,WSC,210.61
GFI,Q,2026-08-24,TD25,2028-01-01,WSC,190.39
GFI,Q,2026-08-24,TD25,2028-04-01,WSC,180.87
GFI,A,2026-08-24,TD25,2027-01-01,WSC,223.7
GFI,A,2026-08-24,TD25,2028-01-01,WSC,180.87
GFI,A,2026-08-24,TD25,2029-01-01,WSC,161.83
GFI,BAL,2026-08-24,TD7,2026-08-01,WSC,200.5
GFI,M,2026-08-24,TD7,2026-08-01,WSC,205.0
GFI,M,2026-08-24,TD7,2026-09-01,WSC,200.0
GFI,M,2026-08-24,TD7,2026-10-01,WSC,195.0
GFI,M,2026-08-24,TD7,2026-11-01,WSC,185.0
GFI,M,2026-08-24,TD7,2026-12-01,WSC,175.0
GFI,M,2026-08-24,TD7,2027-01-01,WSC,156.96
GFI,M,2026-08-24,TD7,2027-02-01,WSC,156.96
GFI,M,2026-08-24,TD7,2027-03-01,WSC,156.96
GFI,Q,2026-08-24,TD7,2026-10-01,WSC,185.0
GFI,Q,2026-08-24,TD7,2027-01-01,WSC,156.96
GFI,Q,2026-08-24,TD7,2027-04-01,WSC,145.11
GFI,Q,2026-08-24,TD7,2027-07-01,WSC,139.19
GFI,Q,2026-08-24,TD7,2027-10-01,WSC,151.04
GFI,Q,2026-08-24,TD7,2028-01-01,WSC,148.08
GFI,Q,2026-08-24,TD7,2028-04-01,WSC,128.33
GFI,A,2026-08-24,TD7,2027-01-01,WSC,148.08
GFI,A,2026-08-24,TD7,2028-01-01,WSC,128.33
GFI,A,2026-08-24,TD7,2029-01-01,WSC,125.98
GFI,BAL,2026-08-24,TD28,2026-08-01,LSM,2.28
GFI,M,2026-08-24,TD28,2026-08-01,LSM,2.95
GFI,M,2026-08-24,TD28,2026-09-01,LSM,2.8
GFI,M,2026-08-24,TD28,2026-10-01,LSM,3.0
GFI,M,2026-08-24,TD28,2026-11-01,LSM,3.3
GFI,M,2026-08-24,TD28,2026-12-01,LSM,3.6
GFI,M,2026-08-24,TD28,2027-01-01,LSM,2.6
GFI,M,2026-08-24,TD28,2027-02-01,LSM,2.6
GFI,M,2026-08-24,TD28,2027-03-01,LSM,2.6
GFI,Q,2026-08-24,TD28,2026-10-01,LSM,3.3
GFI,Q,2026-08-24,TD28,2027-01-01,LSM,2.6
GFI,Q,2026-08-24,TD28,2027-04-01,LSM,2.3
GFI,Q,2026-08-24,TD28,2027-07-01,LSM,2.2
GFI,Q,2026-08-24,TD28,2027-10-01,LSM,2.5
GFI,Q,2026-08-24,TD28,2028-01-01,LSM,2.7
GFI,Q,2026-08-24,TD28,2028-04-01,LSM,2.3
GFI,A,2026-08-24,TD28,2027-01-01,LSM,2.4
GFI,A,2026-08-24,TD28,2028-01-01,LSM,2.3
GFI,A,2026-08-24,TD28,2029-01-01,LSM,2.2
GFI,BAL,2026-08-24,TD3C,2026-08-01,PMT,124.22
GFI,M,2026-08-24,TD3C,2026-08-01,PMT,105.6
GFI,M,2026-08-24,TD3C,2026-09-01,PMT,136.42
GFI,M,2026-08-24,TD3C,2026-10-01,PMT,127.32
GFI,M,2026-08-24,TD3C,2026-11-01,PMT,115.2
GFI,M,2026-08-24,TD3C,2026-12-01,PMT,111.16
GFI,M,2026-08-24,TD3C,2027-01-01,PMT,98.5
GFI,M,2026-08-24,TD3C,2027-02-01,PMT,95.0
GFI,M,2026-08-24,TD3C,2027-03-01,PMT,91.5
GFI,Q,2026-08-24,TD3C,2026-10-01,PMT,117.89
GFI,Q,2026-08-24,TD3C,2027-01-01,PMT,95.0
GFI,Q,2026-08-24,TD3C,2027-04-01,PMT,82.0
GFI,Q,2026-08-24,TD3C,2027-07-01,PMT,53.5
GFI,Q,2026-08-24,TD3C,2027-10-01,PMT,47.5
GFI,Q,2026-08-24,TD3C,2028-01-01,PMT,28.0
GFI,Q,2026-08-24,TD3C,2028-04-01,PMT,26.0
GFI,A,2026-08-24,TD3C,2027-01-01,PMT,69.5
GFI,A,2026-08-24,TD3C,2028-01-01,PMT,26.0
GFI,A,2026-08-24,TD3C,2029-01-01,PMT,19.5
GFI,BAL,2026-08-24,TD20,2026-08-01,PMT,55.94
GFI,M,2026-08-24,TD20,2026-08-01,PMT,45.98
GFI,M,2026-08-24,TD20,2026-09-01,PMT,47.84
GFI,M,2026-08-24,TD20,2026-10-01,PMT,43.77
GFI,M,2026-08-24,TD20,2026-11-01,PMT,40.22
GFI,M,2026-08-24,TD20,2026-12-01,PMT,38.28
GFI,M,2026-08-24,TD20,2027-01-01,PMT,37.5
GFI,M,2026-08-24,TD20,2027-02-01,PMT,34.0
GFI,M,2026-08-24,TD20,2027-03-01,PMT,30.5
GFI,Q,2026-08-24,TD20,2026-10-01,PMT,40.76
GFI,Q,2026-08-24,TD20,2027-01-01,PMT,34.0
GFI,Q,2026-08-24,TD20,2027-04-01,PMT,29.25
GFI,Q,2026-08-24,TD20,2027-07-01,PMT,25.0
GFI,Q,2026-08-24,TD20,2027-10-01,PMT,25.75
GFI,Q,2026-08-24,TD20,2028-01-01,PMT,22.0
GFI,Q,2026-08-24,TD20,2028-04-01,PMT,20.0
GFI,A,2026-08-24,TD20,2027-01-01,PMT,28.5
GFI,A,2026-08-24,TD20,2028-01-01,PMT,20.0
GFI,A,2026-08-24,TD20,2029-01-01,PMT,17.75
GFI,BAL,2026-08-24,TD8,2026-08-01,PMT,85.23
GFI,M,2026-08-24,TD8,2026-08-01,PMT,55.96
GFI,M,2026-08-24,TD8,2026-09-01,PMT,48.96
GFI,M,2026-08-24,TD8,2026-10-01,PMT,39.17
GFI,M,2026-08-24,TD8,2026-11-01,PMT,36.37
GFI,M,2026-08-24,TD8,2026-12-01,PMT,33.58
GFI,M,2026-08-24,TD8,2027-01-01,PMT,23.5
GFI,M,2026-08-24,TD8,2027-02-01,PMT,22.5
GFI,M,2026-08-24,TD8,2027-03-01,PMT,21.5
GFI,Q,2026-08-24,TD8,2026-10-01,PMT,36.37
GFI,Q,2026-08-24,TD8,2027-01-01,PMT,22.5
GFI,Q,2026-08-24,TD8,2027-04-01,PMT,20.5
GFI,Q,2026-08-24,TD8,2027-07-01,PMT,19.1
GFI,Q,2026-08-24,TD8,2027-10-01,PMT,21.2
GFI,Q,2026-08-24,TD8,2028-01-01,PMT,22.25
GFI,Q,2026-08-24,TD8,2028-04-01,PMT,20.25
GFI,A,2026-08-24,TD8,2027-01-01,PMT,20.82
GFI,A,2026-08-24,TD8,2028-01-01,PMT,20.25
GFI,A,2026-08-24,TD8,2029-01-01,PMT,19.7
GFI,BAL,2026-08-24,TD19,2026-08-01,PMT,25.6
GFI,M,2026-08-24,TD19,2026-08-01,PMT,27.69
GFI,M,2026-08-24,TD19,2026-09-01,PMT,24.08
GFI,M,2026-08-24,TD19,2026-10-01,PMT,19.87
GFI,M,2026-08-24,TD19,2026-11-01,PMT,18.42
GFI,M,2026-08-24,TD19,2026-12-01,PMT,18.06
GFI,M,2026-08-24,TD19,2027-01-01,PMT,15.75
GFI,M,2026-08-24,TD19,2027-02-01,PMT,14.75
GFI,M,2026-08-24,TD19,2027-03-01,PMT,13.75
GFI,Q,2026-08-24,TD19,2026-10-01,PMT,18.78
GFI,Q,2026-08-24,TD19,2027-01-01,PMT,14.75
GFI,Q,2026-08-24,TD19,2027-04-01,PMT,13.25
GFI,Q,2026-08-24,TD19,2027-07-01,PMT,13.0
GFI,Q,2026-08-24,TD19,2027-10-01,PMT,15.0
GFI,Q,2026-08-24,TD19,2028-01-01,PMT,15.55
GFI,Q,2026-08-24,TD19,2028-04-01,PMT,13.55
GFI,A,2026-08-24,TD19,2027-01-01,PMT,14.0
GFI,A,2026-08-24,TD19,2028-01-01,PMT,13.55
GFI,A,2026-08-24,TD19,2029-01-01,PMT,13.25
GFI,BAL,2026-08-24,TD22,2026-08-01,PMT,92.8
GFI,M,2026-08-24,TD22,2026-08-01,PMT,78.52
GFI,M,2026-08-24,TD22,2026-09-01,PMT,92.59
GFI,M,2026-08-24,TD22,2026-10-01,PMT,88.89
GFI,M,2026-08-24,TD22,2026-11-01,PMT,83.33
GFI,M,2026-08-24,TD22,2026-12-01,PMT,83.33
GFI,M,2026-08-24,TD22,2027-01-01,PMT,82.41
GFI,M,2026-08-24,TD22,2027-02-01,PMT,81.48
GFI,M,2026-08-24,TD22,2027-03-01,PMT,80.56
GFI,Q,2026-08-24,TD22,2026-10-01,PMT,85.19
GFI,Q,2026-08-24,TD22,2027-01-01,PMT,81.48
GFI,Q,2026-08-24,TD22,2027-04-01,PMT,74.07
GFI,Q,2026-08-24,TD22,2027-07-01,PMT,55.56
GFI,Q,2026-08-24,TD22,2027-10-01,PMT,59.26
GFI,Q,2026-08-24,TD22,2028-01-01,PMT,55.56
GFI,Q,2026-08-24,TD22,2028-04-01,PMT,48.15
GFI,A,2026-08-24,TD22,2027-01-01,PMT,67.59
GFI,A,2026-08-24,TD22,2028-01-01,PMT,48.15
GFI,A,2026-08-24,TD22,2029-01-01,PMT,46.3
GFI,BAL,2026-08-24,TD25E,2026-08-01,PMT,65.56
GFI,M,2026-08-24,TD25E,2026-08-01,PMT,67.75
GFI,M,2026-08-24,TD25E,2026-09-01,PMT,67.75
GFI,M,2026-08-24,TD25E,2026-10-01,PMT,67.75
GFI,M,2026-08-24,TD25E,2026-11-01,PMT,63.13
GFI,M,2026-08-24,TD25E,2026-12-01,PMT,61.03
GFI,M,2026-08-24,TD25E,2027-01-01,PMT,51.88
GFI,M,2026-08-24,TD25E,2027-02-01,PMT,51.88
GFI,M,2026-08-24,TD25E,2027-03-01,PMT,51.88
GFI,Q,2026-08-24,TD25E,2026-10-01,PMT,63.97
GFI,Q,2026-08-24,TD25E,2027-01-01,PMT,51.88
GFI,Q,2026-08-24,TD25E,2027-04-01,PMT,42.13
GFI,Q,2026-08-24,TD25E,2027-07-01,PMT,40.38
GFI,Q,2026-08-24,TD25E,2027-10-01,PMT,41.13
GFI,Q,2026-08-24,TD25E,2028-01-01,PMT,36.88
GFI,Q,2026-08-24,TD25E,2028-04-01,PMT,34.88
GFI,A,2026-08-24,TD25E,2027-01-01,PMT,43.88
GFI,A,2026-08-24,TD25E,2028-01-01,PMT,34.88
GFI,A,2026-08-24,TD25E,2029-01-01,PMT,30.88
GFI,BAL,2026-08-24,TD25,2026-08-01,PMT,68.62
GFI,M,2026-08-24,TD25,2026-08-01,PMT,70.8
GFI,M,2026-08-24,TD25,2026-09-01,PMT,70.8
GFI,M,2026-08-24,TD25,2026-10-01,PMT,70.8
GFI,M,2026-08-24,TD25,2026-11-01,PMT,66.18
GFI,M,2026-08-24,TD25,2026-12-01,PMT,64.08
GFI,M,2026-08-24,TD25,2027-01-01,PMT,56.5
GFI,M,2026-08-24,TD25,2027-02-01,PMT,55.5
GFI,M,2026-08-24,TD25,2027-03-01,PMT,53.0
GFI,Q,2026-08-24,TD25,2026-10-01,PMT,67.02
GFI,Q,2026-08-24,TD25,2027-01-01,PMT,55.0
GFI,Q,2026-08-24,TD25,2027-04-01,PMT,45.25
GFI,Q,2026-08-24,TD25,2027-07-01,PMT,43.5
GFI,Q,2026-08-24,TD25,2027-10-01,PMT,44.25
GFI,Q,2026-08-24,TD25,2028-01-01,PMT,40.0
GFI,Q,2026-08-24,TD25,2028-04-01,PMT,38.0
GFI,A,2026-08-24,TD25,2027-01-01,PMT,47.0
GFI,A,2026-08-24,TD25,2028-01-01,PMT,38.0
GFI,A,2026-08-24,TD25,2029-01-01,PMT,34.0
GFI,BAL,2026-08-24,TD7,2026-08-01,PMT,21.31
GFI,M,2026-08-24,TD7,2026-08-01,PMT,21.79
GFI,M,2026-08-24,TD7,2026-09-01,PMT,21.26
GFI,M,2026-08-24,TD7,2026-10-01,PMT,20.73
GFI,M,2026-08-24,TD7,2026-11-01,PMT,19.67
GFI,M,2026-08-24,TD7,2026-12-01,PMT,18.6
GFI,M,2026-08-24,TD7,2027-01-01,PMT,16.68
GFI,M,2026-08-24,TD7,2027-02-01,PMT,16.68
GFI,M,2026-08-24,TD7,2027-03-01,PMT,16.68
GFI,Q,2026-08-24,TD7,2026-10-01,PMT,19.67
GFI,Q,2026-08-24,TD7,2027-01-01,PMT,16.68
GFI,Q,2026-08-24,TD7,2027-04-01,PMT,15.43
GFI,Q,2026-08-24,TD7,2027-07-01,PMT,14.8
GFI,Q,2026-08-24,TD7,2027-10-01,PMT,16.06
GFI,Q,2026-08-24,TD7,2028-01-01,PMT,15.74
GFI,Q,2026-08-24,TD7,2028-04-01,PMT,13.64
GFI,A,2026-08-24,TD7,2027-01-01,PMT,15.74
GFI,A,2026-08-24,TD7,2028-01-01,PMT,13.64
GFI,A,2026-08-24,TD7,2029-01-01,PMT,13.39
GFI,BAL,2026-08-24,TD28,2026-08-01,PMT,28.44
GFI,M,2026-08-24,TD28,2026-08-01,PMT,36.88
GFI,M,2026-08-24,TD28,2026-09-01,PMT,35.0
GFI,M,2026-08-24,TD28,2026-10-01,PMT,37.5
GFI,M,2026-08-24,TD28,2026-11-01,PMT,41.25
GFI,M,2026-08-24,TD28,2026-12-01,PMT,45.0
GFI,M,2026-08-24,TD28,2027-01-01,PMT,32.5
GFI,M,2026-08-24,TD28,2027-02-01,PMT,32.5
GFI,M,2026-08-24,TD28,2027-03-01,PMT,32.5
GFI,Q,2026-08-24,TD28,2026-10-01,PMT,41.25
GFI,Q,2026-08-24,TD28,2027-01-01,PMT,32.5
GFI,Q,2026-08-24,TD28,2027-04-01,PMT,28.75
GFI,Q,2026-08-24,TD28,2027-07-01,PMT,27.5
GFI,Q,2026-08-24,TD28,2027-10-01,PMT,31.25
GFI,Q,2026-08-24,TD28,2028-01-01,PMT,33.75
GFI,Q,2026-08-24,TD28,2028-04-01,PMT,28.75
GFI,A,2026-08-24,TD28,2027-01-01,PMT,30.0
GFI,A,2026-08-24,TD28,2028-01-01,PMT,28.75
GFI,A,2026-08-24,TD28,2029-01-01,PMT,27.5
GFI,WSFR,2026-08-24,TD3C,2026-08-01,WSFR,20.21
GFI,WSFR,2026-08-24,TD20,2026-08-01,WSFR,17.72
GFI,WSFR,2026-08-24,TD8,2026-08-01,WSFR,13.99
GFI,WSFR,2026-08-24,TD19,2026-08-01,WSFR,12.04
GFI,WSFR,2026-08-24,TD25E,2026-08-01,WSFR,21.01
GFI,WSFR,2026-08-24,TD25,2026-08-01,WSFR,21.01
GFI,WSFR,2026-08-24,TD7,2026-08-01,WSFR,10.63
GFI,BITR,2026-08-24,TD3C,2026-08-01,WSC,605.56
GFI,BITR,2026-08-24,TD7,2026-08-01,WSC,205.42
GFI,BITR,2026-08-24,TD8,2026-08-01,WSC,347.92
GFI,BITR,2026-08-24,TD19,2026-08-01,WSC,262.5
GFI,BITR,2026-08-24,TD20,2026-08-01,WSC,305.28
GFI,BITR,2026-08-24,TD22,2026-08-01,LSM,24.36
GFI,BITR,2026-08-24,TD25,2026-08-01,WSC,309.44
GFI,BAL,2026-08-25,TD3C,2026-08-01,WSC,616.37
GFI,M,2026-08-25,TD3C,2026-08-01,WSC,522.5
GFI,M,2026-08-25,TD3C,2026-09-01,WSC,660.0
GFI,M,2026-08-25,TD3C,2026-10-01,WSC,620.0
GFI,M,2026-08-25,TD3C,2026-11-01,WSC,575.0
GFI,M,2026-08-25,TD3C,2026-12-01,WSC,560.0
GFI,M,2026-08-25,TD3C,2027-01-01,WSC,497.28
GFI,M,2026-08-25,TD3C,2027-02-01,WSC,479.96
GFI,M,2026-08-25,TD3C,2027-03-01,WSC,462.64
GFI,Q,2026-08-25,TD3C,2026-10-01,WSC,585.0
GFI,Q,2026-08-25,TD3C,2027-01-01,WSC,479.96
GFI,Q,2026-08-25,TD3C,2027-04-01,WSC,415.64
GFI,Q,2026-08-25,TD3C,2027-07-01,WSC,301.83
GFI,Q,2026-08-25,TD3C,2027-10-01,WSC,277.09
GFI,Q,2026-08-25,TD3C,2028-01-01,WSC,153.39
GFI,Q,2026-08-25,TD3C,2028-04-01,WSC,143.49
GFI,A,2026-08-25,TD3C,2027-01-01,WSC,368.63
GFI,A,2026-08-25,TD3C,2028-01-01,WSC,143.49
GFI,A,2026-08-25,TD3C,2029-01-01,WSC,96.49
GFI,BAL,2026-08-25,TD20,2026-08-01,WSC,279.41
GFI,M,2026-08-25,TD20,2026-08-01,WSC,252.0
GFI,M,2026-08-25,TD20,2026-09-01,WSC,250.0
GFI,M,2026-08-25,TD20,2026-10-01,WSC,235.0
GFI,M,2026-08-25,TD20,2026-11-01,WSC,217.5
GFI,M,2026-08-25,TD20,2026-12-01,WSC,207.5
GFI,M,2026-08-25,TD20,2027-01-01,WSC,197.52
GFI,M,2026-08-25,TD20,2027-02-01,WSC,177.77
GFI,M,2026-08-25,TD20,2027-03-01,WSC,158.01
GFI,Q,2026-08-25,TD20,2026-10-01,WSC,220.0
GFI,Q,2026-08-25,TD20,2027-01-01,WSC,177.77
GFI,Q,2026-08-25,TD20,2027-04-01,WSC,146.73
GFI,Q,2026-08-25,TD20,2027-07-01,WSC,129.8
GFI,Q,2026-08-25,TD20,2027-10-01,WSC,132.62
GFI,Q,2026-08-25,TD20,2028-01-01,WSC,118.51
GFI,Q,2026-08-25,TD20,2028-04-01,WSC,107.22
GFI,A,2026-08-25,TD20,2027-01-01,WSC,146.73
GFI,A,2026-08-25,TD20,2028-01-01,WSC,107.22
GFI,A,2026-08-25,TD20,2029-01-01,WSC,98.76
GFI,BAL,2026-08-25,TD8,2026-08-01,WSC,785.28
GFI,M,2026-08-25,TD8,2026-08-01,WSC,400.0
GFI,M,2026-08-25,TD8,2026-09-01,WSC,350.0
GFI,M,2026-08-25,TD8,2026-10-01,WSC,280.0
GFI,M,2026-08-25,TD8,2026-11-01,WSC,260.0
GFI,M,2026-08-25,TD8,2026-12-01,WSC,240.0
GFI,M,2026-08-25,TD8,2027-01-01,WSC,167.98
GFI,M,2026-08-25,TD8,2027-02-01,WSC,160.83
GFI,M,2026-08-25,TD8,2027-03-01,WSC,153.68
GFI,Q,2026-08-25,TD8,2026-10-01,WSC,260.0
GFI,Q,2026-08-25,TD8,2027-01-01,WSC,160.83
GFI,Q,2026-08-25,TD8,2027-04-01,WSC,146.53
GFI,Q,2026-08-25,TD8,2027-07-01,WSC,136.53
GFI,Q,2026-08-25,TD8,2027-10-01,WSC,151.54
GFI,Q,2026-08-25,TD8,2028-01-01,WSC,159.04
GFI,Q,2026-08-25,TD8,2028-04-01,WSC,144.75
GFI,A,2026-08-25,TD8,2027-01-01,WSC,148.86
GFI,A,2026-08-25,TD8,2028-01-01,WSC,144.75
GFI,A,2026-08-25,TD8,2029-01-01,WSC,140.81
GFI,BAL,2026-08-25,TD19,2026-08-01,WSC,193.88
GFI,M,2026-08-25,TD19,2026-08-01,WSC,230.0
GFI,M,2026-08-25,TD19,2026-09-01,WSC,200.0
GFI,M,2026-08-25,TD19,2026-10-01,WSC,165.0
GFI,M,2026-08-25,TD19,2026-11-01,WSC,153.0
GFI,M,2026-08-25,TD19,2026-12-01,WSC,150.0
GFI,M,2026-08-25,TD19,2027-01-01,WSC,130.81
GFI,M,2026-08-25,TD19,2027-02-01,WSC,122.51
GFI,M,2026-08-25,TD19,2027-03-01,WSC,114.2
GFI,Q,2026-08-25,TD19,2026-10-01,WSC,156.0
GFI,Q,2026-08-25,TD19,2027-01-01,WSC,122.51
GFI,Q,2026-08-25,TD19,2027-04-01,WSC,110.05
GFI,Q,2026-08-25,TD19,2027-07-01,WSC,107.97
GFI,Q,2026-08-25,TD19,2027-10-01,WSC,124.58
GFI,Q,2026-08-25,TD19,2028-01-01,WSC,129.15
GFI,Q,2026-08-25,TD19,2028-04-01,WSC,112.54
GFI,A,2026-08-25,TD19,2027-01-01,WSC,116.28
GFI,A,2026-08-25,TD19,2028-01-01,WSC,112.54
GFI,A,2026-08-25,TD19,2029-01-01,WSC,110.05
GFI,BAL,2026-08-25,TD22,2026-08-01,LSM,25.08
GFI,M,2026-08-25,TD22,2026-08-01,LSM,21.2
GFI,M,2026-08-25,TD22,2026-09-01,LSM,25.5
GFI,M,2026-08-25,TD22,2026-10-01,LSM,24.5
GFI,M,2026-08-25,TD22,2026-11-01,LSM,22.75
GFI,M,2026-08-25,TD22,2026-12-01,LSM,22.5
GFI,M,2026-08-25,TD22,2027-01-01,LSM,22.25
GFI,M,2026-08-25,TD22,2027-02-01,LSM,22.0
GFI,M,2026-08-25,TD22,2027-03-01,LSM,21.75
GFI,Q,2026-08-25,TD22,2026-10-01,LSM,23.25
GFI,Q,2026-08-25,TD22,2027-01-01,LSM,22.0
GFI,Q,2026-08-25,TD22,2027-04-01,LSM,20.0
GFI,Q,2026-08-25,TD22,2027-07-01,LSM,15.0
GFI,Q,2026-08-25,TD22,2027-10-01,LSM,16.0
GFI,Q,2026-08-25,TD22,2028-01-01,LSM,15.0
GFI,Q,2026-08-25,TD22,2028-04-01,LSM,13.0
GFI,A,2026-08-25,TD22,2027-01-01,LSM,18.25
GFI,A,2026-08-25,TD22,2028-01-01,LSM,13.0
GFI,A,2026-08-25,TD22,2029-01-01,LSM,12.5
GFI,BAL,2026-08-25,TD25E,2026-08-01,WSC,240.46
GFI,M,2026-08-25,TD25E,2026-08-01,WSC,302.96
GFI,M,2026-08-25,TD25E,2026-09-01,WSC,281.46
GFI,M,2026-08-25,TD25E,2026-10-01,WSC,291.46
GFI,M,2026-08-25,TD25E,2026-11-01,WSC,283.46
GFI,M,2026-08-25,TD25E,2026-12-01,WSC,293.46
GFI,M,2026-08-25,TD25E,2027-01-01,WSC,232.65
GFI,M,2026-08-25,TD25E,2027-02-01,WSC,232.65
GFI,M,2026-08-25,TD25E,2027-03-01,WSC,232.65
GFI,Q,2026-08-25,TD25E,2026-10-01,WSC,289.46
GFI,Q,2026-08-25,TD25E,2027-01-01,WSC,232.65
GFI,Q,2026-08-25,TD25E,2027-04-01,WSC,189.81
GFI,Q,2026-08-25,TD25E,2027-07-01,WSC,170.78
GFI,Q,2026-08-25,TD25E,2027-10-01,WSC,185.05
GFI,Q,2026-08-25,TD25E,2028-01-01,WSC,163.64
GFI,Q,2026-08-25,TD25E,2028-04-01,WSC,154.12
GFI,A,2026-08-25,TD25E,2027-01-01,WSC,194.57
GFI,A,2026-08-25,TD25E,2028-01-01,WSC,154.12
GFI,A,2026-08-25,TD25E,2029-01-01,WSC,139.84
GFI,BAL,2026-08-25,TD25,2026-08-01,WSC,255.0
GFI,M,2026-08-25,TD25,2026-08-01,WSC,317.5
GFI,M,2026-08-25,TD25,2026-09-01,WSC,296.0
GFI,M,2026-08-25,TD25,2026-10-01,WSC,306.0
GFI,M,2026-08-25,TD25,2026-11-01,WSC,298.0
GFI,M,2026-08-25,TD25,2026-12-01,WSC,308.0
GFI,M,2026-08-25,TD25,2027-01-01,WSC,254.64
GFI,M,2026-08-25,TD25,2027-02-01,WSC,249.88
GFI,M,2026-08-25,TD25,2027-03-01,WSC,237.98
GFI,Q,2026-08-25,TD25,2026-10-01,WSC,304.0
GFI,Q,2026-08-25,TD25,2027-01-01,WSC,247.5
GFI,Q,2026-08-25,TD25,2027-04-01,WSC,204.66
GFI,Q,2026-08-25,TD25,2027-07-01,WSC,185.63
GFI,Q,2026-08-25,TD25,2027-10-01,WSC,199.9
GFI,Q,2026-08-25,TD25,2028-01-01,WSC,178.49
GFI,Q,2026-08-25,TD25,2028-04-01,WSC,168.97
GFI,A,2026-08-25,TD25,2027-01-01,WSC,209.42
GFI,A,2026-08-25,TD25,2028-01-01,WSC,168.97
GFI,A,2026-08-25,TD25,2029-01-01,WSC,154.69
GFI,BAL,2026-08-25,TD7,2026-08-01,WSC,213.38
GFI,M,2026-08-25,TD7,2026-08-01,WSC,207.5
GFI,M,2026-08-25,TD7,2026-09-01,WSC,195.0
GFI,M,2026-08-25,TD7,2026-10-01,WSC,192.5
GFI,M,2026-08-25,TD7,2026-11-01,WSC,182.5
GFI,M,2026-08-25,TD7,2026-12-01,WSC,172.5
GFI,M,2026-08-25,TD7,2027-01-01,WSC,155.97
GFI,M,2026-08-25,TD7,2027-02-01,WSC,155.97
GFI,M,2026-08-25,TD7,2027-03-01,WSC,155.97
GFI,Q,2026-08-25,TD7,2026-10-01,WSC,182.5
GFI,Q,2026-08-25,TD7,2027-01-01,WSC,155.97
GFI,Q,2026-08-25,TD7,2027-04-01,WSC,144.13
GFI,Q,2026-08-25,TD7,2027-07-01,WSC,138.2
GFI,Q,2026-08-25,TD7,2027-10-01,WSC,150.05
GFI,Q,2026-08-25,TD7,2028-01-01,WSC,148.08
GFI,Q,2026-08-25,TD7,2028-04-01,WSC,128.33
GFI,A,2026-08-25,TD7,2027-01-01,WSC,147.09
GFI,A,2026-08-25,TD7,2028-01-01,WSC,128.33
GFI,A,2026-08-25,TD7,2029-01-01,WSC,125.98
GFI,BAL,2026-08-25,TD28,2026-08-01,LSM,1.99
GFI,M,2026-08-25,TD28,2026-08-01,LSM,2.95
GFI,M,2026-08-25,TD28,2026-09-01,LSM,2.8
GFI,M,2026-08-25,TD28,2026-10-01,LSM,3.0
GFI,M,2026-08-25,TD28,2026-11-01,LSM,3.3
GFI,M,2026-08-25,TD28,2026-12-01,LSM,3.6
GFI,M,2026-08-25,TD28,2027-01-01,LSM,2.6
GFI,M,2026-08-25,TD28,2027-02-01,LSM,2.6
GFI,M,2026-08-25,TD28,2027-03-01,LSM,2.6
GFI,Q,2026-08-25,TD28,2026-10-01,LSM,3.3
GFI,Q,2026-08-25,TD28,2027-01-01,LSM,2.6
GFI,Q,2026-08-25,TD28,2027-04-01,LSM,2.3
GFI,Q,2026-08-25,TD28,2027-07-01,LSM,2.2
GFI,Q,2026-08-25,TD28,2027-10-01,LSM,2.5
GFI,Q,2026-08-25,TD28,2028-01-01,LSM,2.7
GFI,Q,2026-08-25,TD28,2028-04-01,LSM,2.3
GFI,A,2026-08-25,TD28,2027-01-01,LSM,2.4
GFI,A,2026-08-25,TD28,2028-01-01,LSM,2.3
GFI,A,2026-08-25,TD28,2029-01-01,LSM,2.2
GFI,BAL,2026-08-25,TD3C,2026-08-01,PMT,124.57
GFI,M,2026-08-25,TD3C,2026-08-01,PMT,105.6
GFI,M,2026-08-25,TD3C,2026-09-01,PMT,133.39
GFI,M,2026-08-25,TD3C,2026-10-01,PMT,125.3
GFI,M,2026-08-25,TD3C,2026-11-01,PMT,116.21
GFI,M,2026-08-25,TD3C,2026-12-01,PMT,113.18
GFI,M,2026-08-25,TD3C,2027-01-01,PMT,100.5
GFI,M,2026-08-25,TD3C,2027-02-01,PMT,97.0
GFI,M,2026-08-25,TD3C,2027-03-01,PMT,93.5
GFI,Q,2026-08-25,TD3C,2026-10-01,PMT,118.23
GFI,Q,2026-08-25,TD3C,2027-01-01,PMT,97.0
GFI,Q,2026-08-25,TD3C,2027-04-01,PMT,84.0
GFI,Q,2026-08-25,TD3C,2027-07-01,PMT,61.0
GFI,Q,2026-08-25,TD3C,2027-10-01,PMT,56.0
GFI,Q,2026-08-25,TD3C,2028-01-01,PMT,31.0
GFI,Q,2026-08-25,TD3C,2028-04-01,PMT,29.0
GFI,A,2026-08-25,TD3C,2027-01-01,PMT,74.5
GFI,A,2026-08-25,TD3C,2028-01-01,PMT,29.0
GFI,A,2026-08-25,TD3C,2029-01-01,PMT,19.5
GFI,BAL,2026-08-25,TD20,2026-08-01,PMT,49.51
GFI,M,2026-08-25,TD20,2026-08-01,PMT,44.65
GFI,M,2026-08-25,TD20,2026-09-01,PMT,44.3
GFI,M,2026-08-25,TD20,2026-10-01,PMT,41.64
GFI,M,2026-08-25,TD20,2026-11-01,PMT,38.54
GFI,M,2026-08-25,TD20,2026-12-01,PMT,36.77
GFI,M,2026-08-25,TD20,2027-01-01,PMT,35.0
GFI,M,2026-08-25,TD20,2027-02-01,PMT,31.5
GFI,M,2026-08-25,TD20,2027-03-01,PMT,28.0
GFI,Q,2026-08-25,TD20,2026-10-01,PMT,38.98
GFI,Q,2026-08-25,TD20,2027-01-01,PMT,31.5
GFI,Q,2026-08-25,TD20,2027-04-01,PMT,26.0
GFI,Q,2026-08-25,TD20,2027-07-01,PMT,23.0
GFI,Q,2026-08-25,TD20,2027-10-01,PMT,23.5
GFI,Q,2026-08-25,TD20,2028-01-01,PMT,21.0
GFI,Q,2026-08-25,TD20,2028-04-01,PMT,19.0
GFI,A,2026-08-25,TD20,2027-01-01,PMT,26.0
GFI,A,2026-08-25,TD20,2028-01-01,PMT,19.0
GFI,A,2026-08-25,TD20,2029-01-01,PMT,17.5
GFI,BAL,2026-08-25,TD8,2026-08-01,PMT,109.86
GFI,M,2026-08-25,TD8,2026-08-01,PMT,55.96
GFI,M,2026-08-25,TD8,2026-09-01,PMT,48.96
GFI,M,2026-08-25,TD8,2026-10-01,PMT,39.17
GFI,M,2026-08-25,TD8,2026-11-01,PMT,36.37
GFI,M,2026-08-25,TD8,2026-12-01,PMT,33.58
GFI,M,2026-08-25,TD8,2027-01-01,PMT,23.5
GFI,M,2026-08-25,TD8,2027-02-01,PMT,22.5
GFI,M,2026-08-25,TD8,2027-03-01,PMT,21.5
GFI,Q,2026-08-25,TD8,2026-10-01,PMT,36.37
GFI,Q,2026-08-25,TD8,2027-01-01,PMT,22.5
GFI,Q,2026-08-25,TD8,2027-04-01,PMT,20.5
GFI,Q,2026-08-25,TD8,2027-07-01,PMT,19.1
GFI,Q,2026-08-25,TD8,2027-10-01,PMT,21.2
GFI,Q,2026-08-25,TD8,2028-01-01,PMT,22.25
GFI,Q,2026-08-25,TD8,2028-04-01,PMT,20.25
GFI,A,2026-08-25,TD8,2027-01-01,PMT,20.82
GFI,A,2026-08-25,TD8,2028-01-01,PMT,20.25
GFI,A,2026-08-25,TD8,2029-01-01,PMT,19.7
GFI,BAL,2026-08-25,TD19,2026-08-01,PMT,23.34
GFI,M,2026-08-25,TD19,2026-08-01,PMT,27.69
GFI,M,2026-08-25,TD19,2026-09-01,PMT,24.08
GFI,M,2026-08-25,TD19,2026-10-01,PMT,19.87
GFI,M,2026-08-25,TD19,2026-11-01,PMT,18.42
GFI,M,2026-08-25,TD19,2026-12-01,PMT,18.06
GFI,M,2026-08-25,TD19,2027-01-01,PMT,15.75
GFI,M,2026-08-25,TD19,2027-02-01,PMT,14.75
GFI,M,2026-08-25,TD19,2027-03-01,PMT,13.75
GFI,Q,2026-08-25,TD19,2026-10-01,PMT,18.78
GFI,Q,2026-08-25,TD19,2027-01-01,PMT,14.75
GFI,Q,2026-08-25,TD19,2027-04-01,PMT,13.25
GFI,Q,2026-08-25,TD19,2027-07-01,PMT,13.0
GFI,Q,2026-08-25,TD19,2027-10-01,PMT,15.0
GFI,Q,2026-08-25,TD19,2028-01-01,PMT,15.55
GFI,Q,2026-08-25,TD19,2028-04-01,PMT,13.55
GFI,A,2026-08-25,TD19,2027-01-01,PMT,14.0
GFI,A,2026-08-25,TD19,2028-01-01,PMT,13.55
GFI,A,2026-08-25,TD19,2029-01-01,PMT,13.25
GFI,BAL,2026-08-25,TD22,2026-08-01,PMT,92.87
GFI,M,2026-08-25,TD22,2026-08-01,PMT,78.52
GFI,M,2026-08-25,TD22,2026-09-01,PMT,94.44
GFI,M,2026-08-25,TD22,2026-10-01,PMT,90.74
GFI,M,2026-08-25,TD22,2026-11-01,PMT,84.26
GFI,M,2026-08-25,TD22,2026-12-01,PMT,83.33
GFI,M,2026-08-25,TD22,2027-01-01,PMT,82.41
GFI,M,2026-08-25,TD22,2027-02-01,PMT,81.48
GFI,M,2026-08-25,TD22,2027-03-01,PMT,80.56
GFI,Q,2026-08-25,TD22,2026-10-01,PMT,86.11
GFI,Q,2026-08-25,TD22,2027-01-01,PMT,81.48
GFI,Q,2026-08-25,TD22,2027-04-01,PMT,74.07
GFI,Q,2026-08-25,TD22,2027-07-01,PMT,55.56
GFI,Q,2026-08-25,TD22,2027-10-01,PMT,59.26
GFI,Q,2026-08-25,TD22,2028-01-01,PMT,55.56
GFI,Q,2026-08-25,TD22,2028-04-01,PMT,48.15
GFI,A,2026-08-25,TD22,2027-01-01,PMT,67.59
GFI,A,2026-08-25,TD22,2028-01-01,PMT,48.15
GFI,A,2026-08-25,TD22,2029-01-01,PMT,46.3
GFI,BAL,2026-08-25,TD25E,2026-08-01,PMT,50.52
GFI,M,2026-08-25,TD25E,2026-08-01,PMT,63.65
GFI,M,2026-08-25,TD25E,2026-09-01,PMT,59.13
GFI,M,2026-08-25,TD25E,2026-10-01,PMT,61.24
GFI,M,2026-08-25,TD25E,2026-11-01,PMT,59.55
GFI,M,2026-08-25,TD25E,2026-12-01,PMT,61.66
GFI,M,2026-08-25,TD25E,2027-01-01,PMT,48.88
GFI,M,2026-08-25,TD25E,2027-02-01,PMT,48.88
GFI,M,2026-08-25,TD25E,2027-03-01,PMT,48.88
GFI,Q,2026-08-25,TD25E,2026-10-01,PMT,60.82
GFI,Q,2026-08-25,TD25E,2027-01-01,PMT,48.88
GFI,Q,2026-08-25,TD25E,2027-04-01,PMT,39.88
GFI,Q,2026-08-25,TD25E,2027-07-01,PMT,35.88
GFI,Q,2026-08-25,TD25E,2027-10-01,PMT,38.88
GFI,Q,2026-08-25,TD25E,2028-01-01,PMT,34.38
GFI,Q,2026-08-25,TD25E,2028-04-01,PMT,32.38
GFI,A,2026-08-25,TD25E,2027-01-01,PMT,40.88
GFI,A,2026-08-25,TD25E,2028-01-01,PMT,32.38
GFI,A,2026-08-25,TD25E,2029-01-01,PMT,29.38
GFI,BAL,2026-08-25,TD25,2026-08-01,PMT,53.58
GFI,M,2026-08-25,TD25,2026-08-01,PMT,66.71
GFI,M,2026-08-25,TD25,2026-09-01,PMT,62.19
GFI,M,2026-08-25,TD25,2026-10-01,PMT,64.29
GFI,M,2026-08-25,TD25,2026-11-01,PMT,62.61
GFI,M,2026-08-25,TD25,2026-12-01,PMT,64.71
GFI,M,2026-08-25,TD25,2027-01-01,PMT,53.5
GFI,M,2026-08-25,TD25,2027-02-01,PMT,52.5
GFI,M,2026-08-25,TD25,2027-03-01,PMT,50.0
GFI,Q,2026-08-25,TD25,2026-10-01,PMT,63.87
GFI,Q,2026-08-25,TD25,2027-01-01,PMT,52.0
GFI,Q,2026-08-25,TD25,2027-04-01,PMT,43.0
GFI,Q,2026-08-25,TD25,2027-07-01,PMT,39.0
GFI,Q,2026-08-25,TD25,2027-10-01,PMT,42.0
GFI,Q,2026-08-25,TD25,2028-01-01,PMT,37.5
GFI,Q,2026-08-25,TD25,2028-04-01,PMT,35.5
GFI,A,2026-08-25,TD25,2027-01-01,PMT,44.0
GFI,A,2026-08-25,TD25,2028-01-01,PMT,35.5
GFI,A,2026-08-25,TD25,2029-01-01,PMT,32.5
GFI,BAL,2026-08-25,TD7,2026-08-01,PMT,22.68
GFI,M,2026-08-25,TD7,2026-08-01,PMT,22.06
GFI,M,2026-08-25,TD7,2026-09-01,PMT,20.73
GFI,M,2026-08-25,TD7,2026-10-01,PMT,20.46
GFI,M,2026-08-25,TD7,2026-11-01,PMT,19.4
GFI,M,2026-08-25,TD7,2026-12-01,PMT,18.34
GFI,M,2026-08-25,TD7,2027-01-01,PMT,16.58
GFI,M,2026-08-25,TD7,2027-02-01,PMT,16.58
GFI,M,2026-08-25,TD7,2027-03-01,PMT,16.58
GFI,Q,2026-08-25,TD7,2026-10-01,PMT,19.4
GFI,Q,2026-08-25,TD7,2027-01-01,PMT,16.58
GFI,Q,2026-08-25,TD7,2027-04-01,PMT,15.32
GFI,Q,2026-08-25,TD7,2027-07-01,PMT,14.69
GFI,Q,2026-08-25,TD7,2027-10-01,PMT,15.95
GFI,Q,2026-08-25,TD7,2028-01-01,PMT,15.74
GFI,Q,2026-08-25,TD7,2028-04-01,PMT,13.64
GFI,A,2026-08-25,TD7,2027-01-01,PMT,15.64
GFI,A,2026-08-25,TD7,2028-01-01,PMT,13.64
GFI,A,2026-08-25,TD7,2029-01-01,PMT,13.39
GFI,BAL,2026-08-25,TD28,2026-08-01,PMT,24.93
GFI,M,2026-08-25,TD28,2026-08-01,PMT,36.88
GFI,M,2026-08-25,TD28,2026-09-01,PMT,35.0
GFI,M,2026-08-25,TD28,2026-10-01,PMT,37.5
GFI,M,2026-08-25,TD28,2026-11-01,PMT,41.25
GFI,M,2026-08-25,TD28,2026-12-01,PMT,45.0
GFI,M,2026-08-25,TD28,2027-01-01,PMT,32.5
GFI,M,2026-08-25,TD28,2027-02-01,PMT,32.5
GFI,M,2026-08-25,TD28,2027-03-01,PMT,32.5
GFI,Q,2026-08-25,TD28,2026-10-01,PMT,41.25
GFI,Q,2026-08-25,TD28,2027-01-01,PMT,32.5
GFI,Q,2026-08-25,TD28,2027-04-01,PMT,28.75
GFI,Q,2026-08-25,TD28,2027-07-01,PMT,27.5
GFI,Q,2026-08-25,TD28,2027-10-01,PMT,31.25
GFI,Q,2026-08-25,TD28,2028-01-01,PMT,33.75
GFI,Q,2026-08-25,TD28,2028-04-01,PMT,28.75
GFI,A,2026-08-25,TD28,2027-01-01,PMT,30.0
GFI,A,2026-08-25,TD28,2028-01-01,PMT,28.75
GFI,A,2026-08-25,TD28,2029-01-01,PMT,27.5
GFI,WSFR,2026-08-25,TD3C,2026-08-01,WSFR,20.21
GFI,WSFR,2026-08-25,TD20,2026-08-01,WSFR,17.72
GFI,WSFR,2026-08-25,TD8,2026-08-01,WSFR,13.99
GFI,WSFR,2026-08-25,TD19,2026-08-01,WSFR,12.04
GFI,WSFR,2026-08-25,TD25E,2026-08-01,WSFR,21.01
GFI,WSFR,2026-08-25,TD25,2026-08-01,WSFR,21.01
GFI,WSFR,2026-08-25,TD7,2026-08-01,WSFR,10.63
GFI,BITR,2026-08-25,TD3C,2026-08-01,WSC,609.44
GFI,BITR,2026-08-25,TD7,2026-08-01,WSC,214.17
GFI,BITR,2026-08-25,TD8,2026-08-01,WSC,358.33
GFI,BITR,2026-08-25,TD19,2026-08-01,WSC,268.72
GFI,BITR,2026-08-25,TD20,2026-08-01,WSC,274.44
GFI,BITR,2026-08-25,TD22,2026-08-01,LSM,25.0
GFI,BITR,2026-08-25,TD25,2026-08-01,WSC,268.33
GFI,BAL,2026-08-26,TD3C,2026-08-01,WSC,599.83
GFI,M,2026-08-26,TD3C,2026-08-01,WSC,521.0
GFI,M,2026-08-26,TD3C,2026-09-01,WSC,590.0
GFI,M,2026-08-26,TD3C,2026-10-01,WSC,540.0
GFI,M,2026-08-26,TD3C,2026-11-01,WSC,520.0
GFI,M,2026-08-26,TD3C,2026-12-01,WSC,500.0
GFI,M,2026-08-26,TD3C,2027-01-01,WSC,390.9
GFI,M,2026-08-26,TD3C,2027-02-01,WSC,373.58
GFI,M,2026-08-26,TD3C,2027-03-01,WSC,356.26
GFI,Q,2026-08-26,TD3C,2026-10-01,WSC,520.0
GFI,Q,2026-08-26,TD3C,2027-01-01,WSC,373.58
GFI,Q,2026-08-26,TD3C,2027-04-01,WSC,316.67
GFI,Q,2026-08-26,TD3C,2027-07-01,WSC,242.45
GFI,Q,2026-08-26,TD3C,2027-10-01,WSC,215.24
GFI,Q,2026-08-26,TD3C,2028-01-01,WSC,144.73
GFI,Q,2026-08-26,TD3C,2028-04-01,WSC,134.83
GFI,A,2026-08-26,TD3C,2027-01-01,WSC,286.99
GFI,A,2026-08-26,TD3C,2028-01-01,WSC,134.83
GFI,A,2026-08-26,TD3C,2029-01-01,WSC,94.01
GFI,BAL,2026-08-26,TD20,2026-08-01,WSC,277.03
GFI,M,2026-08-26,TD20,2026-08-01,WSC,251.0
GFI,M,2026-08-26,TD20,2026-09-01,WSC,230.0
GFI,M,2026-08-26,TD20,2026-10-01,WSC,225.0
GFI,M,2026-08-26,TD20,2026-11-01,WSC,206.5
GFI,M,2026-08-26,TD20,2026-12-01,WSC,197.0
GFI,M,2026-08-26,TD20,2027-01-01,WSC,191.87
GFI,M,2026-08-26,TD20,2027-02-01,WSC,172.12
GFI,M,2026-08-26,TD20,2027-03-01,WSC,152.37
GFI,Q,2026-08-26,TD20,2026-10-01,WSC,209.5
GFI,Q,2026-08-26,TD20,2027-01-01,WSC,172.12
GFI,Q,2026-08-26,TD20,2027-04-01,WSC,143.91
GFI,Q,2026-08-26,TD20,2027-07-01,WSC,124.15
GFI,Q,2026-08-26,TD20,2027-10-01,WSC,129.8
GFI,Q,2026-08-26,TD20,2028-01-01,WSC,114.28
GFI,Q,2026-08-26,TD20,2028-04-01,WSC,102.99
GFI,A,2026-08-26,TD20,2027-01-01,WSC,142.49
GFI,A,2026-08-26,TD20,2028-01-01,WSC,102.99
GFI,A,2026-08-26,TD20,2029-01-01,WSC,93.12
GFI,BAL,2026-08-26,TD8,2026-08-01,WSC,447.99
GFI,M,2026-08-26,TD8,2026-08-01,WSC,345.0
GFI,M,2026-08-26,TD8,2026-09-01,WSC,350.0
GFI,M,2026-08-26,TD8,2026-10-01,WSC,280.0
GFI,M,2026-08-26,TD8,2026-11-01,WSC,260.0
GFI,M,2026-08-26,TD8,2026-12-01,WSC,240.0
GFI,M,2026-08-26,TD8,2027-01-01,WSC,167.98
GFI,M,2026-08-26,TD8,2027-02-01,WSC,160.83
GFI,M,2026-08-26,TD8,2027-03-01,WSC,153.68
GFI,Q,2026-08-26,TD8,2026-10-01,WSC,260.0
GFI,Q,2026-08-26,TD8,2027-01-01,WSC,160.83
GFI,Q,2026-08-26,TD8,2027-04-01,WSC,146.53
GFI,Q,2026-08-26,TD8,2027-07-01,WSC,136.53
GFI,Q,2026-08-26,TD8,2027-10-01,WSC,151.54
GFI,Q,2026-08-26,TD8,2028-01-01,WSC,159.04
GFI,Q,2026-08-26,TD8,2028-04-01,WSC,144.75
GFI,A,2026-08-26,TD8,2027-01-01,WSC,148.86
GFI,A,2026-08-26,TD8,2028-01-01,WSC,144.75
GFI,A,2026-08-26,TD8,2029-01-01,WSC,140.81
GFI,BAL,2026-08-26,TD19,2026-08-01,WSC,155.77
GFI,M,2026-08-26,TD19,2026-08-01,WSC,230.0
GFI,M,2026-08-26,TD19,2026-09-01,WSC,200.0
GFI,M,2026-08-26,TD19,2026-10-01,WSC,165.0
GFI,M,2026-08-26,TD19,2026-11-01,WSC,153.0
GFI,M,2026-08-26,TD19,2026-12-01,WSC,150.0
GFI,M,2026-08-26,TD19,2027-01-01,WSC,130.81
GFI,M,2026-08-26,TD19,2027-02-01,WSC,122.51
GFI,M,2026-08-26,TD19,2027-03-01,WSC,114.2
GFI,Q,2026-08-26,TD19,2026-10-01,WSC,156.0
GFI,Q,2026-08-26,TD19,2027-01-01,WSC,122.51
GFI,Q,2026-08-26,TD19,2027-04-01,WSC,110.05
GFI,Q,2026-08-26,TD19,2027-07-01,WSC,107.97
GFI,Q,2026-08-26,TD19,2027-10-01,WSC,124.58
GFI,Q,2026-08-26,TD19,2028-01-01,WSC,129.15
GFI,Q,2026-08-26,TD19,2028-04-01,WSC,112.54
GFI,A,2026-08-26,TD19,2027-01-01,WSC,116.28
GFI,A,2026-08-26,TD19,2028-01-01,WSC,112.54
GFI,A,2026-08-26,TD19,2029-01-01,WSC,110.05
GFI,BAL,2026-08-26,TD22,2026-08-01,LSM,25.19
GFI,M,2026-08-26,TD22,2026-08-01,LSM,21.2
GFI,M,2026-08-26,TD22,2026-09-01,LSM,25.5
GFI,M,2026-08-26,TD22,2026-10-01,LSM,24.5
GFI,M,2026-08-26,TD22,2026-11-01,LSM,22.75
GFI,M,2026-08-26,TD22,2026-12-01,LSM,22.5
GFI,M,2026-08-26,TD22,2027-01-01,LSM,22.25
GFI,M,2026-08-26,TD22,2027-02-01,LSM,22.0
GFI,M,2026-08-26,TD22,2027-03-01,LSM,21.75
GFI,Q,2026-08-26,TD22,2026-10-01,LSM,23.25
GFI,Q,2026-08-26,TD22,2027-01-01,LSM,22.0
GFI,Q,2026-08-26,TD22,2027-04-01,LSM,20.0
GFI,Q,2026-08-26,TD22,2027-07-01,LSM,15.0
GFI,Q,2026-08-26,TD22,2027-10-01,LSM,16.0
GFI,Q,2026-08-26,TD22,2028-01-01,LSM,15.0
GFI,Q,2026-08-26,TD22,2028-04-01,LSM,13.0
GFI,A,2026-08-26,TD22,2027-01-01,LSM,18.25
GFI,A,2026-08-26,TD22,2028-01-01,LSM,13.0
GFI,A,2026-08-26,TD22,2029-01-01,LSM,12.5
GFI,BAL,2026-08-26,TD25E,2026-08-01,WSC,238.46
GFI,M,2026-08-26,TD25E,2026-08-01,WSC,302.46
GFI,M,2026-08-26,TD25E,2026-09-01,WSC,250.46
GFI,M,2026-08-26,TD25E,2026-10-01,WSC,269.46
GFI,M,2026-08-26,TD25E,2026-11-01,WSC,269.46
GFI,M,2026-08-26,TD25E,2026-12-01,WSC,269.46
GFI,M,2026-08-26,TD25E,2027-01-01,WSC,220.75
GFI,M,2026-08-26,TD25E,2027-02-01,WSC,220.75
GFI,M,2026-08-26,TD25E,2027-03-01,WSC,220.75
GFI,Q,2026-08-26,TD25E,2026-10-01,WSC,269.46
GFI,Q,2026-08-26,TD25E,2027-01-01,WSC,220.75
GFI,Q,2026-08-26,TD25E,2027-04-01,WSC,187.43
GFI,Q,2026-08-26,TD25E,2027-07-01,WSC,166.02
GFI,Q,2026-08-26,TD25E,2027-10-01,WSC,189.81
GFI,Q,2026-08-26,TD25E,2028-01-01,WSC,163.64
GFI,Q,2026-08-26,TD25E,2028-04-01,WSC,154.12
GFI,A,2026-08-26,TD25E,2027-01-01,WSC,191.0
GFI,A,2026-08-26,TD25E,2028-01-01,WSC,154.12
GFI,A,2026-08-26,TD25E,2029-01-01,WSC,139.84
GFI,BAL,2026-08-26,TD25,2026-08-01,WSC,253.0
GFI,M,2026-08-26,TD25,2026-08-01,WSC,317.0
GFI,M,2026-08-26,TD25,2026-09-01,WSC,265.0
GFI,M,2026-08-26,TD25,2026-10-01,WSC,284.0
GFI,M,2026-08-26,TD25,2026-11-01,WSC,284.0
GFI,M,2026-08-26,TD25,2026-12-01,WSC,284.0
GFI,M,2026-08-26,TD25,2027-01-01,WSC,242.74
GFI,M,2026-08-26,TD25,2027-02-01,WSC,237.98
GFI,M,2026-08-26,TD25,2027-03-01,WSC,226.08
GFI,Q,2026-08-26,TD25,2026-10-01,WSC,284.0
GFI,Q,2026-08-26,TD25,2027-01-01,WSC,235.6
GFI,Q,2026-08-26,TD25,2027-04-01,WSC,202.28
GFI,Q,2026-08-26,TD25,2027-07-01,WSC,180.87
GFI,Q,2026-08-26,TD25,2027-10-01,WSC,204.66
GFI,Q,2026-08-26,TD25,2028-01-01,WSC,178.49
GFI,Q,2026-08-26,TD25,2028-04-01,WSC,168.97
GFI,A,2026-08-26,TD25,2027-01-01,WSC,205.85
GFI,A,2026-08-26,TD25,2028-01-01,WSC,168.97
GFI,A,2026-08-26,TD25,2029-01-01,WSC,154.69
GFI,BAL,2026-08-26,TD7,2026-08-01,WSC,215.83
GFI,M,2026-08-26,TD7,2026-08-01,WSC,207.5
GFI,M,2026-08-26,TD7,2026-09-01,WSC,195.0
GFI,M,2026-08-26,TD7,2026-10-01,WSC,192.5
GFI,M,2026-08-26,TD7,2026-11-01,WSC,182.5
GFI,M,2026-08-26,TD7,2026-12-01,WSC,172.5
GFI,M,2026-08-26,TD7,2027-01-01,WSC,155.97
GFI,M,2026-08-26,TD7,2027-02-01,WSC,155.97
GFI,M,2026-08-26,TD7,2027-03-01,WSC,155.97
GFI,Q,2026-08-26,TD7,2026-10-01,WSC,182.5
GFI,Q,2026-08-26,TD7,2027-01-01,WSC,155.97
GFI,Q,2026-08-26,TD7,2027-04-01,WSC,144.13
GFI,Q,2026-08-26,TD7,2027-07-01,WSC,138.2
GFI,Q,2026-08-26,TD7,2027-10-01,WSC,150.05
GFI,Q,2026-08-26,TD7,2028-01-01,WSC,148.08
GFI,Q,2026-08-26,TD7,2028-04-01,WSC,128.33
GFI,A,2026-08-26,TD7,2027-01-01,WSC,147.09
GFI,A,2026-08-26,TD7,2028-01-01,WSC,128.33
GFI,A,2026-08-26,TD7,2029-01-01,WSC,125.98
GFI,BAL,2026-08-26,TD28,2026-08-01,LSM,1.43
GFI,M,2026-08-26,TD28,2026-08-01,LSM,2.95
GFI,M,2026-08-26,TD28,2026-09-01,LSM,2.8
GFI,M,2026-08-26,TD28,2026-10-01,LSM,3.0
GFI,M,2026-08-26,TD28,2026-11-01,LSM,3.3
GFI,M,2026-08-26,TD28,2026-12-01,LSM,3.6
GFI,M,2026-08-26,TD28,2027-01-01,LSM,2.6
GFI,M,2026-08-26,TD28,2027-02-01,LSM,2.6
GFI,M,2026-08-26,TD28,2027-03-01,LSM,2.6
GFI,Q,2026-08-26,TD28,2026-10-01,LSM,3.3
GFI,Q,2026-08-26,TD28,2027-01-01,LSM,2.6
GFI,Q,2026-08-26,TD28,2027-04-01,LSM,2.3
GFI,Q,2026-08-26,TD28,2027-07-01,LSM,2.2
GFI,Q,2026-08-26,TD28,2027-10-01,LSM,2.5
GFI,Q,2026-08-26,TD28,2028-01-01,LSM,2.7
GFI,Q,2026-08-26,TD28,2028-04-01,LSM,2.3
GFI,A,2026-08-26,TD28,2027-01-01,LSM,2.4
GFI,A,2026-08-26,TD28,2028-01-01,LSM,2.3
GFI,A,2026-08-26,TD28,2029-01-01,LSM,2.2
GFI,BAL,2026-08-26,TD3C,2026-08-01,PMT,121.23
GFI,M,2026-08-26,TD3C,2026-08-01,PMT,105.29
GFI,M,2026-08-26,TD3C,2026-09-01,PMT,119.24
GFI,M,2026-08-26,TD3C,2026-10-01,PMT,109.13
GFI,M,2026-08-26,TD3C,2026-11-01,PMT,105.09
GFI,M,2026-08-26,TD3C,2026-12-01,PMT,101.05
GFI,M,2026-08-26,TD3C,2027-01-01,PMT,79.0
GFI,M,2026-08-26,TD3C,2027-02-01,PMT,75.5
GFI,M,2026-08-26,TD3C,2027-03-01,PMT,72.0
GFI,Q,2026-08-26,TD3C,2026-10-01,PMT,105.09
GFI,Q,2026-08-26,TD3C,2027-01-01,PMT,75.5
GFI,Q,2026-08-26,TD3C,2027-04-01,PMT,64.0
GFI,Q,2026-08-26,TD3C,2027-07-01,PMT,49.0
GFI,Q,2026-08-26,TD3C,2027-10-01,PMT,43.5
GFI,Q,2026-08-26,TD3C,2028-01-01,PMT,29.25
GFI,Q,2026-08-26,TD3C,2028-04-01,PMT,27.25
GFI,A,2026-08-26,TD3C,2027-01-01,PMT,58.0
GFI,A,2026-08-26,TD3C,2028-01-01,PMT,27.25
GFI,A,2026-08-26,TD3C,2029-01-01,PMT,19.0
GFI,BAL,2026-08-26,TD20,2026-08-01,PMT,49.09
GFI,M,2026-08-26,TD20,2026-08-01,PMT,44.48
GFI,M,2026-08-26,TD20,2026-09-01,PMT,40.76
GFI,M,2026-08-26,TD20,2026-10-01,PMT,39.87
GFI,M,2026-08-26,TD20,2026-11-01,PMT,36.59
GFI,M,2026-08-26,TD20,2026-12-01,PMT,34.91
GFI,M,2026-08-26,TD20,2027-01-01,PMT,34.0
GFI,M,2026-08-26,TD20,2027-02-01,PMT,30.5
GFI,M,2026-08-26,TD20,2027-03-01,PMT,27.0
GFI,Q,2026-08-26,TD20,2026-10-01,PMT,37.12
GFI,Q,2026-08-26,TD20,2027-01-01,PMT,30.5
GFI,Q,2026-08-26,TD20,2027-04-01,PMT,25.5
GFI,Q,2026-08-26,TD20,2027-07-01,PMT,22.0
GFI,Q,2026-08-26,TD20,2027-10-01,PMT,23.0
GFI,Q,2026-08-26,TD20,2028-01-01,PMT,20.25
GFI,Q,2026-08-26,TD20,2028-04-01,PMT,18.25
GFI,A,2026-08-26,TD20,2027-01-01,PMT,25.25
GFI,A,2026-08-26,TD20,2028-01-01,PMT,18.25
GFI,A,2026-08-26,TD20,2029-01-01,PMT,16.5
GFI,BAL,2026-08-26,TD8,2026-08-01,PMT,62.67
GFI,M,2026-08-26,TD8,2026-08-01,PMT,48.27
GFI,M,2026-08-26,TD8,2026-09-01,PMT,48.96
GFI,M,2026-08-26,TD8,2026-10-01,PMT,39.17
GFI,M,2026-08-26,TD8,2026-11-01,PMT,36.37
GFI,M,2026-08-26,TD8,2026-12-01,PMT,33.58
GFI,M,2026-08-26,TD8,2027-01-01,PMT,23.5
GFI,M,2026-08-26,TD8,2027-02-01,PMT,22.5
GFI,M,2026-08-26,TD8,2027-03-01,PMT,21.5
GFI,Q,2026-08-26,TD8,2026-10-01,PMT,36.37
GFI,Q,2026-08-26,TD8,2027-01-01,PMT,22.5
GFI,Q,2026-08-26,TD8,2027-04-01,PMT,20.5
GFI,Q,2026-08-26,TD8,2027-07-01,PMT,19.1
GFI,Q,2026-08-26,TD8,2027-10-01,PMT,21.2
GFI,Q,2026-08-26,TD8,2028-01-01,PMT,22.25
GFI,Q,2026-08-26,TD8,2028-04-01,PMT,20.25
GFI,A,2026-08-26,TD8,2027-01-01,PMT,20.82
GFI,A,2026-08-26,TD8,2028-01-01,PMT,20.25
GFI,A,2026-08-26,TD8,2029-01-01,PMT,19.7
GFI,BAL,2026-08-26,TD19,2026-08-01,PMT,18.75
GFI,M,2026-08-26,TD19,2026-08-01,PMT,27.69
GFI,M,2026-08-26,TD19,2026-09-01,PMT,24.08
GFI,M,2026-08-26,TD19,2026-10-01,PMT,19.87
GFI,M,2026-08-26,TD19,2026-11-01,PMT,18.42
GFI,M,2026-08-26,TD19,2026-12-01,PMT,18.06
GFI,M,2026-08-26,TD19,2027-01-01,PMT,15.75
GFI,M,2026-08-26,TD19,2027-02-01,PMT,14.75
GFI,M,2026-08-26,TD19,2027-03-01,PMT,13.75
GFI,Q,2026-08-26,TD19,2026-10-01,PMT,18.78
GFI,Q,2026-08-26,TD19,2027-01-01,PMT,14.75
GFI,Q,2026-08-26,TD19,2027-04-01,PMT,13.25
GFI,Q,2026-08-26,TD19,2027-07-01,PMT,13.0
GFI,Q,2026-08-26,TD19,2027-10-01,PMT,15.0
GFI,Q,2026-08-26,TD19,2028-01-01,PMT,15.55
GFI,Q,2026-08-26,TD19,2028-04-01,PMT,13.55
GFI,A,2026-08-26,TD19,2027-01-01,PMT,14.0
GFI,A,2026-08-26,TD19,2028-01-01,PMT,13.55
GFI,A,2026-08-26,TD19,2029-01-01,PMT,13.25
GFI,BAL,2026-08-26,TD22,2026-08-01,PMT,93.29
GFI,M,2026-08-26,TD22,2026-08-01,PMT,78.52
GFI,M,2026-08-26,TD22,2026-09-01,PMT,94.44
GFI,M,2026-08-26,TD22,2026-10-01,PMT,90.74
GFI,M,2026-08-26,TD22,2026-11-01,PMT,84.26
GFI,M,2026-08-26,TD22,2026-12-01,PMT,83.33
GFI,M,2026-08-26,TD22,2027-01-01,PMT,82.41
GFI,M,2026-08-26,TD22,2027-02-01,PMT,81.48
GFI,M,2026-08-26,TD22,2027-03-01,PMT,80.56
GFI,Q,2026-08-26,TD22,2026-10-01,PMT,86.11
GFI,Q,2026-08-26,TD22,2027-01-01,PMT,81.48
GFI,Q,2026-08-26,TD22,2027-04-01,PMT,74.07
GFI,Q,2026-08-26,TD22,2027-07-01,PMT,55.56
GFI,Q,2026-08-26,TD22,2027-10-01,PMT,59.26
GFI,Q,2026-08-26,TD22,2028-01-01,PMT,55.56
GFI,Q,2026-08-26,TD22,2028-04-01,PMT,48.15
GFI,A,2026-08-26,TD22,2027-01-01,PMT,67.59
GFI,A,2026-08-26,TD22,2028-01-01,PMT,48.15
GFI,A,2026-08-26,TD22,2029-01-01,PMT,46.3
GFI,BAL,2026-08-26,TD25E,2026-08-01,PMT,50.1
GFI,M,2026-08-26,TD25E,2026-08-01,PMT,63.55
GFI,M,2026-08-26,TD25E,2026-09-01,PMT,52.62
GFI,M,2026-08-26,TD25E,2026-10-01,PMT,56.61
GFI,M,2026-08-26,TD25E,2026-11-01,PMT,56.61
GFI,M,2026-08-26,TD25E,2026-12-01,PMT,56.61
GFI,M,2026-08-26,TD25E,2027-01-01,PMT,46.38
GFI,M,2026-08-26,TD25E,2027-02-01,PMT,46.38
GFI,M,2026-08-26,TD25E,2027-03-01,PMT,46.38
GFI,Q,2026-08-26,TD25E,2026-10-01,PMT,56.61
GFI,Q,2026-08-26,TD25E,2027-01-01,PMT,46.38
GFI,Q,2026-08-26,TD25E,2027-04-01,PMT,39.38
GFI,Q,2026-08-26,TD25E,2027-07-01,PMT,34.88
GFI,Q,2026-08-26,TD25E,2027-10-01,PMT,39.88
GFI,Q,2026-08-26,TD25E,2028-01-01,PMT,34.38
GFI,Q,2026-08-26,TD25E,2028-04-01,PMT,32.38
GFI,A,2026-08-26,TD25E,2027-01-01,PMT,40.13
GFI,A,2026-08-26,TD25E,2028-01-01,PMT,32.38
GFI,A,2026-08-26,TD25E,2029-01-01,PMT,29.38
GFI,BAL,2026-08-26,TD25,2026-08-01,PMT,53.16
GFI,M,2026-08-26,TD25,2026-08-01,PMT,66.6
GFI,M,2026-08-26,TD25,2026-09-01,PMT,55.68
GFI,M,2026-08-26,TD25,2026-10-01,PMT,59.67
GFI,M,2026-08-26,TD25,2026-11-01,PMT,59.67
GFI,M,2026-08-26,TD25,2026-12-01,PMT,59.67
GFI,M,2026-08-26,TD25,2027-01-01,PMT,51.0
GFI,M,2026-08-26,TD25,2027-02-01,PMT,50.0
GFI,M,2026-08-26,TD25,2027-03-01,PMT,47.5
GFI,Q,2026-08-26,TD25,2026-10-01,PMT,59.67
GFI,Q,2026-08-26,TD25,2027-01-01,PMT,49.5
GFI,Q,2026-08-26,TD25,2027-04-01,PMT,42.5
GFI,Q,2026-08-26,TD25,2027-07-01,PMT,38.0
GFI,Q,2026-08-26,TD25,2027-10-01,PMT,43.0
GFI,Q,2026-08-26,TD25,2028-01-01,PMT,37.5
GFI,Q,2026-08-26,TD25,2028-04-01,PMT,35.5
GFI,A,2026-08-26,TD25,2027-01-01,PMT,43.25
GFI,A,2026-08-26,TD25,2028-01-01,PMT,35.5
GFI,A,2026-08-26,TD25,2029-01-01,PMT,32.5
GFI,BAL,2026-08-26,TD7,2026-08-01,PMT,22.94
GFI,M,2026-08-26,TD7,2026-08-01,PMT,22.06
GFI,M,2026-08-26,TD7,2026-09-01,PMT,20.73
GFI,M,2026-08-26,TD7,2026-10-01,PMT,20.46
GFI,M,2026-08-26,TD7,2026-11-01,PMT,19.4
GFI,M,2026-08-26,TD7,2026-12-01,PMT,18.34
GFI,M,2026-08-26,TD7,2027-01-01,PMT,16.58
GFI,M,2026-08-26,TD7,2027-02-01,PMT,16.58
GFI,M,2026-08-26,TD7,2027-03-01,PMT,16.58
GFI,Q,2026-08-26,TD7,2026-10-01,PMT,19.4
GFI,Q,2026-08-26,TD7,2027-01-01,PMT,16.58
GFI,Q,2026-08-26,TD7,2027-04-01,PMT,15.32
GFI,Q,2026-08-26,TD7,2027-07-01,PMT,14.69
GFI,Q,2026-08-26,TD7,2027-10-01,PMT,15.95
GFI,Q,2026-08-26,TD7,2028-01-01,PMT,15.74
GFI,Q,2026-08-26,TD7,2028-04-01,PMT,13.64
GFI,A,2026-08-26,TD7,2027-01-01,PMT,15.64
GFI,A,2026-08-26,TD7,2028-01-01,PMT,13.64
GFI,A,2026-08-26,TD7,2029-01-01,PMT,13.39
GFI,BAL,2026-08-26,TD28,2026-08-01,PMT,17.92
GFI,M,2026-08-26,TD28,2026-08-01,PMT,36.88
GFI,M,2026-08-26,TD28,2026-09-01,PMT,35.0
GFI,M,2026-08-26,TD28,2026-10-01,PMT,37.5
GFI,M,2026-08-26,TD28,2026-11-01,PMT,41.25
GFI,M,2026-08-26,TD28,2026-12-01,PMT,45.0
GFI,M,2026-08-26,TD28,2027-01-01,PMT,32.5
GFI,M,2026-08-26,TD28,2027-02-01,PMT,32.5
GFI,M,2026-08-26,TD28,2027-03-01,PMT,32.5
GFI,Q,2026-08-26,TD28,2026-10-01,PMT,41.25
GFI,Q,2026-08-26,TD28,2027-01-01,PMT,32.5
GFI,Q,2026-08-26,TD28,2027-04-01,PMT,28.75
GFI,Q,2026-08-26,TD28,2027-07-01,PMT,27.5
GFI,Q,2026-08-26,TD28,2027-10-01,PMT,31.25
GFI,Q,2026-08-26,TD28,2028-01-01,PMT,33.75
GFI,Q,2026-08-26,TD28,2028-04-01,PMT,28.75
GFI,A,2026-08-26,TD28,2027-01-01,PMT,30.0
GFI,A,2026-08-26,TD28,2028-01-01,PMT,28.75
GFI,A,2026-08-26,TD28,2029-01-01,PMT,27.5
GFI,WSFR,2026-08-26,TD3C,2026-08-01,WSFR,20.21
GFI,WSFR,2026-08-26,TD20,2026-08-01,WSFR,17.72
GFI,WSFR,2026-08-26,TD8,2026-08-01,WSFR,13.99
GFI,WSFR,2026-08-26,TD19,2026-08-01,WSFR,12.04
GFI,WSFR,2026-08-26,TD25E,2026-08-01,WSFR,21.01
GFI,WSFR,2026-08-26,TD25,2026-08-01,WSFR,21.01
GFI,WSFR,2026-08-26,TD7,2026-08-01,WSFR,10.63
GFI,BITR,2026-08-26,TD3C,2026-08-01,WSC,619.44
GFI,BITR,2026-08-26,TD7,2026-08-01,WSC,216.25
GFI,BITR,2026-08-26,TD8,2026-08-01,WSC,360.83
GFI,BITR,2026-08-26,TD19,2026-08-01,WSC,270.11
GFI,BITR,2026-08-26,TD20,2026-08-01,WSC,264.17
GFI,BITR,2026-08-26,TD22,2026-08-01,LSM,24.85
GFI,BITR,2026-08-26,TD25,2026-08-01,WSC,230.28
GFI,BAL,2026-08-27,TD3C,2026-08-01,WSC,626.33
GFI,M,2026-08-27,TD3C,2026-08-01,WSC,523.5
GFI,M,2026-08-27,TD3C,2026-09-01,WSC,600.0
GFI,M,2026-08-27,TD3C,2026-10-01,WSC,550.0
GFI,M,2026-08-27,TD3C,2026-11-01,WSC,530.0
GFI,M,2026-08-27,TD3C,2026-12-01,WSC,510.0
GFI,M,2026-08-27,TD3C,2027-01-01,WSC,442.85
GFI,M,2026-08-27,TD3C,2027-02-01,WSC,425.53
GFI,M,2026-08-27,TD3C,2027-03-01,WSC,408.21
GFI,Q,2026-08-27,TD3C,2026-10-01,WSC,530.0
GFI,Q,2026-08-27,TD3C,2027-01-01,WSC,425.53
GFI,Q,2026-08-27,TD3C,2027-04-01,WSC,351.31
GFI,Q,2026-08-27,TD3C,2027-07-01,WSC,247.4
GFI,Q,2026-08-27,TD3C,2027-10-01,WSC,212.77
GFI,Q,2026-08-27,TD3C,2028-01-01,WSC,147.7
GFI,Q,2026-08-27,TD3C,2028-04-01,WSC,137.8
GFI,A,2026-08-27,TD3C,2027-01-01,WSC,309.25
GFI,A,2026-08-27,TD3C,2028-01-01,WSC,137.8
GFI,A,2026-08-27,TD3C,2029-01-01,WSC,94.01
GFI,BAL,2026-08-27,TD20,2026-08-01,WSC,236.28
GFI,M,2026-08-27,TD20,2026-08-01,WSC,247.0
GFI,M,2026-08-27,TD20,2026-09-01,WSC,230.0
GFI,M,2026-08-27,TD20,2026-10-01,WSC,240.0
GFI,M,2026-08-27,TD20,2026-11-01,WSC,223.0
GFI,M,2026-08-27,TD20,2026-12-01,WSC,209.0
GFI,M,2026-08-27,TD20,2027-01-01,WSC,205.42
GFI,M,2026-08-27,TD20,2027-02-01,WSC,185.67
GFI,M,2026-08-27,TD20,2027-03-01,WSC,165.91
GFI,Q,2026-08-27,TD20,2026-10-01,WSC,224.0
GFI,Q,2026-08-27,TD20,2027-01-01,WSC,185.67
GFI,Q,2026-08-27,TD20,2027-04-01,WSC,155.19
GFI,Q,2026-08-27,TD20,2027-07-01,WSC,124.15
GFI,Q,2026-08-27,TD20,2027-10-01,WSC,132.05
GFI,Q,2026-08-27,TD20,2028-01-01,WSC,118.51
GFI,Q,2026-08-27,TD20,2028-04-01,WSC,107.22
GFI,A,2026-08-27,TD20,2027-01-01,WSC,149.27
GFI,A,2026-08-27,TD20,2028-01-01,WSC,107.22
GFI,A,2026-08-27,TD20,2029-01-01,WSC,93.12
GFI,BAL,2026-08-27,TD8,2026-08-01,WSC,534.06
GFI,M,2026-08-27,TD8,2026-08-01,WSC,345.0
GFI,M,2026-08-27,TD8,2026-09-01,WSC,350.0
GFI,M,2026-08-27,TD8,2026-10-01,WSC,280.0
GFI,M,2026-08-27,TD8,2026-11-01,WSC,260.0
GFI,M,2026-08-27,TD8,2026-12-01,WSC,240.0
GFI,M,2026-08-27,TD8,2027-01-01,WSC,167.98
GFI,M,2026-08-27,TD8,2027-02-01,WSC,160.83
GFI,M,2026-08-27,TD8,2027-03-01,WSC,153.68
GFI,Q,2026-08-27,TD8,2026-10-01,WSC,260.0
GFI,Q,2026-08-27,TD8,2027-01-01,WSC,160.83
GFI,Q,2026-08-27,TD8,2027-04-01,WSC,146.53
GFI,Q,2026-08-27,TD8,2027-07-01,WSC,136.53
GFI,Q,2026-08-27,TD8,2027-10-01,WSC,151.54
GFI,Q,2026-08-27,TD8,2028-01-01,WSC,159.04
GFI,Q,2026-08-27,TD8,2028-04-01,WSC,144.75
GFI,A,2026-08-27,TD8,2027-01-01,WSC,148.86
GFI,A,2026-08-27,TD8,2028-01-01,WSC,144.75
GFI,A,2026-08-27,TD8,2029-01-01,WSC,140.81
GFI,BAL,2026-08-27,TD19,2026-08-01,WSC,43.54
GFI,M,2026-08-27,TD19,2026-08-01,WSC,230.0
GFI,M,2026-08-27,TD19,2026-09-01,WSC,200.0
GFI,M,2026-08-27,TD19,2026-10-01,WSC,165.0
GFI,M,2026-08-27,TD19,2026-11-01,WSC,153.0
GFI,M,2026-08-27,TD19,2026-12-01,WSC,150.0
GFI,M,2026-08-27,TD19,2027-01-01,WSC,130.81
GFI,M,2026-08-27,TD19,2027-02-01,WSC,122.51
GFI,M,2026-08-27,TD19,2027-03-01,WSC,114.2
GFI,Q,2026-08-27,TD19,2026-10-01,WSC,156.0
GFI,Q,2026-08-27,TD19,2027-01-01,WSC,122.51
GFI,Q,2026-08-27,TD19,2027-04-01,WSC,110.05
GFI,Q,2026-08-27,TD19,2027-07-01,WSC,107.97
GFI,Q,2026-08-27,TD19,2027-10-01,WSC,124.58
GFI,Q,2026-08-27,TD19,2028-01-01,WSC,129.15
GFI,Q,2026-08-27,TD19,2028-04-01,WSC,112.54
GFI,A,2026-08-27,TD19,2027-01-01,WSC,116.28
GFI,A,2026-08-27,TD19,2028-01-01,WSC,112.54
GFI,A,2026-08-27,TD19,2029-01-01,WSC,110.05
GFI,BAL,2026-08-27,TD22,2026-08-01,LSM,25.78
GFI,M,2026-08-27,TD22,2026-08-01,LSM,21.2
GFI,M,2026-08-27,TD22,2026-09-01,LSM,25.5
GFI,M,2026-08-27,TD22,2026-10-01,LSM,24.5
GFI,M,2026-08-27,TD22,2026-11-01,LSM,22.75
GFI,M,2026-08-27,TD22,2026-12-01,LSM,22.5
GFI,M,2026-08-27,TD22,2027-01-01,LSM,22.25
GFI,M,2026-08-27,TD22,2027-02-01,LSM,22.0
GFI,M,2026-08-27,TD22,2027-03-01,LSM,21.75
GFI,Q,2026-08-27,TD22,2026-10-01,LSM,23.25
GFI,Q,2026-08-27,TD22,2027-01-01,LSM,22.0
GFI,Q,2026-08-27,TD22,2027-04-01,LSM,20.0
GFI,Q,2026-08-27,TD22,2027-07-01,LSM,15.0
GFI,Q,2026-08-27,TD22,2027-10-01,LSM,16.0
GFI,Q,2026-08-27,TD22,2028-01-01,LSM,15.0
GFI,Q,2026-08-27,TD22,2028-04-01,LSM,13.0
GFI,A,2026-08-27,TD22,2027-01-01,LSM,18.25
GFI,A,2026-08-27,TD22,2028-01-01,LSM,13.0
GFI,A,2026-08-27,TD22,2029-01-01,LSM,12.5
GFI,BAL,2026-08-27,TD25E,2026-08-01,WSC,186.13
GFI,M,2026-08-27,TD25E,2026-08-01,WSC,292.46
GFI,M,2026-08-27,TD25E,2026-09-01,WSC,262.46
GFI,M,2026-08-27,TD25E,2026-10-01,WSC,285.46
GFI,M,2026-08-27,TD25E,2026-11-01,WSC,285.46
GFI,M,2026-08-27,TD25E,2026-12-01,WSC,285.46
GFI,M,2026-08-27,TD25E,2027-01-01,WSC,230.27
GFI,M,2026-08-27,TD25E,2027-02-01,WSC,230.27
GFI,M,2026-08-27,TD25E,2027-03-01,WSC,230.27
GFI,Q,2026-08-27,TD25E,2026-10-01,WSC,285.46
GFI,Q,2026-08-27,TD25E,2027-01-01,WSC,230.27
GFI,Q,2026-08-27,TD25E,2027-04-01,WSC,194.57
GFI,Q,2026-08-27,TD25E,2027-07-01,WSC,175.54
GFI,Q,2026-08-27,TD25E,2027-10-01,WSC,193.15
GFI,Q,2026-08-27,TD25E,2028-01-01,WSC,166.02
GFI,Q,2026-08-27,TD25E,2028-04-01,WSC,156.5
GFI,A,2026-08-27,TD25E,2027-01-01,WSC,198.38
GFI,A,2026-08-27,TD25E,2028-01-01,WSC,156.5
GFI,A,2026-08-27,TD25E,2029-01-01,WSC,142.22
GFI,BAL,2026-08-27,TD25,2026-08-01,WSC,200.67
GFI,M,2026-08-27,TD25,2026-08-01,WSC,307.0
GFI,M,2026-08-27,TD25,2026-09-01,WSC,277.0
GFI,M,2026-08-27,TD25,2026-10-01,WSC,300.0
GFI,M,2026-08-27,TD25,2026-11-01,WSC,300.0
GFI,M,2026-08-27,TD25,2026-12-01,WSC,300.0
GFI,M,2026-08-27,TD25,2027-01-01,WSC,252.26
GFI,M,2026-08-27,TD25,2027-02-01,WSC,247.5
GFI,M,2026-08-27,TD25,2027-03-01,WSC,235.6
GFI,Q,2026-08-27,TD25,2026-10-01,WSC,300.0
GFI,Q,2026-08-27,TD25,2027-01-01,WSC,245.12
GFI,Q,2026-08-27,TD25,2027-04-01,WSC,209.42
GFI,Q,2026-08-27,TD25,2027-07-01,WSC,190.39
GFI,Q,2026-08-27,TD25,2027-10-01,WSC,208.0
GFI,Q,2026-08-27,TD25,2028-01-01,WSC,180.87
GFI,Q,2026-08-27,TD25,2028-04-01,WSC,171.35
GFI,A,2026-08-27,TD25,2027-01-01,WSC,213.23
GFI,A,2026-08-27,TD25,2028-01-01,WSC,171.35
GFI,A,2026-08-27,TD25,2029-01-01,WSC,157.07
GFI,BAL,2026-08-27,TD7,2026-08-01,WSC,210.65
GFI,M,2026-08-27,TD7,2026-08-01,WSC,207.5
GFI,M,2026-08-27,TD7,2026-09-01,WSC,195.0
GFI,M,2026-08-27,TD7,2026-10-01,WSC,192.5
GFI,M,2026-08-27,TD7,2026-11-01,WSC,182.5
GFI,M,2026-08-27,TD7,2026-12-01,WSC,172.5
GFI,M,2026-08-27,TD7,2027-01-01,WSC,155.97
GFI,M,2026-08-27,TD7,2027-02-01,WSC,155.97
GFI,M,2026-08-27,TD7,2027-03-01,WSC,155.97
GFI,Q,2026-08-27,TD7,2026-10-01,WSC,182.5
GFI,Q,2026-08-27,TD7,2027-01-01,WSC,155.97
GFI,Q,2026-08-27,TD7,2027-04-01,WSC,144.13
GFI,Q,2026-08-27,TD7,2027-07-01,WSC,138.2
GFI,Q,2026-08-27,TD7,2027-10-01,WSC,150.05
GFI,Q,2026-08-27,TD7,2028-01-01,WSC,148.08
GFI,Q,2026-08-27,TD7,2028-04-01,WSC,128.33
GFI,A,2026-08-27,TD7,2027-01-01,WSC,147.09
GFI,A,2026-08-27,TD7,2028-01-01,WSC,128.33
GFI,A,2026-08-27,TD7,2029-01-01,WSC,125.98
GFI,BAL,2026-08-27,TD28,2026-08-01,LSM,0.25
GFI,M,2026-08-27,TD28,2026-08-01,LSM,2.95
GFI,M,2026-08-27,TD28,2026-09-01,LSM,2.8
GFI,M,2026-08-27,TD28,2026-10-01,LSM,3.0
GFI,M,2026-08-27,TD28,2026-11-01,LSM,3.3
GFI,M,2026-08-27,TD28,2026-12-01,LSM,3.6
GFI,M,2026-08-27,TD28,2027-01-01,LSM,2.6
GFI,M,2026-08-27,TD28,2027-02-01,LSM,2.6
GFI,M,2026-08-27,TD28,2027-03-01,LSM,2.6
GFI,Q,2026-08-27,TD28,2026-10-01,LSM,3.3
GFI,Q,2026-08-27,TD28,2027-01-01,LSM,2.6
GFI,Q,2026-08-27,TD28,2027-04-01,LSM,2.3
GFI,Q,2026-08-27,TD28,2027-07-01,LSM,2.2
GFI,Q,2026-08-27,TD28,2027-10-01,LSM,2.5
GFI,Q,2026-08-27,TD28,2028-01-01,LSM,2.7
GFI,Q,2026-08-27,TD28,2028-04-01,LSM,2.3
GFI,A,2026-08-27,TD28,2027-01-01,LSM,2.4
GFI,A,2026-08-27,TD28,2028-01-01,LSM,2.3
GFI,A,2026-08-27,TD28,2029-01-01,LSM,2.2
GFI,BAL,2026-08-27,TD3C,2026-08-01,PMT,126.58
GFI,M,2026-08-27,TD3C,2026-08-01,PMT,105.8
GFI,M,2026-08-27,TD3C,2026-09-01,PMT,121.26
GFI,M,2026-08-27,TD3C,2026-10-01,PMT,111.16
GFI,M,2026-08-27,TD3C,2026-11-01,PMT,107.11
GFI,M,2026-08-27,TD3C,2026-12-01,PMT,103.07
GFI,M,2026-08-27,TD3C,2027-01-01,PMT,89.5
GFI,M,2026-08-27,TD3C,2027-02-01,PMT,86.0
GFI,M,2026-08-27,TD3C,2027-03-01,PMT,82.5
GFI,Q,2026-08-27,TD3C,2026-10-01,PMT,107.11
GFI,Q,2026-08-27,TD3C,2027-01-01,PMT,86.0
GFI,Q,2026-08-27,TD3C,2027-04-01,PMT,71.0
GFI,Q,2026-08-27,TD3C,2027-07-01,PMT,50.0
GFI,Q,2026-08-27,TD3C,2027-10-01,PMT,43.0
GFI,Q,2026-08-27,TD3C,2028-01-01,PMT,29.85
GFI,Q,2026-08-27,TD3C,2028-04-01,PMT,27.85
GFI,A,2026-08-27,TD3C,2027-01-01,PMT,62.5
GFI,A,2026-08-27,TD3C,2028-01-01,PMT,27.85
GFI,A,2026-08-27,TD3C,2029-01-01,PMT,19.0
GFI,BAL,2026-08-27,TD20,2026-08-01,PMT,41.87
GFI,M,2026-08-27,TD20,2026-08-01,PMT,43.77
GFI,M,2026-08-27,TD20,2026-09-01,PMT,40.76
GFI,M,2026-08-27,TD20,2026-10-01,PMT,42.53
GFI,M,2026-08-27,TD20,2026-11-01,PMT,39.52
GFI,M,2026-08-27,TD20,2026-12-01,PMT,37.03
GFI,M,2026-08-27,TD20,2027-01-01,PMT,36.4
GFI,M,2026-08-27,TD20,2027-02-01,PMT,32.9
GFI,M,2026-08-27,TD20,2027-03-01,PMT,29.4
GFI,Q,2026-08-27,TD20,2026-10-01,PMT,39.69
GFI,Q,2026-08-27,TD20,2027-01-01,PMT,32.9
GFI,Q,2026-08-27,TD20,2027-04-01,PMT,27.5
GFI,Q,2026-08-27,TD20,2027-07-01,PMT,22.0
GFI,Q,2026-08-27,TD20,2027-10-01,PMT,23.4
GFI,Q,2026-08-27,TD20,2028-01-01,PMT,21.0
GFI,Q,2026-08-27,TD20,2028-04-01,PMT,19.0
GFI,A,2026-08-27,TD20,2027-01-01,PMT,26.45
GFI,A,2026-08-27,TD20,2028-01-01,PMT,19.0
GFI,A,2026-08-27,TD20,2029-01-01,PMT,16.5
GFI,BAL,2026-08-27,TD8,2026-08-01,PMT,74.72
GFI,M,2026-08-27,TD8,2026-08-01,PMT,48.27
GFI,M,2026-08-27,TD8,2026-09-01,PMT,48.96
GFI,M,2026-08-27,TD8,2026-10-01,PMT,39.17
GFI,M,2026-08-27,TD8,2026-11-01,PMT,36.37
GFI,M,2026-08-27,TD8,2026-12-01,PMT,33.58
GFI,M,2026-08-27,TD8,2027-01-01,PMT,23.5
GFI,M,2026-08-27,TD8,2027-02-01,PMT,22.5
GFI,M,2026-08-27,TD8,2027-03-01,PMT,21.5
GFI,Q,2026-08-27,TD8,2026-10-01,PMT,36.37
GFI,Q,2026-08-27,TD8,2027-01-01,PMT,22.5
GFI,Q,2026-08-27,TD8,2027-04-01,PMT,20.5
GFI,Q,2026-08-27,TD8,2027-07-01,PMT,19.1
GFI,Q,2026-08-27,TD8,2027-10-01,PMT,21.2
GFI,Q,2026-08-27,TD8,2028-01-01,PMT,22.25
GFI,Q,2026-08-27,TD8,2028-04-01,PMT,20.25
GFI,A,2026-08-27,TD8,2027-01-01,PMT,20.82
GFI,A,2026-08-27,TD8,2028-01-01,PMT,20.25
GFI,A,2026-08-27,TD8,2029-01-01,PMT,19.7
GFI,BAL,2026-08-27,TD19,2026-08-01,PMT,5.24
GFI,M,2026-08-27,TD19,2026-08-01,PMT,27.69
GFI,M,2026-08-27,TD19,2026-09-01,PMT,24.08
GFI,M,2026-08-27,TD19,2026-10-01,PMT,19.87
GFI,M,2026-08-27,TD19,2026-11-01,PMT,18.42
GFI,M,2026-08-27,TD19,2026-12-01,PMT,18.06
GFI,M,2026-08-27,TD19,2027-01-01,PMT,15.75
GFI,M,2026-08-27,TD19,2027-02-01,PMT,14.75
GFI,M,2026-08-27,TD19,2027-03-01,PMT,13.75
GFI,Q,2026-08-27,TD19,2026-10-01,PMT,18.78
GFI,Q,2026-08-27,TD19,2027-01-01,PMT,14.75
GFI,Q,2026-08-27,TD19,2027-04-01,PMT,13.25
GFI,Q,2026-08-27,TD19,2027-07-01,PMT,13.0
GFI,Q,2026-08-27,TD19,2027-10-01,PMT,15.0
GFI,Q,2026-08-27,TD19,2028-01-01,PMT,15.55
GFI,Q,2026-08-27,TD19,2028-04-01,PMT,13.55
GFI,A,2026-08-27,TD19,2027-01-01,PMT,14.0
GFI,A,2026-08-27,TD19,2028-01-01,PMT,13.55
GFI,A,2026-08-27,TD19,2029-01-01,PMT,13.25
GFI,BAL,2026-08-27,TD22,2026-08-01,PMT,95.47
GFI,M,2026-08-27,TD22,2026-08-01,PMT,78.52
GFI,M,2026-08-27,TD22,2026-09-01,PMT,94.44
GFI,M,2026-08-27,TD22,2026-10-01,PMT,90.74
GFI,M,2026-08-27,TD22,2026-11-01,PMT,84.26
GFI,M,2026-08-27,TD22,2026-12-01,PMT,83.33
GFI,M,2026-08-27,TD22,2027-01-01,PMT,82.41
GFI,M,2026-08-27,TD22,2027-02-01,PMT,81.48
GFI,M,2026-08-27,TD22,2027-03-01,PMT,80.56
GFI,Q,2026-08-27,TD22,2026-10-01,PMT,86.11
GFI,Q,2026-08-27,TD22,2027-01-01,PMT,81.48
GFI,Q,2026-08-27,TD22,2027-04-01,PMT,74.07
GFI,Q,2026-08-27,TD22,2027-07-01,PMT,55.56
GFI,Q,2026-08-27,TD22,2027-10-01,PMT,59.26
GFI,Q,2026-08-27,TD22,2028-01-01,PMT,55.56
GFI,Q,2026-08-27,TD22,2028-04-01,PMT,48.15
GFI,A,2026-08-27,TD22,2027-01-01,PMT,67.59
GFI,A,2026-08-27,TD22,2028-01-01,PMT,48.15
GFI,A,2026-08-27,TD22,2029-01-01,PMT,46.3
GFI,BAL,2026-08-27,TD25E,2026-08-01,PMT,39.11
GFI,M,2026-08-27,TD25E,2026-08-01,PMT,61.45
GFI,M,2026-08-27,TD25E,2026-09-01,PMT,55.14
GFI,M,2026-08-27,TD25E,2026-10-01,PMT,59.98
GFI,M,2026-08-27,TD25E,2026-11-01,PMT,59.98
GFI,M,2026-08-27,TD25E,2026-12-01,PMT,59.98
GFI,M,2026-08-27,TD25E,2027-01-01,PMT,48.38
GFI,M,2026-08-27,TD25E,2027-02-01,PMT,48.38
GFI,M,2026-08-27,TD25E,2027-03-01,PMT,48.38
GFI,Q,2026-08-27,TD25E,2026-10-01,PMT,59.98
GFI,Q,2026-08-27,TD25E,2027-01-01,PMT,48.38
GFI,Q,2026-08-27,TD25E,2027-04-01,PMT,40.88
GFI,Q,2026-08-27,TD25E,2027-07-01,PMT,36.88
GFI,Q,2026-08-27,TD25E,2027-10-01,PMT,40.58
GFI,Q,2026-08-27,TD25E,2028-01-01,PMT,34.88
GFI,Q,2026-08-27,TD25E,2028-04-01,PMT,32.88
GFI,A,2026-08-27,TD25E,2027-01-01,PMT,41.68
GFI,A,2026-08-27,TD25E,2028-01-01,PMT,32.88
GFI,A,2026-08-27,TD25E,2029-01-01,PMT,29.88
GFI,BAL,2026-08-27,TD25,2026-08-01,PMT,42.16
GFI,M,2026-08-27,TD25,2026-08-01,PMT,64.5
GFI,M,2026-08-27,TD25,2026-09-01,PMT,58.2
GFI,M,2026-08-27,TD25,2026-10-01,PMT,63.03
GFI,M,2026-08-27,TD25,2026-11-01,PMT,63.03
GFI,M,2026-08-27,TD25,2026-12-01,PMT,63.03
GFI,M,2026-08-27,TD25,2027-01-01,PMT,53.0
GFI,M,2026-08-27,TD25,2027-02-01,PMT,52.0
GFI,M,2026-08-27,TD25,2027-03-01,PMT,49.5
GFI,Q,2026-08-27,TD25,2026-10-01,PMT,63.03
GFI,Q,2026-08-27,TD25,2027-01-01,PMT,51.5
GFI,Q,2026-08-27,TD25,2027-04-01,PMT,44.0
GFI,Q,2026-08-27,TD25,2027-07-01,PMT,40.0
GFI,Q,2026-08-27,TD25,2027-10-01,PMT,43.7
GFI,Q,2026-08-27,TD25,2028-01-01,PMT,38.0
GFI,Q,2026-08-27,TD25,2028-04-01,PMT,36.0
GFI,A,2026-08-27,TD25,2027-01-01,PMT,44.8
GFI,A,2026-08-27,TD25,2028-01-01,PMT,36.0
GFI,A,2026-08-27,TD25,2029-01-01,PMT,33.0
GFI,BAL,2026-08-27,TD7,2026-08-01,PMT,22.39
GFI,M,2026-08-27,TD7,2026-08-01,PMT,22.06
GFI,M,2026-08-27,TD7,2026-09-01,PMT,20.73
GFI,M,2026-08-27,TD7,2026-10-01,PMT,20.46
GFI,M,2026-08-27,TD7,2026-11-01,PMT,19.4
GFI,M,2026-08-27,TD7,2026-12-01,PMT,18.34
GFI,M,2026-08-27,TD7,2027-01-01,PMT,16.58
GFI,M,2026-08-27,TD7,2027-02-01,PMT,16.58
GFI,M,2026-08-27,TD7,2027-03-01,PMT,16.58
GFI,Q,2026-08-27,TD7,2026-10-01,PMT,19.4
GFI,Q,2026-08-27,TD7,2027-01-01,PMT,16.58
GFI,Q,2026-08-27,TD7,2027-04-01,PMT,15.32
GFI,Q,2026-08-27,TD7,2027-07-01,PMT,14.69
GFI,Q,2026-08-27,TD7,2027-10-01,PMT,15.95
GFI,Q,2026-08-27,TD7,2028-01-01,PMT,15.74
GFI,Q,2026-08-27,TD7,2028-04-01,PMT,13.64
GFI,A,2026-08-27,TD7,2027-01-01,PMT,15.64
GFI,A,2026-08-27,TD7,2028-01-01,PMT,13.64
GFI,A,2026-08-27,TD7,2029-01-01,PMT,13.39
GFI,BAL,2026-08-27,TD28,2026-08-01,PMT,3.13
GFI,M,2026-08-27,TD28,2026-08-01,PMT,36.88
GFI,M,2026-08-27,TD28,2026-09-01,PMT,35.0
GFI,M,2026-08-27,TD28,2026-10-01,PMT,37.5
GFI,M,2026-08-27,TD28,2026-11-01,PMT,41.25
GFI,M,2026-08-27,TD28,2026-12-01,PMT,45.0
GFI,M,2026-08-27,TD28,2027-01-01,PMT,32.5
GFI,M,2026-08-27,TD28,2027-02-01,PMT,32.5
GFI,M,2026-08-27,TD28,2027-03-01,PMT,32.5
GFI,Q,2026-08-27,TD28,2026-10-01,PMT,41.25
GFI,Q,2026-08-27,TD28,2027-01-01,PMT,32.5
GFI,Q,2026-08-27,TD28,2027-04-01,PMT,28.75
GFI,Q,2026-08-27,TD28,2027-07-01,PMT,27.5
GFI,Q,2026-08-27,TD28,2027-10-01,PMT,31.25
GFI,Q,2026-08-27,TD28,2028-01-01,PMT,33.75
GFI,Q,2026-08-27,TD28,2028-04-01,PMT,28.75
GFI,A,2026-08-27,TD28,2027-01-01,PMT,30.0
GFI,A,2026-08-27,TD28,2028-01-01,PMT,28.75
GFI,A,2026-08-27,TD28,2029-01-01,PMT,27.5
GFI,WSFR,2026-08-27,TD3C,2026-08-01,WSFR,20.21
GFI,WSFR,2026-08-27,TD20,2026-08-01,WSFR,17.72
GFI,WSFR,2026-08-27,TD8,2026-08-01,WSFR,13.99
GFI,WSFR,2026-08-27,TD19,2026-08-01,WSFR,12.04
GFI,WSFR,2026-08-27,TD25E,2026-08-01,WSFR,21.01
GFI,WSFR,2026-08-27,TD25,2026-08-01,WSFR,21.01
GFI,WSFR,2026-08-27,TD7,2026-08-01,WSFR,10.63
GFI,BITR,2026-08-27,TD3C,2026-08-01,WSC,623.33
GFI,BITR,2026-08-27,TD7,2026-08-01,WSC,213.75
GFI,BITR,2026-08-27,TD8,2026-08-01,WSC,360.42
GFI,BITR,2026-08-27,TD19,2026-08-01,WSC,268.0
GFI,BITR,2026-08-27,TD20,2026-08-01,WSC,237.78
GFI,BITR,2026-08-27,TD22,2026-08-01,LSM,24.6
GFI,BITR,2026-08-27,TD25,2026-08-01,WSC,201.67
GFI,M,2026-08-28,TD3C,2026-08-01,WSC,523.5
GFI,M,2026-08-28,TD3C,2026-09-01,WSC,600.0
GFI,M,2026-08-28,TD3C,2026-10-01,WSC,554.0
GFI,M,2026-08-28,TD3C,2026-11-01,WSC,534.0
GFI,M,2026-08-28,TD3C,2026-12-01,WSC,514.0
GFI,M,2026-08-28,TD3C,2027-01-01,WSC,432.95
GFI,M,2026-08-28,TD3C,2027-02-01,WSC,415.64
GFI,M,2026-08-28,TD3C,2027-03-01,WSC,398.32
GFI,Q,2026-08-28,TD3C,2026-10-01,WSC,534.0
GFI,Q,2026-08-28,TD3C,2027-01-01,WSC,415.64
GFI,Q,2026-08-28,TD3C,2027-04-01,WSC,336.47
GFI,Q,2026-08-28,TD3C,2027-07-01,WSC,247.4
GFI,Q,2026-08-28,TD3C,2027-10-01,WSC,217.71
GFI,Q,2026-08-28,TD3C,2028-01-01,WSC,147.7
GFI,Q,2026-08-28,TD3C,2028-04-01,WSC,137.8
GFI,A,2026-08-28,TD3C,2027-01-01,WSC,304.3
GFI,A,2026-08-28,TD3C,2028-01-01,WSC,137.8
GFI,A,2026-08-28,TD3C,2029-01-01,WSC,94.01
GFI,M,2026-08-28,TD20,2026-08-01,WSC,247.0
GFI,M,2026-08-28,TD20,2026-09-01,WSC,230.0
GFI,M,2026-08-28,TD20,2026-10-01,WSC,238.0
GFI,M,2026-08-28,TD20,2026-11-01,WSC,230.0
GFI,M,2026-08-28,TD20,2026-12-01,WSC,219.0
GFI,M,2026-08-28,TD20,2027-01-01,WSC,204.57
GFI,M,2026-08-28,TD20,2027-02-01,WSC,184.82
GFI,M,2026-08-28,TD20,2027-03-01,WSC,165.07
GFI,Q,2026-08-28,TD20,2026-10-01,WSC,229.0
GFI,Q,2026-08-28,TD20,2027-01-01,WSC,184.82
GFI,Q,2026-08-28,TD20,2027-04-01,WSC,154.35
GFI,Q,2026-08-28,TD20,2027-07-01,WSC,121.33
GFI,Q,2026-08-28,TD20,2027-10-01,WSC,129.8
GFI,Q,2026-08-28,TD20,2028-01-01,WSC,117.1
GFI,Q,2026-08-28,TD20,2028-04-01,WSC,105.81
GFI,A,2026-08-28,TD20,2027-01-01,WSC,147.57
GFI,A,2026-08-28,TD20,2028-01-01,WSC,105.81
GFI,A,2026-08-28,TD20,2029-01-01,WSC,93.12
GFI,M,2026-08-28,TD8,2026-08-01,WSC,345.0
GFI,M,2026-08-28,TD8,2026-09-01,WSC,350.0
GFI,M,2026-08-28,TD8,2026-10-01,WSC,280.0
GFI,M,2026-08-28,TD8,2026-11-01,WSC,260.0
GFI,M,2026-08-28,TD8,2026-12-01,WSC,240.0
GFI,M,2026-08-28,TD8,2027-01-01,WSC,167.98
GFI,M,2026-08-28,TD8,2027-02-01,WSC,160.83
GFI,M,2026-08-28,TD8,2027-03-01,WSC,153.68
GFI,Q,2026-08-28,TD8,2026-10-01,WSC,260.0
GFI,Q,2026-08-28,TD8,2027-01-01,WSC,160.83
GFI,Q,2026-08-28,TD8,2027-04-01,WSC,146.53
GFI,Q,2026-08-28,TD8,2027-07-01,WSC,136.53
GFI,Q,2026-08-28,TD8,2027-10-01,WSC,151.54
GFI,Q,2026-08-28,TD8,2028-01-01,WSC,159.04
GFI,Q,2026-08-28,TD8,2028-04-01,WSC,144.75
GFI,A,2026-08-28,TD8,2027-01-01,WSC,148.86
GFI,A,2026-08-28,TD8,2028-01-01,WSC,144.75
GFI,A,2026-08-28,TD8,2029-01-01,WSC,140.81
GFI,M,2026-08-28,TD19,2026-08-01,WSC,230.0
GFI,M,2026-08-28,TD19,2026-09-01,WSC,200.0
GFI,M,2026-08-28,TD19,2026-10-01,WSC,165.0
GFI,M,2026-08-28,TD19,2026-11-01,WSC,153.0
GFI,M,2026-08-28,TD19,2026-12-01,WSC,150.0
GFI,M,2026-08-28,TD19,2027-01-01,WSC,130.81
GFI,M,2026-08-28,TD19,2027-02-01,WSC,122.51
GFI,M,2026-08-28,TD19,2027-03-01,WSC,114.2
GFI,Q,2026-08-28,TD19,2026-10-01,WSC,156.0
GFI,Q,2026-08-28,TD19,2027-01-01,WSC,122.51
GFI,Q,2026-08-28,TD19,2027-04-01,WSC,110.05
GFI,Q,2026-08-28,TD19,2027-07-01,WSC,107.97
GFI,Q,2026-08-28,TD19,2027-10-01,WSC,124.58
GFI,Q,2026-08-28,TD19,2028-01-01,WSC,129.15
GFI,Q,2026-08-28,TD19,2028-04-01,WSC,112.54
GFI,A,2026-08-28,TD19,2027-01-01,WSC,116.28
GFI,A,2026-08-28,TD19,2028-01-01,WSC,112.54
GFI,A,2026-08-28,TD19,2029-01-01,WSC,110.05
GFI,M,2026-08-28,TD22,2026-08-01,LSM,21.2
GFI,M,2026-08-28,TD22,2026-09-01,LSM,25.5
GFI,M,2026-08-28,TD22,2026-10-01,LSM,24.5
GFI,M,2026-08-28,TD22,2026-11-01,LSM,22.75
GFI,M,2026-08-28,TD22,2026-12-01,LSM,22.5
GFI,M,2026-08-28,TD22,2027-01-01,LSM,22.25
GFI,M,2026-08-28,TD22,2027-02-01,LSM,22.0
GFI,M,2026-08-28,TD22,2027-03-01,LSM,21.75
GFI,Q,2026-08-28,TD22,2026-10-01,LSM,23.25
GFI,Q,2026-08-28,TD22,2027-01-01,LSM,22.0
GFI,Q,2026-08-28,TD22,2027-04-01,LSM,20.0
GFI,Q,2026-08-28,TD22,2027-07-01,LSM,15.0
GFI,Q,2026-08-28,TD22,2027-10-01,LSM,16.0
GFI,Q,2026-08-28,TD22,2028-01-01,LSM,15.0
GFI,Q,2026-08-28,TD22,2028-04-01,LSM,13.0
GFI,A,2026-08-28,TD22,2027-01-01,LSM,18.25
GFI,A,2026-08-28,TD22,2028-01-01,LSM,13.0
GFI,A,2026-08-28,TD22,2029-01-01,LSM,12.5
GFI,BAL,2026-08-28,TD25E,2026-08-01,WSC,200.51
GFI,M,2026-08-28,TD25E,2026-08-01,WSC,299.46
GFI,M,2026-08-28,TD25E,2026-09-01,WSC,266.46
GFI,M,2026-08-28,TD25E,2026-10-01,WSC,286.46
GFI,M,2026-08-28,TD25E,2026-11-01,WSC,285.46
GFI,M,2026-08-28,TD25E,2026-12-01,WSC,284.46
GFI,M,2026-08-28,TD25E,2027-01-01,WSC,230.27
GFI,M,2026-08-28,TD25E,2027-02-01,WSC,230.27
GFI,M,2026-08-28,TD25E,2027-03-01,WSC,230.27
GFI,Q,2026-08-28,TD25E,2026-10-01,WSC,285.46
GFI,Q,2026-08-28,TD25E,2027-01-01,WSC,230.27
GFI,Q,2026-08-28,TD25E,2027-04-01,WSC,194.57
GFI,Q,2026-08-28,TD25E,2027-07-01,WSC,180.3
GFI,Q,2026-08-28,TD25E,2027-10-01,WSC,192.19
GFI,Q,2026-08-28,TD25E,2028-01-01,WSC,166.02
GFI,Q,2026-08-28,TD25E,2028-04-01,WSC,156.5
GFI,A,2026-08-28,TD25E,2027-01-01,WSC,199.33
GFI,A,2026-08-28,TD25E,2028-01-01,WSC,156.5
GFI,A,2026-08-28,TD25E,2029-01-01,WSC,142.22
GFI,BAL,2026-08-28,TD25,2026-08-01,WSC,215.05
GFI,M,2026-08-28,TD25,2026-08-01,WSC,314.0
GFI,M,2026-08-28,TD25,2026-09-01,WSC,281.0
GFI,M,2026-08-28,TD25,2026-10-01,WSC,301.0
GFI,M,2026-08-28,TD25,2026-11-01,WSC,300.0
GFI,M,2026-08-28,TD25,2026-12-01,WSC,299.0
GFI,M,2026-08-28,TD25,2027-01-01,WSC,252.26
GFI,M,2026-08-28,TD25,2027-02-01,WSC,247.5
GFI,M,2026-08-28,TD25,2027-03-01,WSC,235.6
GFI,Q,2026-08-28,TD25,2026-10-01,WSC,300.0
GFI,Q,2026-08-28,TD25,2027-01-01,WSC,245.12
GFI,Q,2026-08-28,TD25,2027-04-01,WSC,209.42
GFI,Q,2026-08-28,TD25,2027-07-01,WSC,195.15
GFI,Q,2026-08-28,TD25,2027-10-01,WSC,207.04
GFI,Q,2026-08-28,TD25,2028-01-01,WSC,180.87
GFI,Q,2026-08-28,TD25,2028-04-01,WSC,171.35
GFI,A,2026-08-28,TD25,2027-01-01,WSC,214.18
GFI,A,2026-08-28,TD25,2028-01-01,WSC,171.35
GFI,A,2026-08-28,TD25,2029-01-01,WSC,157.07
GFI,BAL,2026-08-28,TD7,2026-08-01,WSC,210.0
GFI,M,2026-08-28,TD7,2026-08-01,WSC,207.5
GFI,M,2026-08-28,TD7,2026-09-01,WSC,195.0
GFI,M,2026-08-28,TD7,2026-10-01,WSC,192.5
GFI,M,2026-08-28,TD7,2026-11-01,WSC,182.5
GFI,M,2026-08-28,TD7,2026-12-01,WSC,172.5
GFI,M,2026-08-28,TD7,2027-01-01,WSC,155.97
GFI,M,2026-08-28,TD7,2027-02-01,WSC,155.97
GFI,M,2026-08-28,TD7,2027-03-01,WSC,155.97
GFI,Q,2026-08-28,TD7,2026-10-01,WSC,182.5
GFI,Q,2026-08-28,TD7,2027-01-01,WSC,155.97
GFI,Q,2026-08-28,TD7,2027-04-01,WSC,144.13
GFI,Q,2026-08-28,TD7,2027-07-01,WSC,138.2
GFI,Q,2026-08-28,TD7,2027-10-01,WSC,150.05
GFI,Q,2026-08-28,TD7,2028-01-01,WSC,148.08
GFI,Q,2026-08-28,TD7,2028-04-01,WSC,128.33
GFI,A,2026-08-28,TD7,2027-01-01,WSC,147.09
GFI,A,2026-08-28,TD7,2028-01-01,WSC,128.33
GFI,A,2026-08-28,TD7,2029-01-01,WSC,125.98
GFI,M,2026-08-28,TD28,2026-08-01,LSM,2.95
GFI,M,2026-08-28,TD28,2026-09-01,LSM,2.8
GFI,M,2026-08-28,TD28,2026-10-01,LSM,3.0
GFI,M,2026-08-28,TD28,2026-11-01,LSM,3.3
GFI,M,2026-08-28,TD28,2026-12-01,LSM,3.6
GFI,M,2026-08-28,TD28,2027-01-01,LSM,2.6
GFI,M,2026-08-28,TD28,2027-02-01,LSM,2.6
GFI,M,2026-08-28,TD28,2027-03-01,LSM,2.6
GFI,Q,2026-08-28,TD28,2026-10-01,LSM,3.3
GFI,Q,2026-08-28,TD28,2027-01-01,LSM,2.6
GFI,Q,2026-08-28,TD28,2027-04-01,LSM,2.3
GFI,Q,2026-08-28,TD28,2027-07-01,LSM,2.2
GFI,Q,2026-08-28,TD28,2027-10-01,LSM,2.5
GFI,Q,2026-08-28,TD28,2028-01-01,LSM,2.7
GFI,Q,2026-08-28,TD28,2028-04-01,LSM,2.3
GFI,A,2026-08-28,TD28,2027-01-01,LSM,2.4
GFI,A,2026-08-28,TD28,2028-01-01,LSM,2.3
GFI,A,2026-08-28,TD28,2029-01-01,LSM,2.2
GFI,M,2026-08-28,TD3C,2026-08-01,PMT,105.8
GFI,M,2026-08-28,TD3C,2026-09-01,PMT,121.26
GFI,M,2026-08-28,TD3C,2026-10-01,PMT,111.96
GFI,M,2026-08-28,TD3C,2026-11-01,PMT,107.92
GFI,M,2026-08-28,TD3C,2026-12-01,PMT,103.88
GFI,M,2026-08-28,TD3C,2027-01-01,PMT,87.5
GFI,M,2026-08-28,TD3C,2027-02-01,PMT,84.0
GFI,M,2026-08-28,TD3C,2027-03-01,PMT,80.5
GFI,Q,2026-08-28,TD3C,2026-10-01,PMT,107.92
GFI,Q,2026-08-28,TD3C,2027-01-01,PMT,84.0
GFI,Q,2026-08-28,TD3C,2027-04-01,PMT,68.0
GFI,Q,2026-08-28,TD3C,2027-07-01,PMT,50.0
GFI,Q,2026-08-28,TD3C,2027-10-01,PMT,44.0
GFI,Q,2026-08-28,TD3C,2028-01-01,PMT,29.85
GFI,Q,2026-08-28,TD3C,2028-04-01,PMT,27.85
GFI,A,2026-08-28,TD3C,2027-01-01,PMT,61.5
GFI,A,2026-08-28,TD3C,2028-01-01,PMT,27.85
GFI,A,2026-08-28,TD3C,2029-01-01,PMT,19.0
GFI,M,2026-08-28,TD20,2026-08-01,PMT,43.77
GFI,M,2026-08-28,TD20,2026-09-01,PMT,40.76
GFI,M,2026-08-28,TD20,2026-10-01,PMT,42.17
GFI,M,2026-08-28,TD20,2026-11-01,PMT,40.76
GFI,M,2026-08-28,TD20,2026-12-01,PMT,38.81
GFI,M,2026-08-28,TD20,2027-01-01,PMT,36.25
GFI,M,2026-08-28,TD20,2027-02-01,PMT,32.75
GFI,M,2026-08-28,TD20,2027-03-01,PMT,29.25
GFI,Q,2026-08-28,TD20,2026-10-01,PMT,40.58
GFI,Q,2026-08-28,TD20,2027-01-01,PMT,32.75
GFI,Q,2026-08-28,TD20,2027-04-01,PMT,27.35
GFI,Q,2026-08-28,TD20,2027-07-01,PMT,21.5
GFI,Q,2026-08-28,TD20,2027-10-01,PMT,23.0
GFI,Q,2026-08-28,TD20,2028-01-01,PMT,20.75
GFI,Q,2026-08-28,TD20,2028-04-01,PMT,18.75
GFI,A,2026-08-28,TD20,2027-01-01,PMT,26.15
GFI,A,2026-08-28,TD20,2028-01-01,PMT,18.75
GFI,A,2026-08-28,TD20,2029-01-01,PMT,16.5
GFI,M,2026-08-28,TD8,2026-08-01,PMT,48.27
GFI,M,2026-08-28,TD8,2026-09-01,PMT,48.96
GFI,M,2026-08-28,TD8,2026-10-01,PMT,39.17
GFI,M,2026-08-28,TD8,2026-11-01,PMT,36.37
GFI,M,2026-08-28,TD8,2026-12-01,PMT,33.58
GFI,M,2026-08-28,TD8,2027-01-01,PMT,23.5
GFI,M,2026-08-28,TD8,2027-02-01,PMT,22.5
GFI,M,2026-08-28,TD8,2027-03-01,PMT,21.5
GFI,Q,2026-08-28,TD8,2026-10-01,PMT,36.37
GFI,Q,2026-08-28,TD8,2027-01-01,PMT,22.5
GFI,Q,2026-08-28,TD8,2027-04-01,PMT,20.5
GFI,Q,2026-08-28,TD8,2027-07-01,PMT,19.1
GFI,Q,2026-08-28,TD8,2027-10-01,PMT,21.2
GFI,Q,2026-08-28,TD8,2028-01-01,PMT,22.25
GFI,Q,2026-08-28,TD8,2028-04-01,PMT,20.25
GFI,A,2026-08-28,TD8,2027-01-01,PMT,20.82
GFI,A,2026-08-28,TD8,2028-01-01,PMT,20.25
GFI,A,2026-08-28,TD8,2029-01-01,PMT,19.7
GFI,M,2026-08-28,TD19,2026-08-01,PMT,27.69
GFI,M,2026-08-28,TD19,2026-09-01,PMT,24.08
GFI,M,2026-08-28,TD19,2026-10-01,PMT,19.87
GFI,M,2026-08-28,TD19,2026-11-01,PMT,18.42
GFI,M,2026-08-28,TD19,2026-12-01,PMT,18.06
GFI,M,2026-08-28,TD19,2027-01-01,PMT,15.75
GFI,M,2026-08-28,TD19,2027-02-01,PMT,14.75
GFI,M,2026-08-28,TD19,2027-03-01,PMT,13.75
GFI,Q,2026-08-28,TD19,2026-10-01,PMT,18.78
GFI,Q,2026-08-28,TD19,2027-01-01,PMT,14.75
GFI,Q,2026-08-28,TD19,2027-04-01,PMT,13.25
GFI,Q,2026-08-28,TD19,2027-07-01,PMT,13.0
GFI,Q,2026-08-28,TD19,2027-10-01,PMT,15.0
GFI,Q,2026-08-28,TD19,2028-01-01,PMT,15.55
GFI,Q,2026-08-28,TD19,2028-04-01,PMT,13.55
GFI,A,2026-08-28,TD19,2027-01-01,PMT,14.0
GFI,A,2026-08-28,TD19,2028-01-01,PMT,13.55
GFI,A,2026-08-28,TD19,2029-01-01,PMT,13.25
GFI,M,2026-08-28,TD22,2026-08-01,PMT,78.52
GFI,M,2026-08-28,TD22,2026-09-01,PMT,94.44
GFI,M,2026-08-28,TD22,2026-10-01,PMT,90.74
GFI,M,2026-08-28,TD22,2026-11-01,PMT,84.26
GFI,M,2026-08-28,TD22,2026-12-01,PMT,83.33
GFI,M,2026-08-28,TD22,2027-01-01,PMT,82.41
GFI,M,2026-08-28,TD22,2027-02-01,PMT,81.48
GFI,M,2026-08-28,TD22,2027-03-01,PMT,80.56
GFI,Q,2026-08-28,TD22,2026-10-01,PMT,86.11
GFI,Q,2026-08-28,TD22,2027-01-01,PMT,81.48
GFI,Q,2026-08-28,TD22,2027-04-01,PMT,74.07
GFI,Q,2026-08-28,TD22,2027-07-01,PMT,55.56
GFI,Q,2026-08-28,TD22,2027-10-01,PMT,59.26
GFI,Q,2026-08-28,TD22,2028-01-01,PMT,55.56
GFI,Q,2026-08-28,TD22,2028-04-01,PMT,48.15
GFI,A,2026-08-28,TD22,2027-01-01,PMT,67.59
GFI,A,2026-08-28,TD22,2028-01-01,PMT,48.15
GFI,A,2026-08-28,TD22,2029-01-01,PMT,46.3
GFI,BAL,2026-08-28,TD25E,2026-08-01,PMT,42.13
GFI,M,2026-08-28,TD25E,2026-08-01,PMT,62.92
GFI,M,2026-08-28,TD25E,2026-09-01,PMT,55.98
GFI,M,2026-08-28,TD25E,2026-10-01,PMT,60.19
GFI,M,2026-08-28,TD25E,2026-11-01,PMT,59.98
GFI,M,2026-08-28,TD25E,2026-12-01,PMT,59.77
GFI,M,2026-08-28,TD25E,2027-01-01,PMT,48.38
GFI,M,2026-08-28,TD25E,2027-02-01,PMT,48.38
GFI,M,2026-08-28,TD25E,2027-03-01,PMT,48.38
GFI,Q,2026-08-28,TD25E,2026-10-01,PMT,59.98
GFI,Q,2026-08-28,TD25E,2027-01-01,PMT,48.38
GFI,Q,2026-08-28,TD25E,2027-04-01,PMT,40.88
GFI,Q,2026-08-28,TD25E,2027-07-01,PMT,37.88
GFI,Q,2026-08-28,TD25E,2027-10-01,PMT,40.38
GFI,Q,2026-08-28,TD25E,2028-01-01,PMT,34.88
GFI,Q,2026-08-28,TD25E,2028-04-01,PMT,32.88
GFI,A,2026-08-28,TD25E,2027-01-01,PMT,41.88
GFI,A,2026-08-28,TD25E,2028-01-01,PMT,32.88
GFI,A,2026-08-28,TD25E,2029-01-01,PMT,29.88
GFI,BAL,2026-08-28,TD25,2026-08-01,PMT,45.18
GFI,M,2026-08-28,TD25,2026-08-01,PMT,65.97
GFI,M,2026-08-28,TD25,2026-09-01,PMT,59.04
GFI,M,2026-08-28,TD25,2026-10-01,PMT,63.24
GFI,M,2026-08-28,TD25,2026-11-01,PMT,63.03
GFI,M,2026-08-28,TD25,2026-12-01,PMT,62.82
GFI,M,2026-08-28,TD25,2027-01-01,PMT,53.0
GFI,M,2026-08-28,TD25,2027-02-01,PMT,52.0
GFI,M,2026-08-28,TD25,2027-03-01,PMT,49.5
GFI,Q,2026-08-28,TD25,2026-10-01,PMT,63.03
GFI,Q,2026-08-28,TD25,2027-01-01,PMT,51.5
GFI,Q,2026-08-28,TD25,2027-04-01,PMT,44.0
GFI,Q,2026-08-28,TD25,2027-07-01,PMT,41.0
GFI,Q,2026-08-28,TD25,2027-10-01,PMT,43.5
GFI,Q,2026-08-28,TD25,2028-01-01,PMT,38.0
GFI,Q,2026-08-28,TD25,2028-04-01,PMT,36.0
GFI,A,2026-08-28,TD25,2027-01-01,PMT,45.0
GFI,A,2026-08-28,TD25,2028-01-01,PMT,36.0
GFI,A,2026-08-28,TD25,2029-01-01,PMT,33.0
GFI,BAL,2026-08-28,TD7,2026-08-01,PMT,22.32
GFI,M,2026-08-28,TD7,2026-08-01,PMT,22.06
GFI,M,2026-08-28,TD7,2026-09-01,PMT,20.73
GFI,M,2026-08-28,TD7,2026-10-01,PMT,20.46
GFI,M,2026-08-28,TD7,2026-11-01,PMT,19.4
GFI,M,2026-08-28,TD7,2026-12-01,PMT,18.34
GFI,M,2026-08-28,TD7,2027-01-01,PMT,16.58
GFI,M,2026-08-28,TD7,2027-02-01,PMT,16.58
GFI,M,2026-08-28,TD7,2027-03-01,PMT,16.58
GFI,Q,2026-08-28,TD7,2026-10-01,PMT,19.4
GFI,Q,2026-08-28,TD7,2027-01-01,PMT,16.58
GFI,Q,2026-08-28,TD7,2027-04-01,PMT,15.32
GFI,Q,2026-08-28,TD7,2027-07-01,PMT,14.69
GFI,Q,2026-08-28,TD7,2027-10-01,PMT,15.95
GFI,Q,2026-08-28,TD7,2028-01-01,PMT,15.74
GFI,Q,2026-08-28,TD7,2028-04-01,PMT,13.64
GFI,A,2026-08-28,TD7,2027-01-01,PMT,15.64
GFI,A,2026-08-28,TD7,2028-01-01,PMT,13.64
GFI,A,2026-08-28,TD7,2029-01-01,PMT,13.39
GFI,M,2026-08-28,TD28,2026-08-01,PMT,36.88
GFI,M,2026-08-28,TD28,2026-09-01,PMT,35.0
GFI,M,2026-08-28,TD28,2026-10-01,PMT,37.5
GFI,M,2026-08-28,TD28,2026-11-01,PMT,41.25
GFI,M,2026-08-28,TD28,2026-12-01,PMT,45.0
GFI,M,2026-08-28,TD28,2027-01-01,PMT,32.5
GFI,M,2026-08-28,TD28,2027-02-01,PMT,32.5
GFI,M,2026-08-28,TD28,2027-03-01,PMT,32.5
GFI,Q,2026-08-28,TD28,2026-10-01,PMT,41.25
GFI,Q,2026-08-28,TD28,2027-01-01,PMT,32.5
GFI,Q,2026-08-28,TD28,2027-04-01,PMT,28.75
GFI,Q,2026-08-28,TD28,2027-07-01,PMT,27.5
GFI,Q,2026-08-28,TD28,2027-10-01,PMT,31.25
GFI,Q,2026-08-28,TD28,2028-01-01,PMT,33.75
GFI,Q,2026-08-28,TD28,2028-04-01,PMT,28.75
GFI,A,2026-08-28,TD28,2027-01-01,PMT,30.0
GFI,A,2026-08-28,TD28,2028-01-01,PMT,28.75
GFI,A,2026-08-28,TD28,2029-01-01,PMT,27.5
GFI,WSFR,2026-08-28,TD3C,2026-08-01,WSFR,20.21
GFI,WSFR,2026-08-28,TD20,2026-08-01,WSFR,17.72
GFI,WSFR,2026-08-28,TD8,2026-08-01,WSFR,13.99
GFI,WSFR,2026-08-28,TD19,2026-08-01,WSFR,12.04
GFI,WSFR,2026-08-28,TD25E,2026-08-01,WSFR,21.01
GFI,WSFR,2026-08-28,TD25,2026-08-01,WSFR,21.01
GFI,WSFR,2026-08-28,TD7,2026-08-01,WSFR,10.63
GFI,BITR,2026-08-28,TD3C,2026-08-01,WSC,631.67
GFI,BITR,2026-08-28,TD7,2026-08-01,WSC,211.25
GFI,BITR,2026-08-28,TD8,2026-08-01,WSC,360.0
GFI,BITR,2026-08-28,TD19,2026-08-01,WSC,265.56
GFI,BITR,2026-08-28,TD20,2026-08-01,WSC,212.78
GFI,BITR,2026-08-28,TD22,2026-08-01,LSM,24.33
GFI,BITR,2026-08-28,TD25,2026-08-01,WSC,216.67
GFI,BAL,2026-09-01,TD3C,2026-09-01,WSC,628.97
GFI,M,2026-09-01,TD3C,2026-09-01,WSC,630.0
GFI,M,2026-09-01,TD3C,2026-10-01,WSC,600.0
GFI,M,2026-09-01,TD3C,2026-11-01,WSC,570.0
GFI,M,2026-09-01,TD3C,2026-12-01,WSC,540.0
GFI,M,2026-09-01,TD3C,2027-01-01,WSC,445.32
GFI,M,2026-09-01,TD3C,2027-02-01,WSC,428.01
GFI,M,2026-09-01,TD3C,2027-03-01,WSC,410.69
GFI,M,2026-09-01,TD3C,2027-04-01,WSC,338.94
GFI,Q,2026-09-01,TD3C,2026-10-01,WSC,570.0
GFI,Q,2026-09-01,TD3C,2027-01-01,WSC,428.01
GFI,Q,2026-09-01,TD3C,2027-04-01,WSC,338.94
GFI,Q,2026-09-01,TD3C,2027-07-01,WSC,257.3
GFI,Q,2026-09-01,TD3C,2027-10-01,WSC,222.66
GFI,Q,2026-09-01,TD3C,2028-01-01,WSC,147.7
GFI,Q,2026-09-01,TD3C,2028-04-01,WSC,137.8
GFI,A,2026-09-01,TD3C,2027-01-01,WSC,311.73
GFI,A,2026-09-01,TD3C,2028-01-01,WSC,137.8
GFI,A,2026-09-01,TD3C,2029-01-01,WSC,94.01
GFI,BAL,2026-09-01,TD20,2026-09-01,WSC,211.12
GFI,M,2026-09-01,TD20,2026-09-01,WSC,210.0
GFI,M,2026-09-01,TD20,2026-10-01,WSC,232.0
GFI,M,2026-09-01,TD20,2026-11-01,WSC,228.0
GFI,M,2026-09-01,TD20,2026-12-01,WSC,215.0
GFI,M,2026-09-01,TD20,2027-01-01,WSC,208.8
GFI,M,2026-09-01,TD20,2027-02-01,WSC,189.05
GFI,M,2026-09-01,TD20,2027-03-01,WSC,169.3
GFI,M,2026-09-01,TD20,2027-04-01,WSC,153.78
GFI,Q,2026-09-01,TD20,2026-10-01,WSC,225.0
GFI,Q,2026-09-01,TD20,2027-01-01,WSC,189.05
GFI,Q,2026-09-01,TD20,2027-04-01,WSC,153.78
GFI,Q,2026-09-01,TD20,2027-07-01,WSC,122.74
GFI,Q,2026-09-01,TD20,2027-10-01,WSC,132.62
GFI,Q,2026-09-01,TD20,2028-01-01,WSC,117.1
GFI,Q,2026-09-01,TD20,2028-04-01,WSC,105.81
GFI,A,2026-09-01,TD20,2027-01-01,WSC,149.55
GFI,A,2026-09-01,TD20,2028-01-01,WSC,105.81
GFI,A,2026-09-01,TD20,2029-01-01,WSC,93.12
GFI,BAL,2026-09-01,TD8,2026-09-01,WSC,349.56
GFI,M,2026-09-01,TD8,2026-09-01,WSC,350.0
GFI,M,2026-09-01,TD8,2026-10-01,WSC,280.0
GFI,M,2026-09-01,TD8,2026-11-01,WSC,260.0
GFI,M,2026-09-01,TD8,2026-12-01,WSC,240.0
GFI,M,2026-09-01,TD8,2027-01-01,WSC,167.98
GFI,M,2026-09-01,TD8,2027-02-01,WSC,160.83
GFI,M,2026-09-01,TD8,2027-03-01,WSC,153.68
GFI,M,2026-09-01,TD8,2027-04-01,WSC,146.53
GFI,Q,2026-09-01,TD8,2026-10-01,WSC,260.0
GFI,Q,2026-09-01,TD8,2027-01-01,WSC,160.83
GFI,Q,2026-09-01,TD8,2027-04-01,WSC,146.53
GFI,Q,2026-09-01,TD8,2027-07-01,WSC,136.53
GFI,Q,2026-09-01,TD8,2027-10-01,WSC,151.54
GFI,Q,2026-09-01,TD8,2028-01-01,WSC,159.04
GFI,Q,2026-09-01,TD8,2028-04-01,WSC,144.75
GFI,A,2026-09-01,TD8,2027-01-01,WSC,148.86
GFI,A,2026-09-01,TD8,2028-01-01,WSC,144.75
GFI,A,2026-09-01,TD8,2029-01-01,WSC,140.81
GFI,BAL,2026-09-01,TD19,2026-09-01,WSC,198.31
GFI,M,2026-09-01,TD19,2026-09-01,WSC,200.0
GFI,M,2026-09-01,TD19,2026-10-01,WSC,165.0
GFI,M,2026-09-01,TD19,2026-11-01,WSC,153.0
GFI,M,2026-09-01,TD19,2026-12-01,WSC,150.0
GFI,M,2026-09-01,TD19,2027-01-01,WSC,130.81
GFI,M,2026-09-01,TD19,2027-02-01,WSC,122.51
GFI,M,2026-09-01,TD19,2027-03-01,WSC,114.2
GFI,M,2026-09-01,TD19,2027-04-01,WSC,110.05
GFI,Q,2026-09-01,TD19,2026-10-01,WSC,156.0
GFI,Q,2026-09-01,TD19,2027-01-01,WSC,122.51
GFI,Q,2026-09-01,TD19,2027-04-01,WSC,110.05
GFI,Q,2026-09-01,TD19,2027-07-01,WSC,107.97
GFI,Q,2026-09-01,TD19,2027-10-01,WSC,124.58
GFI,Q,2026-09-01,TD19,2028-01-01,WSC,129.15
GFI,Q,2026-09-01,TD19,2028-04-01,WSC,112.54
GFI,A,2026-09-01,TD19,2027-01-01,WSC,116.28
GFI,A,2026-09-01,TD19,2028-01-01,WSC,112.54
GFI,A,2026-09-01,TD19,2029-01-01,WSC,110.05
GFI,BAL,2026-09-01,TD22,2026-09-01,LSM,25.55
GFI,M,2026-09-01,TD22,2026-09-01,LSM,25.5
GFI,M,2026-09-01,TD22,2026-10-01,LSM,24.5
GFI,M,2026-09-01,TD22,2026-11-01,LSM,22.75
GFI,M,2026-09-01,TD22,2026-12-01,LSM,22.5
GFI,M,2026-09-01,TD22,2027-01-01,LSM,22.25
GFI,M,2026-09-01,TD22,2027-02-01,LSM,22.0
GFI,M,2026-09-01,TD22,2027-03-01,LSM,21.75
GFI,M,2026-09-01,TD22,2027-04-01,LSM,20.0
GFI,Q,2026-09-01,TD22,2026-10-01,LSM,23.25
GFI,Q,2026-09-01,TD22,2027-01-01,LSM,22.0
GFI,Q,2026-09-01,TD22,2027-04-01,LSM,20.0
GFI,Q,2026-09-01,TD22,2027-07-01,LSM,15.0
GFI,Q,2026-09-01,TD22,2027-10-01,LSM,16.0
GFI,Q,2026-09-01,TD22,2028-01-01,LSM,15.0
GFI,Q,2026-09-01,TD22,2028-04-01,LSM,13.0
GFI,A,2026-09-01,TD22,2027-01-01,LSM,18.25
GFI,A,2026-09-01,TD22,2028-01-01,LSM,13.0
GFI,A,2026-09-01,TD22,2029-01-01,LSM,12.5
GFI,M,2026-09-01,TD25E,2026-09-01,WSC,262.96
GFI,M,2026-09-01,TD25E,2026-10-01,WSC,285.46
GFI,M,2026-09-01,TD25E,2026-11-01,WSC,285.46
GFI,M,2026-09-01,TD25E,2026-12-01,WSC,284.46
GFI,M,2026-09-01,TD25E,2027-01-01,WSC,239.31
GFI,M,2026-09-01,TD25E,2027-02-01,WSC,239.31
GFI,M,2026-09-01,TD25E,2027-03-01,WSC,239.31
GFI,M,2026-09-01,TD25E,2027-04-01,WSC,195.53
GFI,Q,2026-09-01,TD25E,2026-10-01,WSC,285.13
GFI,Q,2026-09-01,TD25E,2027-01-01,WSC,239.31
GFI,Q,2026-09-01,TD25E,2027-04-01,WSC,195.53
GFI,Q,2026-09-01,TD25E,2027-07-01,WSC,175.54
GFI,Q,2026-09-01,TD25E,2027-10-01,WSC,196.95
GFI,Q,2026-09-01,TD25E,2028-01-01,WSC,167.21
GFI,Q,2026-09-01,TD25E,2028-04-01,WSC,157.69
GFI,A,2026-09-01,TD25E,2027-01-01,WSC,201.83
GFI,A,2026-09-01,TD25E,2028-01-01,WSC,157.69
GFI,A,2026-09-01,TD25E,2029-01-01,WSC,142.22
GFI,M,2026-09-01,TD25,2026-09-01,WSC,277.5
GFI,M,2026-09-01,TD25,2026-10-01,WSC,300.0
GFI,M,2026-09-01,TD25,2026-11-01,WSC,300.0
GFI,M,2026-09-01,TD25,2026-12-01,WSC,299.0
GFI,M,2026-09-01,TD25,2027-01-01,WSC,261.3
GFI,M,2026-09-01,TD25,2027-02-01,WSC,256.54
GFI,M,2026-09-01,TD25,2027-03-01,WSC,244.65
GFI,M,2026-09-01,TD25,2027-04-01,WSC,219.9
GFI,Q,2026-09-01,TD25,2026-10-01,WSC,299.67
GFI,Q,2026-09-01,TD25,2027-01-01,WSC,254.16
GFI,Q,2026-09-01,TD25,2027-04-01,WSC,210.38
GFI,Q,2026-09-01,TD25,2027-07-01,WSC,190.39
GFI,Q,2026-09-01,TD25,2027-10-01,WSC,211.8
GFI,Q,2026-09-01,TD25,2028-01-01,WSC,182.06
GFI,Q,2026-09-01,TD25,2028-04-01,WSC,172.54
GFI,A,2026-09-01,TD25,2027-01-01,WSC,216.68
GFI,A,2026-09-01,TD25,2028-01-01,WSC,172.54
GFI,A,2026-09-01,TD25,2029-01-01,WSC,157.07
GFI,M,2026-09-01,TD7,2026-09-01,WSC,195.0
GFI,M,2026-09-01,TD7,2026-10-01,WSC,192.5
GFI,M,2026-09-01,TD7,2026-11-01,WSC,182.5
GFI,M,2026-09-01,TD7,2026-12-01,WSC,172.5
GFI,M,2026-09-01,TD7,2027-01-01,WSC,155.97
GFI,M,2026-09-01,TD7,2027-02-01,WSC,155.97
GFI,M,2026-09-01,TD7,2027-03-01,WSC,155.97
GFI,M,2026-09-01,TD7,2027-04-01,WSC,144.13
GFI,Q,2026-09-01,TD7,2026-10-01,WSC,182.5
GFI,Q,2026-09-01,TD7,2027-01-01,WSC,155.97
GFI,Q,2026-09-01,TD7,2027-04-01,WSC,144.13
GFI,Q,2026-09-01,TD7,2027-07-01,WSC,138.2
GFI,Q,2026-09-01,TD7,2027-10-01,WSC,150.05
GFI,Q,2026-09-01,TD7,2028-01-01,WSC,148.08
GFI,Q,2026-09-01,TD7,2028-04-01,WSC,128.33
GFI,A,2026-09-01,TD7,2027-01-01,WSC,147.09
GFI,A,2026-09-01,TD7,2028-01-01,WSC,128.33
GFI,A,2026-09-01,TD7,2029-01-01,WSC,125.98
GFI,BAL,2026-09-01,TD28,2026-09-01,LSM,2.78
GFI,M,2026-09-01,TD28,2026-09-01,LSM,2.8
GFI,M,2026-09-01,TD28,2026-10-01,LSM,3.0
GFI,M,2026-09-01,TD28,2026-11-01,LSM,3.3
GFI,M,2026-09-01,TD28,2026-12-01,LSM,3.6
GFI,M,2026-09-01,TD28,2027-01-01,LSM,2.6
GFI,M,2026-09-01,TD28,2027-02-01,LSM,2.6
GFI,M,2026-09-01,TD28,2027-03-01,LSM,2.6
GFI,M,2026-09-01,TD28,2027-04-01,LSM,2.3
GFI,Q,2026-09-01,TD28,2026-10-01,LSM,3.3
GFI,Q,2026-09-01,TD28,2027-01-01,LSM,2.6
GFI,Q,2026-09-01,TD28,2027-04-01,LSM,2.3
GFI,Q,2026-09-01,TD28,2027-07-01,LSM,2.2
GFI,Q,2026-09-01,TD28,2027-10-01,LSM,2.5
GFI,Q,2026-09-01,TD28,2028-01-01,LSM,2.7
GFI,Q,2026-09-01,TD28,2028-04-01,LSM,2.3
GFI,A,2026-09-01,TD28,2027-01-01,LSM,2.4
GFI,A,2026-09-01,TD28,2028-01-01,LSM,2.3
GFI,A,2026-09-01,TD28,2029-01-01,LSM,2.2
GFI,BAL,2026-09-01,TD3C,2026-09-01,PMT,127.11
GFI,M,2026-09-01,TD3C,2026-09-01,PMT,127.32
GFI,M,2026-09-01,TD3C,2026-10-01,PMT,121.26
GFI,M,2026-09-01,TD3C,2026-11-01,PMT,115.2
GFI,M,2026-09-01,TD3C,2026-12-01,PMT,109.13
GFI,M,2026-09-01,TD3C,2027-01-01,PMT,90.0
GFI,M,2026-09-01,TD3C,2027-02-01,PMT,86.5
GFI,M,2026-09-01,TD3C,2027-03-01,PMT,83.0
GFI,M,2026-09-01,TD3C,2027-04-01,PMT,68.5
GFI,Q,2026-09-01,TD3C,2026-10-01,PMT,115.2
GFI,Q,2026-09-01,TD3C,2027-01-01,PMT,86.5
GFI,Q,2026-09-01,TD3C,2027-04-01,PMT,68.5
GFI,Q,2026-09-01,TD3C,2027-07-01,PMT,52.0
GFI,Q,2026-09-01,TD3C,2027-10-01,PMT,45.0
GFI,Q,2026-09-01,TD3C,2028-01-01,PMT,29.85
GFI,Q,2026-09-01,TD3C,2028-04-01,PMT,27.85
GFI,A,2026-09-01,TD3C,2027-01-01,PMT,63.0
GFI,A,2026-09-01,TD3C,2028-01-01,PMT,27.85
GFI,A,2026-09-01,TD3C,2029-01-01,PMT,19.0
GFI,BAL,2026-09-01,TD20,2026-09-01,PMT,37.41
GFI,M,2026-09-01,TD20,2026-09-01,PMT,37.21
GFI,M,2026-09-01,TD20,2026-10-01,PMT,41.11
GFI,M,2026-09-01,TD20,2026-11-01,PMT,40.4
GFI,M,2026-09-01,TD20,2026-12-01,PMT,38.1
GFI,M,2026-09-01,TD20,2027-01-01,PMT,37.0
GFI,M,2026-09-01,TD20,2027-02-01,PMT,33.5
GFI,M,2026-09-01,TD20,2027-03-01,PMT,30.0
GFI,M,2026-09-01,TD20,2027-04-01,PMT,27.25
GFI,Q,2026-09-01,TD20,2026-10-01,PMT,39.87
GFI,Q,2026-09-01,TD20,2027-01-01,PMT,33.5
GFI,Q,2026-09-01,TD20,2027-04-01,PMT,27.25
GFI,Q,2026-09-01,TD20,2027-07-01,PMT,21.75
GFI,Q,2026-09-01,TD20,2027-10-01,PMT,23.5
GFI,Q,2026-09-01,TD20,2028-01-01,PMT,20.75
GFI,Q,2026-09-01,TD20,2028-04-01,PMT,18.75
GFI,A,2026-09-01,TD20,2027-01-01,PMT,26.5
GFI,A,2026-09-01,TD20,2028-01-01,PMT,18.75
GFI,A,2026-09-01,TD20,2029-01-01,PMT,16.5
GFI,BAL,2026-09-01,TD8,2026-09-01,PMT,48.9
GFI,M,2026-09-01,TD8,2026-09-01,PMT,48.96
GFI,M,2026-09-01,TD8,2026-10-01,PMT,39.17
GFI,M,2026-09-01,TD8,2026-11-01,PMT,36.37
GFI,M,2026-09-01,TD8,2026-12-01,PMT,33.58
GFI,M,2026-09-01,TD8,2027-01-01,PMT,23.5
GFI,M,2026-09-01,TD8,2027-02-01,PMT,22.5
GFI,M,2026-09-01,TD8,2027-03-01,PMT,21.5
GFI,M,2026-09-01,TD8,2027-04-01,PMT,20.5
GFI,Q,2026-09-01,TD8,2026-10-01,PMT,36.37
GFI,Q,2026-09-01,TD8,2027-01-01,PMT,22.5
GFI,Q,2026-09-01,TD8,2027-04-01,PMT,20.5
GFI,Q,2026-09-01,TD8,2027-07-01,PMT,19.1
GFI,Q,2026-09-01,TD8,2027-10-01,PMT,21.2
GFI,Q,2026-09-01,TD8,2028-01-01,PMT,22.25
GFI,Q,2026-09-01,TD8,2028-04-01,PMT,20.25
GFI,A,2026-09-01,TD8,2027-01-01,PMT,20.82
GFI,A,2026-09-01,TD8,2028-01-01,PMT,20.25
GFI,A,2026-09-01,TD8,2029-01-01,PMT,19.7
GFI,BAL,2026-09-01,TD19,2026-09-01,PMT,23.88
GFI,M,2026-09-01,TD19,2026-09-01,PMT,24.08
GFI,M,2026-09-01,TD19,2026-10-01,PMT,19.87
GFI,M,2026-09-01,TD19,2026-11-01,PMT,18.42
GFI,M,2026-09-01,TD19,2026-12-01,PMT,18.06
GFI,M,2026-09-01,TD19,2027-01-01,PMT,15.75
GFI,M,2026-09-01,TD19,2027-02-01,PMT,14.75
GFI,M,2026-09-01,TD19,2027-03-01,PMT,13.75
GFI,M,2026-09-01,TD19,2027-04-01,PMT,13.25
GFI,Q,2026-09-01,TD19,2026-10-01,PMT,18.78
GFI,Q,2026-09-01,TD19,2027-01-01,PMT,14.75
GFI,Q,2026-09-01,TD19,2027-04-01,PMT,13.25
GFI,Q,2026-09-01,TD19,2027-07-01,PMT,13.0
GFI,Q,2026-09-01,TD19,2027-10-01,PMT,15.0
GFI,Q,2026-09-01,TD19,2028-01-01,PMT,15.55
GFI,Q,2026-09-01,TD19,2028-04-01,PMT,13.55
GFI,A,2026-09-01,TD19,2027-01-01,PMT,14.0
GFI,A,2026-09-01,TD19,2028-01-01,PMT,13.55
GFI,A,2026-09-01,TD19,2029-01-01,PMT,13.25
GFI,BAL,2026-09-01,TD22,2026-09-01,PMT,94.62
GFI,M,2026-09-01,TD22,2026-09-01,PMT,94.44
GFI,M,2026-09-01,TD22,2026-10-01,PMT,90.74
GFI,M,2026-09-01,TD22,2026-11-01,PMT,84.26
GFI,M,2026-09-01,TD22,2026-12-01,PMT,83.33
GFI,M,2026-09-01,TD22,2027-01-01,PMT,82.41
GFI,M,2026-09-01,TD22,2027-02-01,PMT,81.48
GFI,M,2026-09-01,TD22,2027-03-01,PMT,80.56
GFI,M,2026-09-01,TD22,2027-04-01,PMT,74.07
GFI,Q,2026-09-01,TD22,2026-10-01,PMT,86.11
GFI,Q,2026-09-01,TD22,2027-01-01,PMT,81.48
GFI,Q,2026-09-01,TD22,2027-04-01,PMT,74.07
GFI,Q,2026-09-01,TD22,2027-07-01,PMT,55.56
GFI,Q,2026-09-01,TD22,2027-10-01,PMT,59.26
GFI,Q,2026-09-01,TD22,2028-01-01,PMT,55.56
GFI,Q,2026-09-01,TD22,2028-04-01,PMT,48.15
GFI,A,2026-09-01,TD22,2027-01-01,PMT,67.59
GFI,A,2026-09-01,TD22,2028-01-01,PMT,48.15
GFI,A,2026-09-01,TD22,2029-01-01,PMT,46.3
GFI,M,2026-09-01,TD25E,2026-09-01,PMT,55.25
GFI,M,2026-09-01,TD25E,2026-10-01,PMT,59.98
GFI,M,2026-09-01,TD25E,2026-11-01,PMT,59.98
GFI,M,2026-09-01,TD25E,2026-12-01,PMT,59.77
GFI,M,2026-09-01,TD25E,2027-01-01,PMT,50.28
GFI,M,2026-09-01,TD25E,2027-02-01,PMT,50.28
GFI,M,2026-09-01,TD25E,2027-03-01,PMT,50.28
GFI,M,2026-09-01,TD25E,2027-04-01,PMT,41.08
GFI,Q,2026-09-01,TD25E,2026-10-01,PMT,59.91
GFI,Q,2026-09-01,TD25E,2027-01-01,PMT,50.28
GFI,Q,2026-09-01,TD25E,2027-04-01,PMT,41.08
GFI,Q,2026-09-01,TD25E,2027-07-01,PMT,36.88
GFI,Q,2026-09-01,TD25E,2027-10-01,PMT,41.38
GFI,Q,2026-09-01,TD25E,2028-01-01,PMT,35.13
GFI,Q,2026-09-01,TD25E,2028-04-01,PMT,33.13
GFI,A,2026-09-01,TD25E,2027-01-01,PMT,42.4
GFI,A,2026-09-01,TD25E,2028-01-01,PMT,33.13
GFI,A,2026-09-01,TD25E,2029-01-01,PMT,29.88
GFI,M,2026-09-01,TD25,2026-09-01,PMT,58.3
GFI,M,2026-09-01,TD25,2026-10-01,PMT,63.03
GFI,M,2026-09-01,TD25,2026-11-01,PMT,63.03
GFI,M,2026-09-01,TD25,2026-12-01,PMT,62.82
GFI,M,2026-09-01,TD25,2027-01-01,PMT,54.9
GFI,M,2026-09-01,TD25,2027-02-01,PMT,53.9
GFI,M,2026-09-01,TD25,2027-03-01,PMT,51.4
GFI,M,2026-09-01,TD25,2027-04-01,PMT,46.2
GFI,Q,2026-09-01,TD25,2026-10-01,PMT,62.96
GFI,Q,2026-09-01,TD25,2027-01-01,PMT,53.4
GFI,Q,2026-09-01,TD25,2027-04-01,PMT,44.2
GFI,Q,2026-09-01,TD25,2027-07-01,PMT,40.0
GFI,Q,2026-09-01,TD25,2027-10-01,PMT,44.5
GFI,Q,2026-09-01,TD25,2028-01-01,PMT,38.25
GFI,Q,2026-09-01,TD25,2028-04-01,PMT,36.25
GFI,A,2026-09-01,TD25,2027-01-01,PMT,45.52
GFI,A,2026-09-01,TD25,2028-01-01,PMT,36.25
GFI,A,2026-09-01,TD25,2029-01-01,PMT,33.0
GFI,M,2026-09-01,TD7,2026-09-01,PMT,20.73
GFI,M,2026-09-01,TD7,2026-10-01,PMT,20.46
GFI,M,2026-09-01,TD7,2026-11-01,PMT,19.4
GFI,M,2026-09-01,TD7,2026-12-01,PMT,18.34
GFI,M,2026-09-01,TD7,2027-01-01,PMT,16.58
GFI,M,2026-09-01,TD7,2027-02-01,PMT,16.58
GFI,M,2026-09-01,TD7,2027-03-01,PMT,16.58
GFI,M,2026-09-01,TD7,2027-04-01,PMT,15.32
GFI,Q,2026-09-01,TD7,2026-10-01,PMT,19.4
GFI,Q,2026-09-01,TD7,2027-01-01,PMT,16.58
GFI,Q,2026-09-01,TD7,2027-04-01,PMT,15.32
GFI,Q,2026-09-01,TD7,2027-07-01,PMT,14.69
GFI,Q,2026-09-01,TD7,2027-10-01,PMT,15.95
GFI,Q,2026-09-01,TD7,2028-01-01,PMT,15.74
GFI,Q,2026-09-01,TD7,2028-04-01,PMT,13.64
GFI,A,2026-09-01,TD7,2027-01-01,PMT,15.64
GFI,A,2026-09-01,TD7,2028-01-01,PMT,13.64
GFI,A,2026-09-01,TD7,2029-01-01,PMT,13.39
GFI,BAL,2026-09-01,TD28,2026-09-01,PMT,34.75
GFI,M,2026-09-01,TD28,2026-09-01,PMT,35.0
GFI,M,2026-09-01,TD28,2026-10-01,PMT,37.5
GFI,M,2026-09-01,TD28,2026-11-01,PMT,41.25
GFI,M,2026-09-01,TD28,2026-12-01,PMT,45.0
GFI,M,2026-09-01,TD28,2027-01-01,PMT,32.5
GFI,M,2026-09-01,TD28,2027-02-01,PMT,32.5
GFI,M,2026-09-01,TD28,2027-03-01,PMT,32.5
GFI,M,2026-09-01,TD28,2027-04-01,PMT,28.75
GFI,Q,2026-09-01,TD28,2026-10-01,PMT,41.25
GFI,Q,2026-09-01,TD28,2027-01-01,PMT,32.5
GFI,Q,2026-09-01,TD28,2027-04-01,PMT,28.75
GFI,Q,2026-09-01,TD28,2027-07-01,PMT,27.5
GFI,Q,2026-09-01,TD28,2027-10-01,PMT,31.25
GFI,Q,2026-09-01,TD28,2028-01-01,PMT,33.75
GFI,Q,2026-09-01,TD28,2028-04-01,PMT,28.75
GFI,A,2026-09-01,TD28,2027-01-01,PMT,30.0
GFI,A,2026-09-01,TD28,2028-01-01,PMT,28.75
GFI,A,2026-09-01,TD28,2029-01-01,PMT,27.5
GFI,WSFR,2026-09-01,TD3C,2026-09-01,WSFR,20.21
GFI,WSFR,2026-09-01,TD20,2026-09-01,WSFR,17.72
GFI,WSFR,2026-09-01,TD8,2026-09-01,WSFR,13.99
GFI,WSFR,2026-09-01,TD19,2026-09-01,WSFR,12.04
GFI,WSFR,2026-09-01,TD25E,2026-09-01,WSFR,21.01
GFI,WSFR,2026-09-01,TD25,2026-09-01,WSFR,21.01
GFI,WSFR,2026-09-01,TD7,2026-09-01,WSFR,10.63
GFI,BITR,2026-09-01,TD3C,2026-09-01,WSC,651.67
GFI,BITR,2026-09-01,TD7,2026-09-01,WSC,208.33
GFI,BITR,2026-09-01,TD8,2026-09-01,WSC,359.17
GFI,BITR,2026-09-01,TD19,2026-09-01,WSC,235.44
GFI,BITR,2026-09-01,TD20,2026-09-01,WSC,186.39
GFI,BITR,2026-09-01,TD22,2026-09-01,LSM,24.53
GFI,BITR,2026-09-01,TD25,2026-09-01,WSC,219.44
